#
# There is insufficient memory for the Java Runtime Environment to continue.
# Native memory allocation (mmap) failed to map 169869312 bytes. Error detail: G1 virtual space
# Possible reasons:
#   The system is out of physical RAM or swap space
#   This process is running with CompressedOops enabled, and the Java Heap may be blocking the growth of the native heap
# Possible solutions:
#   Reduce memory load on the system
#   Increase physical memory or swap space
#   Check if swap backing store is full
#   Decrease Java heap size (-Xmx/-Xms)
#   Decrease number of Java threads
#   Decrease Java thread stack sizes (-Xss)
#   Set larger code cache with -XX:ReservedCodeCacheSize=
#   JVM is running with Unscaled Compressed Oops mode in which the Java heap is
#     placed in the first 4GB address space. The Java Heap base address is the
#     maximum limit for the native heap growth. Please use -XX:HeapBaseMinAddress
#     to set the Java Heap base and to place the Java Heap above 4GB virtual address.
# This output file may be truncated or incomplete.
#
#  Out of Memory Error (os_windows.cpp:3686), pid=7172, tid=18868
#
# JRE version: OpenJDK Runtime Environment Temurin-21.0.7+6 (21.0.7+6) (build 21.0.7+6-LTS)
# Java VM: OpenJDK 64-Bit Server VM Temurin-21.0.7+6 (21.0.7+6-LTS, mixed mode, sharing, tiered, compressed oops, compressed class ptrs, g1 gc, windows-amd64)
# No core dump will be written. Minidumps are not enabled by default on client versions of Windows
#

---------------  S U M M A R Y ------------

Command Line: --add-opens=java.base/java.lang=ALL-UNNAMED --add-opens=java.base/java.lang.invoke=ALL-UNNAMED --add-opens=java.base/java.util=ALL-UNNAMED --add-opens=java.prefs/java.util.prefs=ALL-UNNAMED --add-exports=jdk.compiler/com.sun.tools.javac.api=ALL-UNNAMED --add-exports=jdk.compiler/com.sun.tools.javac.util=ALL-UNNAMED --add-opens=java.base/java.util=ALL-UNNAMED --add-opens=java.prefs/java.util.prefs=ALL-UNNAMED --add-opens=java.base/java.nio.charset=ALL-UNNAMED --add-opens=java.base/java.net=ALL-UNNAMED --add-opens=java.base/java.util.concurrent=ALL-UNNAMED --add-opens=java.base/java.util.concurrent.atomic=ALL-UNNAMED --add-opens=java.xml/javax.xml.namespace=ALL-UNNAMED --add-opens=java.base/java.time=ALL-UNNAMED -Xmx2048m -Dfile.encoding=UTF-8 -Duser.country=BR -Duser.language=pt -Duser.variant -javaagent:C:\Users\Administrador\.gradle\wrapper\dists\gradle-9.3.1-bin\23ovyewtku6u96viwx3xl3oks\gradle-9.3.1\lib\agents\gradle-instrumentation-agent-9.3.1.jar org.gradle.launcher.daemon.bootstrap.GradleDaemon 9.3.1

Host: Intel(R) Core(TM) i5-1035G1 CPU @ 1.00GHz, 4 cores, 11G,  Windows 10 , 64 bit Build 19041 (10.0.19041.7291)
Time: Fri Jun 26 09:26:41 2026 Hora oficial do Brasil elapsed time: 107.398383 seconds (0d 0h 1m 47s)

---------------  T H R E A D  ---------------

Current thread (0x000002b92e390d40):  VMThread "VM Thread"          [id=18868, stack(0x000000e4f7900000,0x000000e4f7a00000) (1024K)]

Stack: [0x000000e4f7900000,0x000000e4f7a00000]
Native frames: (J=compiled Java code, j=interpreted, Vv=VM code, C=native code)
V  [jvm.dll+0x6ce119]
V  [jvm.dll+0x8a84a1]
V  [jvm.dll+0x8aa9ce]
V  [jvm.dll+0x8ab0b3]
V  [jvm.dll+0x27f8a6]
V  [jvm.dll+0x6ca945]
V  [jvm.dll+0x6bebea]
V  [jvm.dll+0x355eca]
V  [jvm.dll+0x35da96]
V  [jvm.dll+0x3af72e]
V  [jvm.dll+0x3af9d8]
V  [jvm.dll+0x32a05c]
V  [jvm.dll+0x32c8b6]
V  [jvm.dll+0x336aa8]
V  [jvm.dll+0x36bfcf]
V  [jvm.dll+0x8b0dcf]
V  [jvm.dll+0x8b2154]
V  [jvm.dll+0x8b2690]
V  [jvm.dll+0x8b2933]
V  [jvm.dll+0x851f6b]
V  [jvm.dll+0x6cc7dd]
C  [ucrtbase.dll+0x21bb2]
C  [KERNEL32.DLL+0x17374]
C  [ntdll.dll+0x4cc91]

VM_Operation (0x000000e4f74ff5f0): G1PauseRemark, mode: safepoint, requested by thread 0x000002b9120237e0


---------------  P R O C E S S  ---------------

Threads class SMR info:
_java_thread_list=0x000002b9006b2b10, length=99, elements={
0x000002b911fbb070, 0x000002b92e3ace80, 0x000002b92e3add90, 0x000002b92e3b66a0,
0x000002b92e3b71e0, 0x000002b92e3b7d20, 0x000002b92e3b8860, 0x000002b92e3bf700,
0x000002b92e3c46a0, 0x000002b92e421740, 0x000002b92e5dc4f0, 0x000002b975361a10,
0x000002b9752c0730, 0x000002b974617eb0, 0x000002b9756a7940, 0x000002b9756a6590,
0x000002b9756a7fd0, 0x000002b9756a8cf0, 0x000002b9766a1070, 0x000002b97669f630,
0x000002b978fc3440, 0x000002b974aa3c10, 0x000002b978fc6230, 0x000002b978fc0ce0,
0x000002b978fc47f0, 0x000002b978fc4e80, 0x000002b978fc0650, 0x000002b978fc1370,
0x000002b978fc1a00, 0x000002b974aa5650, 0x000002b974aa42a0, 0x000002b974aa1b40,
0x000002b974aa8ad0, 0x000002b974aa5ce0, 0x000002b974aa2860, 0x000002b974aa9160,
0x000002b974aa7db0, 0x000002b974aa2ef0, 0x000002b974aa6a00, 0x000002b974aa21d0,
0x000002b974aa3580, 0x000002b97906de40, 0x000002b97906c400, 0x000002b97906b6e0,
0x000002b979c0c870, 0x000002b979c093f0, 0x000002b979c0a110, 0x000002b979c0a7a0,
0x000002b979c0b4c0, 0x000002b979c0f660, 0x000002b979c08d60, 0x000002b979c0d590,
0x000002b979c0e940, 0x000002b979c0ae30, 0x000002b979c0c1e0, 0x000002b979c0cf00,
0x000002b979c0dc20, 0x000002b97f65f8c0, 0x000002b97f662020, 0x000002b97f65ff50,
0x000002b97f6640f0, 0x000002b97f665b30, 0x000002b97f663a60, 0x000002b97f65eba0,
0x000002b97faa5410, 0x000002b97faa2620, 0x000002b97fa9fec0, 0x000002b97faa1900,
0x000002b97faa2cb0, 0x000002b97faa46f0, 0x000002b97faa4d80, 0x000002b97faa0550,
0x000002b97faa3340, 0x000002b97faa39d0, 0x000002b97fa9eb10, 0x000002b97fa9ddf0,
0x000002b97faa1f90, 0x000002b97fa9e480, 0x000002b97f6626b0, 0x000002b97f65f230,
0x000002b97f6633d0, 0x000002b97f664780, 0x000002b97f660c70, 0x000002b97f661300,
0x000002b97f664e10, 0x000002b97f6654a0, 0x000002b97669dbf0, 0x000002b97669bb20,
0x000002b9742dfe90, 0x000002b9742dc380, 0x000002b9742dca10, 0x000002b9742e0520,
0x000002b9742dd0a0, 0x000002b9742dddc0, 0x000002b9742d9590, 0x000002b9742e0bb0,
0x000002b97f624b40, 0x000002b97f629a00, 0x000002b97f625ef0
}

Java Threads: ( => current thread )
  0x000002b911fbb070 JavaThread "main"                              [_thread_blocked, id=6924, stack(0x000000e4f7200000,0x000000e4f7300000) (1024K)]
  0x000002b92e3ace80 JavaThread "Reference Handler"          daemon [_thread_blocked, id=7120, stack(0x000000e4f7a00000,0x000000e4f7b00000) (1024K)]
  0x000002b92e3add90 JavaThread "Finalizer"                  daemon [_thread_blocked, id=9336, stack(0x000000e4f7b00000,0x000000e4f7c00000) (1024K)]
  0x000002b92e3b66a0 JavaThread "Signal Dispatcher"          daemon [_thread_blocked, id=16576, stack(0x000000e4f7c00000,0x000000e4f7d00000) (1024K)]
  0x000002b92e3b71e0 JavaThread "Attach Listener"            daemon [_thread_blocked, id=22292, stack(0x000000e4f7d00000,0x000000e4f7e00000) (1024K)]
  0x000002b92e3b7d20 JavaThread "Service Thread"             daemon [_thread_blocked, id=16296, stack(0x000000e4f7e00000,0x000000e4f7f00000) (1024K)]
  0x000002b92e3b8860 JavaThread "Monitor Deflation Thread"   daemon [_thread_blocked, id=11484, stack(0x000000e4f7f00000,0x000000e4f8000000) (1024K)]
  0x000002b92e3bf700 JavaThread "C2 CompilerThread0"         daemon [_thread_blocked, id=2700, stack(0x000000e4f8000000,0x000000e4f8100000) (1024K)]
  0x000002b92e3c46a0 JavaThread "C1 CompilerThread0"         daemon [_thread_blocked, id=23092, stack(0x000000e4f8100000,0x000000e4f8200000) (1024K)]
  0x000002b92e421740 JavaThread "Common-Cleaner"             daemon [_thread_blocked, id=8904, stack(0x000000e4f8200000,0x000000e4f8300000) (1024K)]
  0x000002b92e5dc4f0 JavaThread "Notification Thread"        daemon [_thread_blocked, id=15528, stack(0x000000e4f8400000,0x000000e4f8500000) (1024K)]
  0x000002b975361a10 JavaThread "Daemon health stats"               [_thread_blocked, id=15204, stack(0x000000e4f8800000,0x000000e4f8900000) (1024K)]
  0x000002b9752c0730 JavaThread "Incoming local TCP Connector on port 62493"        [_thread_in_native, id=20720, stack(0x000000e4f8900000,0x000000e4f8a00000) (1024K)]
  0x000002b974617eb0 JavaThread "Daemon periodic checks"            [_thread_blocked, id=8880, stack(0x000000e4f8a00000,0x000000e4f8b00000) (1024K)]
  0x000002b9756a7940 JavaThread "Cache worker for journal cache (C:\Users\Administrador\.gradle\caches\journal-1)"        [_thread_blocked, id=14256, stack(0x000000e4f9200000,0x000000e4f9300000) (1024K)]
  0x000002b9756a6590 JavaThread "File lock request listener"        [_thread_in_native, id=21564, stack(0x000000e4f9300000,0x000000e4f9400000) (1024K)]
  0x000002b9756a7fd0 JavaThread "Cache worker for file hash cache (C:\Users\Administrador\.gradle\caches\9.3.1\fileHashes)"        [_thread_blocked, id=10928, stack(0x000000e4f9400000,0x000000e4f9500000) (1024K)]
  0x000002b9756a8cf0 JavaThread "File watcher server"        daemon [_thread_blocked, id=19928, stack(0x000000e4f9700000,0x000000e4f9800000) (1024K)]
  0x000002b9766a1070 JavaThread "File watcher consumer"      daemon [_thread_blocked, id=3548, stack(0x000000e4f9800000,0x000000e4f9900000) (1024K)]
  0x000002b97669f630 JavaThread "Cache worker for file content cache (C:\Users\Administrador\.gradle\caches\9.3.1\fileContent)"        [_thread_blocked, id=2308, stack(0x000000e4f9a00000,0x000000e4f9b00000) (1024K)]
  0x000002b978fc3440 JavaThread "Memory manager"                    [_thread_blocked, id=19536, stack(0x000000e4f8300000,0x000000e4f8400000) (1024K)]
  0x000002b974aa3c10 JavaThread "pool-3-thread-1"                   [_thread_blocked, id=14268, stack(0x000000e4faa00000,0x000000e4fab00000) (1024K)]
  0x000002b978fc6230 JavaThread "Daemon Thread 2"                   [_thread_blocked, id=15636, stack(0x000000e4f6f00000,0x000000e4f7000000) (1024K)]
  0x000002b978fc0ce0 JavaThread "Handler for socket connection from /127.0.0.1:62493 to /127.0.0.1:62512"        [_thread_in_native, id=21976, stack(0x000000e4f7000000,0x000000e4f7100000) (1024K)]
  0x000002b978fc47f0 JavaThread "Cancel handler"                    [_thread_blocked, id=19452, stack(0x000000e4f7100000,0x000000e4f7200000) (1024K)]
  0x000002b978fc4e80 JavaThread "Daemon worker Thread 2"            [_thread_blocked, id=12424, stack(0x000000e4f8b00000,0x000000e4f8c00000) (1024K)]
  0x000002b978fc0650 JavaThread "Asynchronous log dispatcher for DefaultDaemonConnection: socket connection from /127.0.0.1:62493 to /127.0.0.1:62512"        [_thread_blocked, id=17972, stack(0x000000e4f8c00000,0x000000e4f8d00000) (1024K)]
  0x000002b978fc1370 JavaThread "Stdin handler"                     [_thread_blocked, id=6216, stack(0x000000e4f8d00000,0x000000e4f8e00000) (1024K)]
  0x000002b978fc1a00 JavaThread "Daemon client event forwarder"        [_thread_blocked, id=17888, stack(0x000000e4f8e00000,0x000000e4f8f00000) (1024K)]
  0x000002b974aa5650 JavaThread "Cache worker for file hash cache (C:\Users\Administrador\AndroidStudioProjects\Transporte_Interiorano\.gradle\9.3.1\fileHashes)"        [_thread_blocked, id=23384, stack(0x000000e4f8f00000,0x000000e4f9000000) (1024K)]
  0x000002b974aa42a0 JavaThread "Cache worker for Build Output Cleanup Cache (C:\Users\Administrador\AndroidStudioProjects\Transporte_Interiorano\.gradle\buildOutputCleanup)"        [_thread_blocked, id=4848, stack(0x000000e4f9000000,0x000000e4f9100000) (1024K)]
  0x000002b974aa1b40 JavaThread "Cache worker for checksums cache (C:\Users\Administrador\AndroidStudioProjects\Transporte_Interiorano\.gradle\9.3.1\checksums)"        [_thread_blocked, id=10788, stack(0x000000e4f9500000,0x000000e4f9600000) (1024K)]
  0x000002b974aa8ad0 JavaThread "Cache worker for cache directory md-supplier (C:\Users\Administrador\.gradle\caches\9.3.1\md-supplier)"        [_thread_blocked, id=20456, stack(0x000000e4f9600000,0x000000e4f9700000) (1024K)]
  0x000002b974aa5ce0 JavaThread "Cache worker for cache directory md-rule (C:\Users\Administrador\.gradle\caches\9.3.1\md-rule)"        [_thread_blocked, id=18696, stack(0x000000e4f9900000,0x000000e4f9a00000) (1024K)]
  0x000002b974aa2860 JavaThread "jar transforms"                    [_thread_blocked, id=10628, stack(0x000000e4f9b00000,0x000000e4f9c00000) (1024K)]
  0x000002b974aa9160 JavaThread "jar transforms Thread 2"           [_thread_blocked, id=3204, stack(0x000000e4f9c00000,0x000000e4f9d00000) (1024K)]
  0x000002b974aa7db0 JavaThread "jar transforms Thread 3"           [_thread_blocked, id=21352, stack(0x000000e4f9d00000,0x000000e4f9e00000) (1024K)]
  0x000002b974aa2ef0 JavaThread "Unconstrained build operations"        [_thread_blocked, id=22812, stack(0x000000e4f9e00000,0x000000e4f9f00000) (1024K)]
  0x000002b974aa6a00 JavaThread "Unconstrained build operations Thread 2"        [_thread_blocked, id=23548, stack(0x000000e4f9f00000,0x000000e4fa000000) (1024K)]
  0x000002b974aa21d0 JavaThread "Unconstrained build operations Thread 3"        [_thread_blocked, id=20256, stack(0x000000e4fa000000,0x000000e4fa100000) (1024K)]
  0x000002b974aa3580 JavaThread "Unconstrained build operations Thread 4"        [_thread_blocked, id=1536, stack(0x000000e4fa100000,0x000000e4fa200000) (1024K)]
  0x000002b97906de40 JavaThread "Unconstrained build operations Thread 5"        [_thread_blocked, id=14156, stack(0x000000e4fa200000,0x000000e4fa300000) (1024K)]
  0x000002b97906c400 JavaThread "Unconstrained build operations Thread 6"        [_thread_blocked, id=2128, stack(0x000000e4fa300000,0x000000e4fa400000) (1024K)]
  0x000002b97906b6e0 JavaThread "jar transforms Thread 4"           [_thread_blocked, id=22628, stack(0x000000e4fa400000,0x000000e4fa500000) (1024K)]
  0x000002b979c0c870 JavaThread "Unconstrained build operations Thread 7"        [_thread_blocked, id=16640, stack(0x000000e4fa500000,0x000000e4fa600000) (1024K)]
  0x000002b979c093f0 JavaThread "Unconstrained build operations Thread 8"        [_thread_blocked, id=16664, stack(0x000000e4fa600000,0x000000e4fa700000) (1024K)]
  0x000002b979c0a110 JavaThread "Unconstrained build operations Thread 9"        [_thread_blocked, id=13184, stack(0x000000e4fa700000,0x000000e4fa800000) (1024K)]
  0x000002b979c0a7a0 JavaThread "Unconstrained build operations Thread 10"        [_thread_blocked, id=12356, stack(0x000000e4fa800000,0x000000e4fa900000) (1024K)]
  0x000002b979c0b4c0 JavaThread "Unconstrained build operations Thread 11"        [_thread_blocked, id=14112, stack(0x000000e4fa900000,0x000000e4faa00000) (1024K)]
  0x000002b979c0f660 JavaThread "Unconstrained build operations Thread 12"        [_thread_blocked, id=20640, stack(0x000000e4fab00000,0x000000e4fac00000) (1024K)]
  0x000002b979c08d60 JavaThread "Unconstrained build operations Thread 13"        [_thread_blocked, id=22712, stack(0x000000e4fac00000,0x000000e4fad00000) (1024K)]
  0x000002b979c0d590 JavaThread "Unconstrained build operations Thread 14"        [_thread_blocked, id=10532, stack(0x000000e4fad00000,0x000000e4fae00000) (1024K)]
  0x000002b979c0e940 JavaThread "Unconstrained build operations Thread 15"        [_thread_blocked, id=4228, stack(0x000000e4fae00000,0x000000e4faf00000) (1024K)]
  0x000002b979c0ae30 JavaThread "Unconstrained build operations Thread 16"        [_thread_blocked, id=20620, stack(0x000000e4faf00000,0x000000e4fb000000) (1024K)]
  0x000002b979c0c1e0 JavaThread "Unconstrained build operations Thread 17"        [_thread_blocked, id=1788, stack(0x000000e4fb000000,0x000000e4fb100000) (1024K)]
  0x000002b979c0cf00 JavaThread "build event listener"              [_thread_blocked, id=19052, stack(0x000000e4fb100000,0x000000e4fb200000) (1024K)]
  0x000002b979c0dc20 JavaThread "build event listener"              [_thread_blocked, id=15048, stack(0x000000e4fb200000,0x000000e4fb300000) (1024K)]
  0x000002b97f65f8c0 JavaThread "pool-6-thread-1"                   [_thread_blocked, id=2868, stack(0x000000e4fb300000,0x000000e4fb400000) (1024K)]
  0x000002b97f662020 JavaThread "build event listener"              [_thread_blocked, id=14164, stack(0x000000e4fb400000,0x000000e4fb500000) (1024K)]
  0x000002b97f65ff50 JavaThread "included builds"                   [_thread_blocked, id=18680, stack(0x000000e4fb500000,0x000000e4fb600000) (1024K)]
  0x000002b97f6640f0 JavaThread "Execution worker"                  [_thread_blocked, id=17580, stack(0x000000e4fb600000,0x000000e4fb700000) (1024K)]
  0x000002b97f665b30 JavaThread "Execution worker Thread 2"         [_thread_blocked, id=15716, stack(0x000000e4fb700000,0x000000e4fb800000) (1024K)]
  0x000002b97f663a60 JavaThread "Execution worker Thread 3"         [_thread_blocked, id=19260, stack(0x000000e4fb800000,0x000000e4fb900000) (1024K)]
  0x000002b97f65eba0 JavaThread "Cache worker for execution history cache (C:\Users\Administrador\AndroidStudioProjects\Transporte_Interiorano\.gradle\9.3.1\executionHistory)"        [_thread_blocked, id=10020, stack(0x000000e4fb900000,0x000000e4fba00000) (1024K)]
  0x000002b97faa5410 JavaThread "Unconstrained build operations Thread 18"        [_thread_blocked, id=23176, stack(0x000000e4fbb00000,0x000000e4fbc00000) (1024K)]
  0x000002b97faa2620 JavaThread "Unconstrained build operations Thread 19"        [_thread_blocked, id=6380, stack(0x000000e4fbc00000,0x000000e4fbd00000) (1024K)]
  0x000002b97fa9fec0 JavaThread "Unconstrained build operations Thread 20"        [_thread_blocked, id=18724, stack(0x000000e4fbd00000,0x000000e4fbe00000) (1024K)]
  0x000002b97faa1900 JavaThread "Unconstrained build operations Thread 21"        [_thread_blocked, id=5756, stack(0x000000e4fbe00000,0x000000e4fbf00000) (1024K)]
  0x000002b97faa2cb0 JavaThread "WorkerExecutor Queue"              [_thread_blocked, id=7756, stack(0x000000e4fbf00000,0x000000e4fc000000) (1024K)]
  0x000002b97faa46f0 JavaThread "WorkerExecutor Queue Thread 2"        [_thread_in_native, id=6264, stack(0x000000e4fc000000,0x000000e4fc100000) (1024K)]
  0x000002b97faa4d80 JavaThread "Unconstrained build operations Thread 22"        [_thread_blocked, id=21632, stack(0x000000e4fc100000,0x000000e4fc200000) (1024K)]
  0x000002b97faa0550 JavaThread "Unconstrained build operations Thread 23"        [_thread_blocked, id=10848, stack(0x000000e4fc200000,0x000000e4fc300000) (1024K)]
  0x000002b97faa3340 JavaThread "Unconstrained build operations Thread 24"        [_thread_blocked, id=17704, stack(0x000000e4fc300000,0x000000e4fc400000) (1024K)]
  0x000002b97faa39d0 JavaThread "WorkerExecutor Queue Thread 3"        [_thread_blocked, id=17992, stack(0x000000e4fc400000,0x000000e4fc500000) (1024K)]
  0x000002b97fa9eb10 JavaThread "WorkerExecutor Queue Thread 4"        [_thread_blocked, id=15024, stack(0x000000e4fc500000,0x000000e4fc600000) (1024K)]
  0x000002b97fa9ddf0 JavaThread "Unconstrained build operations Thread 25"        [_thread_blocked, id=22012, stack(0x000000e4fc600000,0x000000e4fc700000) (1024K)]
  0x000002b97faa1f90 JavaThread "Unconstrained build operations Thread 26"        [_thread_blocked, id=19408, stack(0x000000e4fc700000,0x000000e4fc800000) (1024K)]
  0x000002b97fa9e480 JavaThread "Unconstrained build operations Thread 27"        [_thread_blocked, id=2828, stack(0x000000e4fc800000,0x000000e4fc900000) (1024K)]
  0x000002b97f6626b0 JavaThread "Unconstrained build operations Thread 28"        [_thread_blocked, id=11692, stack(0x000000e4fc900000,0x000000e4fca00000) (1024K)]
  0x000002b97f65f230 JavaThread "Unconstrained build operations Thread 29"        [_thread_blocked, id=18572, stack(0x000000e4fca00000,0x000000e4fcb00000) (1024K)]
  0x000002b97f6633d0 JavaThread "Unconstrained build operations Thread 30"        [_thread_blocked, id=20552, stack(0x000000e4fcb00000,0x000000e4fcc00000) (1024K)]
  0x000002b97f664780 JavaThread "Unconstrained build operations Thread 31"        [_thread_blocked, id=12948, stack(0x000000e4f9100000,0x000000e4f9200000) (1024K)]
  0x000002b97f660c70 JavaThread "Unconstrained build operations Thread 32"        [_thread_blocked, id=18808, stack(0x000000e4fcc00000,0x000000e4fcd00000) (1024K)]
  0x000002b97f661300 JavaThread "Unconstrained build operations Thread 33"        [_thread_blocked, id=23272, stack(0x000000e4fcd00000,0x000000e4fce00000) (1024K)]
  0x000002b97f664e10 JavaThread "Unconstrained build operations Thread 34"        [_thread_blocked, id=17584, stack(0x000000e4fce00000,0x000000e4fcf00000) (1024K)]
  0x000002b97f6654a0 JavaThread "Unconstrained build operations Thread 35"        [_thread_blocked, id=4980, stack(0x000000e4fcf00000,0x000000e4fd000000) (1024K)]
  0x000002b97669dbf0 JavaThread "Unconstrained build operations Thread 36"        [_thread_blocked, id=11920, stack(0x000000e4fd000000,0x000000e4fd100000) (1024K)]
  0x000002b97669bb20 JavaThread "Unconstrained build operations Thread 37"        [_thread_blocked, id=2364, stack(0x000000e4fd100000,0x000000e4fd200000) (1024K)]
  0x000002b9742dfe90 JavaThread "Unconstrained build operations Thread 38"        [_thread_blocked, id=15084, stack(0x000000e4fd300000,0x000000e4fd400000) (1024K)]
  0x000002b9742dc380 JavaThread "Unconstrained build operations Thread 39"        [_thread_blocked, id=20560, stack(0x000000e4fd400000,0x000000e4fd500000) (1024K)]
  0x000002b9742dca10 JavaThread "Unconstrained build operations Thread 40"        [_thread_blocked, id=17680, stack(0x000000e4fd500000,0x000000e4fd600000) (1024K)]
  0x000002b9742e0520 JavaThread "RMI Scheduler(0)"           daemon [_thread_blocked, id=16896, stack(0x000000e4fd600000,0x000000e4fd700000) (1024K)]
  0x000002b9742dd0a0 JavaThread "RMI RenewClean-[127.0.0.1:17026,org.jetbrains.kotlin.daemon.common.LoopbackNetworkInterface$ClientLoopbackSocketFactory@5263ca96]" daemon [_thread_blocked, id=13772, stack(0x000000e4fd700000,0x000000e4fd800000) (1024K)]
  0x000002b9742dddc0 JavaThread "RMI GC Daemon"              daemon [_thread_blocked, id=13060, stack(0x000000e4fd800000,0x000000e4fd900000) (1024K)]
  0x000002b9742d9590 JavaThread "RMI TCP Accept-0"           daemon [_thread_in_native, id=19716, stack(0x000000e4fd900000,0x000000e4fda00000) (1024K)]
  0x000002b9742e0bb0 JavaThread "RMI Reaper"                        [_thread_blocked, id=8384, stack(0x000000e4fda00000,0x000000e4fdb00000) (1024K)]
  0x000002b97f624b40 JavaThread "RMI TCP Connection(1)-127.0.0.1" daemon [_thread_in_native, id=1196, stack(0x000000e4fdb00000,0x000000e4fdc00000) (1024K)]
  0x000002b97f629a00 JavaThread "WorkerExecutor Queue Thread 5"        [_thread_blocked, id=14148, stack(0x000000e4fdc00000,0x000000e4fdd00000) (1024K)]
  0x000002b97f625ef0 JavaThread "WorkerExecutor Queue Thread 6"        [_thread_blocked, id=21636, stack(0x000000e4fdd00000,0x000000e4fde00000) (1024K)]
Total: 99

Other Threads:
=>0x000002b92e390d40 VMThread "VM Thread"                           [id=18868, stack(0x000000e4f7900000,0x000000e4f7a00000) (1024K)]
  0x000002b92e381a80 WatcherThread "VM Periodic Task Thread"        [id=5616, stack(0x000000e4f7800000,0x000000e4f7900000) (1024K)]
  0x000002b9120116a0 WorkerThread "GC Thread#0"                     [id=15232, stack(0x000000e4f7300000,0x000000e4f7400000) (1024K)]
  0x000002b92e7efcc0 WorkerThread "GC Thread#1"                     [id=9580, stack(0x000000e4f8500000,0x000000e4f8600000) (1024K)]
  0x000002b92e795570 WorkerThread "GC Thread#2"                     [id=21980, stack(0x000000e4f8600000,0x000000e4f8700000) (1024K)]
  0x000002b92e795910 WorkerThread "GC Thread#3"                     [id=15396, stack(0x000000e4f8700000,0x000000e4f8800000) (1024K)]
  0x000002b9120237e0 ConcurrentGCThread "G1 Main Marker"            [id=18656, stack(0x000000e4f7400000,0x000000e4f7500000) (1024K)]
  0x000002b9120242e0 WorkerThread "G1 Conc#0"                       [id=8060, stack(0x000000e4f7500000,0x000000e4f7600000) (1024K)]
  0x000002b92e251200 ConcurrentGCThread "G1 Refine#0"               [id=9128, stack(0x000000e4f7600000,0x000000e4f7700000) (1024K)]
  0x000002b92e251d70 ConcurrentGCThread "G1 Service"                [id=2588, stack(0x000000e4f7700000,0x000000e4f7800000) (1024K)]
Total: 10

Threads with active compile tasks:
Total: 0

VM state: at safepoint (normal execution)

VM Mutex/Monitor currently owned by a thread:  ([mutex/lock_event])
[0x00007fff9c3ee308] Threads_lock - owner thread: 0x000002b92e390d40
[0x00007fff9c3ee408] Heap_lock - owner thread: 0x000002b9120237e0

Heap address: 0x0000000080000000, size: 2048 MB, Compressed Oops mode: 32-bit

CDS archive(s) mapped at: [0x000002b92f000000-0x000002b92fc80000-0x000002b92fc80000), size 13107200, SharedBaseAddress: 0x000002b92f000000, ArchiveRelocationMode: 1.
Compressed class space mapped at: 0x000002b930000000-0x000002b970000000, reserved size: 1073741824
Narrow klass base: 0x000002b92f000000, Narrow klass shift: 0, Narrow klass range: 0x100000000

GC Precious Log:
 CardTable entry size: 512
 Card Set container configuration: InlinePtr #cards 5 size 8 Array Of Cards #cards 12 size 40 Howl #buckets 4 coarsen threshold 1843 Howl Bitmap #cards 512 size 80 coarsen threshold 460 Card regions per heap region 1 cards per card region 2048
 CPUs: 4 total, 4 available
 Memory: 12083M
 Large Page Support: Disabled
 NUMA Support: Disabled
 Compressed Oops: Enabled (32-bit)
 Heap Region Size: 1M
 Heap Min Capacity: 8M
 Heap Initial Capacity: 190M
 Heap Max Capacity: 2G
 Pre-touch: Disabled
 Parallel Workers: 4
 Concurrent Workers: 1
 Concurrent Refinement Workers: 4
 Periodic GC: Disabled

Heap:
 garbage-first heap   total 363520K, used 332799K [0x0000000080000000, 0x0000000100000000)
  region size 1024K, 24 young (24576K), 6 survivors (6144K)
 Metaspace       used 121516K, committed 124288K, reserved 1179648K
  class space    used 16258K, committed 17664K, reserved 1048576K

Heap Regions: E=young(eden), S=young(survivor), O=old, HS=humongous(starts), HC=humongous(continues), CS=collection set, F=free, TAMS=top-at-mark-start, PB=parsable bottom
|   0|0x0000000080000000, 0x0000000080100000, 0x0000000080100000|100%|HS|  |TAMS 0x0000000080100000| PB 0x0000000080000000| Complete 
|   1|0x0000000080100000, 0x0000000080200000, 0x0000000080200000|100%|HC|  |TAMS 0x0000000080200000| PB 0x0000000080100000| Complete 
|   2|0x0000000080200000, 0x0000000080300000, 0x0000000080300000|100%|HC|  |TAMS 0x0000000080300000| PB 0x0000000080200000| Complete 
|   3|0x0000000080300000, 0x0000000080400000, 0x0000000080400000|100%|HC|  |TAMS 0x0000000080400000| PB 0x0000000080300000| Complete 
|   4|0x0000000080400000, 0x0000000080500000, 0x0000000080500000|100%| O|  |TAMS 0x0000000080500000| PB 0x0000000080500000| Untracked 
|   5|0x0000000080500000, 0x0000000080600000, 0x0000000080600000|100%| O|  |TAMS 0x0000000080600000| PB 0x0000000080600000| Updating 
|   6|0x0000000080600000, 0x0000000080700000, 0x0000000080700000|100%| O|  |TAMS 0x0000000080700000| PB 0x0000000080700000| Untracked 
|   7|0x0000000080700000, 0x0000000080800000, 0x0000000080800000|100%| O|  |TAMS 0x0000000080800000| PB 0x0000000080800000| Untracked 
|   8|0x0000000080800000, 0x0000000080900000, 0x0000000080900000|100%|HS|  |TAMS 0x0000000080900000| PB 0x0000000080800000| Complete 
|   9|0x0000000080900000, 0x0000000080a00000, 0x0000000080a00000|100%| O|  |TAMS 0x0000000080a00000| PB 0x0000000080a00000| Untracked 
|  10|0x0000000080a00000, 0x0000000080b00000, 0x0000000080b00000|100%| O|  |TAMS 0x0000000080b00000| PB 0x0000000080b00000| Untracked 
|  11|0x0000000080b00000, 0x0000000080c00000, 0x0000000080c00000|100%| O|  |TAMS 0x0000000080c00000| PB 0x0000000080c00000| Untracked 
|  12|0x0000000080c00000, 0x0000000080d00000, 0x0000000080d00000|100%| O|  |TAMS 0x0000000080d00000| PB 0x0000000080d00000| Untracked 
|  13|0x0000000080d00000, 0x0000000080e00000, 0x0000000080e00000|100%| O|  |TAMS 0x0000000080e00000| PB 0x0000000080e00000| Untracked 
|  14|0x0000000080e00000, 0x0000000080f00000, 0x0000000080f00000|100%| O|  |TAMS 0x0000000080f00000| PB 0x0000000080f00000| Untracked 
|  15|0x0000000080f00000, 0x0000000081000000, 0x0000000081000000|100%| O|  |TAMS 0x0000000081000000| PB 0x0000000081000000| Untracked 
|  16|0x0000000081000000, 0x0000000081100000, 0x0000000081100000|100%| O|  |TAMS 0x0000000081100000| PB 0x0000000081100000| Untracked 
|  17|0x0000000081100000, 0x0000000081200000, 0x0000000081200000|100%| O|  |TAMS 0x0000000081200000| PB 0x0000000081200000| Untracked 
|  18|0x0000000081200000, 0x0000000081300000, 0x0000000081300000|100%| O|  |TAMS 0x0000000081300000| PB 0x0000000081300000| Untracked 
|  19|0x0000000081300000, 0x0000000081400000, 0x0000000081400000|100%| O|  |TAMS 0x0000000081400000| PB 0x0000000081400000| Untracked 
|  20|0x0000000081400000, 0x0000000081500000, 0x0000000081500000|100%| O|  |TAMS 0x0000000081500000| PB 0x0000000081500000| Untracked 
|  21|0x0000000081500000, 0x0000000081600000, 0x0000000081600000|100%| O|  |TAMS 0x0000000081600000| PB 0x0000000081600000| Untracked 
|  22|0x0000000081600000, 0x0000000081700000, 0x0000000081700000|100%| O|  |TAMS 0x0000000081700000| PB 0x0000000081700000| Untracked 
|  23|0x0000000081700000, 0x0000000081800000, 0x0000000081800000|100%| O|  |TAMS 0x0000000081800000| PB 0x0000000081800000| Updating 
|  24|0x0000000081800000, 0x0000000081900000, 0x0000000081900000|100%| O|  |TAMS 0x0000000081900000| PB 0x0000000081900000| Untracked 
|  25|0x0000000081900000, 0x0000000081a00000, 0x0000000081a00000|100%| O|  |TAMS 0x0000000081a00000| PB 0x0000000081a00000| Updating 
|  26|0x0000000081a00000, 0x0000000081b00000, 0x0000000081b00000|100%| O|  |TAMS 0x0000000081b00000| PB 0x0000000081b00000| Untracked 
|  27|0x0000000081b00000, 0x0000000081c00000, 0x0000000081c00000|100%| O|  |TAMS 0x0000000081c00000| PB 0x0000000081c00000| Updating 
|  28|0x0000000081c00000, 0x0000000081d00000, 0x0000000081d00000|100%| O|  |TAMS 0x0000000081d00000| PB 0x0000000081d00000| Updating 
|  29|0x0000000081d00000, 0x0000000081e00000, 0x0000000081e00000|100%| O|  |TAMS 0x0000000081e00000| PB 0x0000000081e00000| Untracked 
|  30|0x0000000081e00000, 0x0000000081f00000, 0x0000000081f00000|100%| O|  |TAMS 0x0000000081f00000| PB 0x0000000081f00000| Updating 
|  31|0x0000000081f00000, 0x0000000082000000, 0x0000000082000000|100%| O|  |TAMS 0x0000000082000000| PB 0x0000000082000000| Untracked 
|  32|0x0000000082000000, 0x0000000082100000, 0x0000000082100000|100%| O|  |TAMS 0x0000000082100000| PB 0x0000000082100000| Untracked 
|  33|0x0000000082100000, 0x0000000082200000, 0x0000000082200000|100%| O|  |TAMS 0x0000000082200000| PB 0x0000000082200000| Updating 
|  34|0x0000000082200000, 0x0000000082300000, 0x0000000082300000|100%| O|  |TAMS 0x0000000082300000| PB 0x0000000082300000| Updating 
|  35|0x0000000082300000, 0x0000000082400000, 0x0000000082400000|100%| O|  |TAMS 0x0000000082400000| PB 0x0000000082400000| Updating 
|  36|0x0000000082400000, 0x0000000082500000, 0x0000000082500000|100%| O|  |TAMS 0x0000000082500000| PB 0x0000000082500000| Untracked 
|  37|0x0000000082500000, 0x0000000082600000, 0x0000000082600000|100%| O|  |TAMS 0x0000000082600000| PB 0x0000000082600000| Untracked 
|  38|0x0000000082600000, 0x0000000082700000, 0x0000000082700000|100%| O|  |TAMS 0x0000000082700000| PB 0x0000000082700000| Updating 
|  39|0x0000000082700000, 0x0000000082800000, 0x0000000082800000|100%| O|  |TAMS 0x0000000082800000| PB 0x0000000082800000| Updating 
|  40|0x0000000082800000, 0x0000000082900000, 0x0000000082900000|100%| O|  |TAMS 0x0000000082900000| PB 0x0000000082900000| Updating 
|  41|0x0000000082900000, 0x0000000082a00000, 0x0000000082a00000|100%| O|  |TAMS 0x0000000082a00000| PB 0x0000000082a00000| Untracked 
|  42|0x0000000082a00000, 0x0000000082b00000, 0x0000000082b00000|100%| O|  |TAMS 0x0000000082b00000| PB 0x0000000082b00000| Untracked 
|  43|0x0000000082b00000, 0x0000000082c00000, 0x0000000082c00000|100%| O|  |TAMS 0x0000000082c00000| PB 0x0000000082c00000| Untracked 
|  44|0x0000000082c00000, 0x0000000082d00000, 0x0000000082d00000|100%| O|  |TAMS 0x0000000082d00000| PB 0x0000000082d00000| Untracked 
|  45|0x0000000082d00000, 0x0000000082e00000, 0x0000000082e00000|100%| O|  |TAMS 0x0000000082e00000| PB 0x0000000082e00000| Updating 
|  46|0x0000000082e00000, 0x0000000082f00000, 0x0000000082f00000|100%| O|  |TAMS 0x0000000082f00000| PB 0x0000000082f00000| Updating 
|  47|0x0000000082f00000, 0x0000000083000000, 0x0000000083000000|100%|HS|  |TAMS 0x0000000083000000| PB 0x0000000082f00000| Complete 
|  48|0x0000000083000000, 0x0000000083100000, 0x0000000083100000|100%|HS|  |TAMS 0x0000000083100000| PB 0x0000000083000000| Complete 
|  49|0x0000000083100000, 0x0000000083200000, 0x0000000083200000|100%| O|  |TAMS 0x0000000083200000| PB 0x0000000083200000| Untracked 
|  50|0x0000000083200000, 0x0000000083300000, 0x0000000083300000|100%|HS|  |TAMS 0x0000000083300000| PB 0x0000000083200000| Complete 
|  51|0x0000000083300000, 0x0000000083400000, 0x0000000083400000|100%|HC|  |TAMS 0x0000000083400000| PB 0x0000000083300000| Complete 
|  52|0x0000000083400000, 0x0000000083500000, 0x0000000083500000|100%|HS|  |TAMS 0x0000000083500000| PB 0x0000000083400000| Complete 
|  53|0x0000000083500000, 0x0000000083600000, 0x0000000083600000|100%|HS|  |TAMS 0x0000000083600000| PB 0x0000000083500000| Complete 
|  54|0x0000000083600000, 0x0000000083700000, 0x0000000083700000|100%| O|  |TAMS 0x0000000083700000| PB 0x0000000083700000| Untracked 
|  55|0x0000000083700000, 0x0000000083800000, 0x0000000083800000|100%|HS|  |TAMS 0x0000000083800000| PB 0x0000000083700000| Complete 
|  56|0x0000000083800000, 0x0000000083900000, 0x0000000083900000|100%|HS|  |TAMS 0x0000000083900000| PB 0x0000000083800000| Complete 
|  57|0x0000000083900000, 0x0000000083a00000, 0x0000000083a00000|100%| O|  |TAMS 0x0000000083a00000| PB 0x0000000083a00000| Untracked 
|  58|0x0000000083a00000, 0x0000000083b00000, 0x0000000083b00000|100%|HS|  |TAMS 0x0000000083b00000| PB 0x0000000083a00000| Complete 
|  59|0x0000000083b00000, 0x0000000083c00000, 0x0000000083c00000|100%|HC|  |TAMS 0x0000000083c00000| PB 0x0000000083b00000| Complete 
|  60|0x0000000083c00000, 0x0000000083d00000, 0x0000000083d00000|100%| O|  |TAMS 0x0000000083d00000| PB 0x0000000083d00000| Untracked 
|  61|0x0000000083d00000, 0x0000000083e00000, 0x0000000083e00000|100%| O|  |TAMS 0x0000000083e00000| PB 0x0000000083e00000| Updating 
|  62|0x0000000083e00000, 0x0000000083f00000, 0x0000000083f00000|100%| O|  |TAMS 0x0000000083f00000| PB 0x0000000083f00000| Untracked 
|  63|0x0000000083f00000, 0x0000000084000000, 0x0000000084000000|100%| O|  |TAMS 0x0000000084000000| PB 0x0000000084000000| Untracked 
|  64|0x0000000084000000, 0x0000000084100000, 0x0000000084100000|100%| O|  |TAMS 0x0000000084100000| PB 0x0000000084100000| Untracked 
|  65|0x0000000084100000, 0x0000000084200000, 0x0000000084200000|100%| O|  |TAMS 0x0000000084200000| PB 0x0000000084200000| Untracked 
|  66|0x0000000084200000, 0x0000000084300000, 0x0000000084300000|100%| O|  |TAMS 0x0000000084300000| PB 0x0000000084300000| Untracked 
|  67|0x0000000084300000, 0x0000000084400000, 0x0000000084400000|100%| O|  |TAMS 0x0000000084400000| PB 0x0000000084400000| Untracked 
|  68|0x0000000084400000, 0x0000000084500000, 0x0000000084500000|100%| O|  |TAMS 0x0000000084500000| PB 0x0000000084500000| Untracked 
|  69|0x0000000084500000, 0x0000000084600000, 0x0000000084600000|100%| O|  |TAMS 0x0000000084600000| PB 0x0000000084600000| Untracked 
|  70|0x0000000084600000, 0x0000000084700000, 0x0000000084700000|100%|HS|  |TAMS 0x0000000084700000| PB 0x0000000084600000| Complete 
|  71|0x0000000084700000, 0x0000000084800000, 0x0000000084800000|100%| O|  |TAMS 0x0000000084800000| PB 0x0000000084800000| Updating 
|  72|0x0000000084800000, 0x0000000084900000, 0x0000000084900000|100%| O|  |TAMS 0x0000000084900000| PB 0x0000000084900000| Untracked 
|  73|0x0000000084900000, 0x0000000084a00000, 0x0000000084a00000|100%| O|  |TAMS 0x0000000084a00000| PB 0x0000000084a00000| Untracked 
|  74|0x0000000084a00000, 0x0000000084b00000, 0x0000000084b00000|100%| O|  |TAMS 0x0000000084b00000| PB 0x0000000084b00000| Untracked 
|  75|0x0000000084b00000, 0x0000000084c00000, 0x0000000084c00000|100%| O|  |TAMS 0x0000000084c00000| PB 0x0000000084c00000| Untracked 
|  76|0x0000000084c00000, 0x0000000084d00000, 0x0000000084d00000|100%| O|  |TAMS 0x0000000084d00000| PB 0x0000000084d00000| Untracked 
|  77|0x0000000084d00000, 0x0000000084e00000, 0x0000000084e00000|100%| O|  |TAMS 0x0000000084e00000| PB 0x0000000084e00000| Untracked 
|  78|0x0000000084e00000, 0x0000000084f00000, 0x0000000084f00000|100%| O|  |TAMS 0x0000000084f00000| PB 0x0000000084f00000| Untracked 
|  79|0x0000000084f00000, 0x0000000085000000, 0x0000000085000000|100%| O|  |TAMS 0x0000000085000000| PB 0x0000000085000000| Untracked 
|  80|0x0000000085000000, 0x0000000085100000, 0x0000000085100000|100%| O|  |TAMS 0x0000000085100000| PB 0x0000000085100000| Untracked 
|  81|0x0000000085100000, 0x0000000085200000, 0x0000000085200000|100%| O|  |TAMS 0x0000000085200000| PB 0x0000000085200000| Untracked 
|  82|0x0000000085200000, 0x0000000085300000, 0x0000000085300000|100%| O|  |TAMS 0x0000000085300000| PB 0x0000000085300000| Untracked 
|  83|0x0000000085300000, 0x0000000085400000, 0x0000000085400000|100%| O|  |TAMS 0x0000000085400000| PB 0x0000000085400000| Untracked 
|  84|0x0000000085400000, 0x0000000085500000, 0x0000000085500000|100%| O|  |TAMS 0x0000000085500000| PB 0x0000000085500000| Updating 
|  85|0x0000000085500000, 0x0000000085600000, 0x0000000085600000|100%| O|  |TAMS 0x0000000085600000| PB 0x0000000085600000| Updating 
|  86|0x0000000085600000, 0x0000000085700000, 0x0000000085700000|100%| O|  |TAMS 0x0000000085700000| PB 0x0000000085700000| Updating 
|  87|0x0000000085700000, 0x0000000085800000, 0x0000000085800000|100%| O|  |TAMS 0x0000000085700000| PB 0x0000000085700000| Untracked 
|  88|0x0000000085800000, 0x0000000085900000, 0x0000000085900000|100%| O|  |TAMS 0x0000000085900000| PB 0x0000000085900000| Untracked 
|  89|0x0000000085900000, 0x0000000085a00000, 0x0000000085a00000|100%| O|  |TAMS 0x0000000085a00000| PB 0x0000000085a00000| Updating 
|  90|0x0000000085a00000, 0x0000000085b00000, 0x0000000085b00000|100%| O|  |TAMS 0x0000000085b00000| PB 0x0000000085b00000| Updating 
|  91|0x0000000085b00000, 0x0000000085c00000, 0x0000000085c00000|100%| O|  |TAMS 0x0000000085c00000| PB 0x0000000085c00000| Untracked 
|  92|0x0000000085c00000, 0x0000000085d00000, 0x0000000085d00000|100%|HS|  |TAMS 0x0000000085d00000| PB 0x0000000085c00000| Complete 
|  93|0x0000000085d00000, 0x0000000085e00000, 0x0000000085e00000|100%|HC|  |TAMS 0x0000000085e00000| PB 0x0000000085d00000| Complete 
|  94|0x0000000085e00000, 0x0000000085f00000, 0x0000000085f00000|100%| O|  |TAMS 0x0000000085f00000| PB 0x0000000085f00000| Updating 
|  95|0x0000000085f00000, 0x0000000086000000, 0x0000000086000000|100%| O|  |TAMS 0x0000000086000000| PB 0x0000000086000000| Updating 
|  96|0x0000000086000000, 0x0000000086100000, 0x0000000086100000|100%| O|  |TAMS 0x0000000086100000| PB 0x0000000086100000| Updating 
|  97|0x0000000086100000, 0x0000000086200000, 0x0000000086200000|100%| O|  |TAMS 0x0000000086200000| PB 0x0000000086200000| Untracked 
|  98|0x0000000086200000, 0x0000000086300000, 0x0000000086300000|100%| O|  |TAMS 0x0000000086300000| PB 0x0000000086300000| Untracked 
|  99|0x0000000086300000, 0x0000000086400000, 0x0000000086400000|100%| O|  |TAMS 0x0000000086400000| PB 0x0000000086400000| Updating 
| 100|0x0000000086400000, 0x0000000086500000, 0x0000000086500000|100%| O|  |TAMS 0x0000000086500000| PB 0x0000000086500000| Untracked 
| 101|0x0000000086500000, 0x0000000086600000, 0x0000000086600000|100%| O|  |TAMS 0x0000000086600000| PB 0x0000000086600000| Untracked 
| 102|0x0000000086600000, 0x0000000086700000, 0x0000000086700000|100%| O|  |TAMS 0x0000000086700000| PB 0x0000000086700000| Untracked 
| 103|0x0000000086700000, 0x0000000086800000, 0x0000000086800000|100%| O|  |TAMS 0x0000000086800000| PB 0x0000000086800000| Untracked 
| 104|0x0000000086800000, 0x0000000086900000, 0x0000000086900000|100%| O|  |TAMS 0x0000000086900000| PB 0x0000000086900000| Updating 
| 105|0x0000000086900000, 0x0000000086a00000, 0x0000000086a00000|100%| O|  |TAMS 0x0000000086a00000| PB 0x0000000086a00000| Untracked 
| 106|0x0000000086a00000, 0x0000000086b00000, 0x0000000086b00000|100%| O|  |TAMS 0x0000000086b00000| PB 0x0000000086b00000| Untracked 
| 107|0x0000000086b00000, 0x0000000086c00000, 0x0000000086c00000|100%| O|  |TAMS 0x0000000086b00000| PB 0x0000000086b00000| Untracked 
| 108|0x0000000086c00000, 0x0000000086d00000, 0x0000000086d00000|100%| O|  |TAMS 0x0000000086d00000| PB 0x0000000086d00000| Updating 
| 109|0x0000000086d00000, 0x0000000086e00000, 0x0000000086e00000|100%| O|  |TAMS 0x0000000086e00000| PB 0x0000000086e00000| Untracked 
| 110|0x0000000086e00000, 0x0000000086f00000, 0x0000000086f00000|100%| O|  |TAMS 0x0000000086f00000| PB 0x0000000086f00000| Untracked 
| 111|0x0000000086f00000, 0x0000000087000000, 0x0000000087000000|100%| O|  |TAMS 0x0000000087000000| PB 0x0000000087000000| Updating 
| 112|0x0000000087000000, 0x0000000087100000, 0x0000000087100000|100%| O|  |TAMS 0x0000000087100000| PB 0x0000000087100000| Untracked 
| 113|0x0000000087100000, 0x0000000087200000, 0x0000000087200000|100%| O|  |TAMS 0x0000000087200000| PB 0x0000000087200000| Untracked 
| 114|0x0000000087200000, 0x0000000087300000, 0x0000000087300000|100%| O|  |TAMS 0x0000000087300000| PB 0x0000000087300000| Untracked 
| 115|0x0000000087300000, 0x0000000087400000, 0x0000000087400000|100%| O|  |TAMS 0x0000000087400000| PB 0x0000000087400000| Untracked 
| 116|0x0000000087400000, 0x0000000087500000, 0x0000000087500000|100%| O|  |TAMS 0x0000000087500000| PB 0x0000000087500000| Untracked 
| 117|0x0000000087500000, 0x0000000087600000, 0x0000000087600000|100%| O|  |TAMS 0x0000000087500000| PB 0x0000000087500000| Untracked 
| 118|0x0000000087600000, 0x0000000087700000, 0x0000000087700000|100%| O|  |TAMS 0x0000000087700000| PB 0x0000000087700000| Untracked 
| 119|0x0000000087700000, 0x0000000087800000, 0x0000000087800000|100%| O|  |TAMS 0x0000000087800000| PB 0x0000000087800000| Untracked 
| 120|0x0000000087800000, 0x0000000087900000, 0x0000000087900000|100%| O|  |TAMS 0x0000000087900000| PB 0x0000000087900000| Updating 
| 121|0x0000000087900000, 0x0000000087a00000, 0x0000000087a00000|100%| O|  |TAMS 0x0000000087a00000| PB 0x0000000087a00000| Untracked 
| 122|0x0000000087a00000, 0x0000000087b00000, 0x0000000087b00000|100%| O|  |TAMS 0x0000000087b00000| PB 0x0000000087b00000| Untracked 
| 123|0x0000000087b00000, 0x0000000087c00000, 0x0000000087c00000|100%| O|  |TAMS 0x0000000087c00000| PB 0x0000000087c00000| Updating 
| 124|0x0000000087c00000, 0x0000000087d00000, 0x0000000087d00000|100%| O|  |TAMS 0x0000000087d00000| PB 0x0000000087d00000| Untracked 
| 125|0x0000000087d00000, 0x0000000087e00000, 0x0000000087e00000|100%| O|  |TAMS 0x0000000087e00000| PB 0x0000000087e00000| Untracked 
| 126|0x0000000087e00000, 0x0000000087f00000, 0x0000000087f00000|100%| O|  |TAMS 0x0000000087f00000| PB 0x0000000087f00000| Untracked 
| 127|0x0000000087f00000, 0x0000000088000000, 0x0000000088000000|100%| O|  |TAMS 0x0000000088000000| PB 0x0000000088000000| Updating 
| 128|0x0000000088000000, 0x0000000088100000, 0x0000000088100000|100%| O|  |TAMS 0x0000000088100000| PB 0x0000000088100000| Untracked 
| 129|0x0000000088100000, 0x0000000088200000, 0x0000000088200000|100%|HS|  |TAMS 0x0000000088200000| PB 0x0000000088100000| Complete 
| 130|0x0000000088200000, 0x0000000088300000, 0x0000000088300000|100%|HC|  |TAMS 0x0000000088300000| PB 0x0000000088200000| Complete 
| 131|0x0000000088300000, 0x0000000088400000, 0x0000000088400000|100%|HC|  |TAMS 0x0000000088400000| PB 0x0000000088300000| Complete 
| 132|0x0000000088400000, 0x0000000088500000, 0x0000000088500000|100%|HC|  |TAMS 0x0000000088500000| PB 0x0000000088400000| Complete 
| 133|0x0000000088500000, 0x0000000088600000, 0x0000000088600000|100%|HS|  |TAMS 0x0000000088600000| PB 0x0000000088500000| Complete 
| 134|0x0000000088600000, 0x0000000088700000, 0x0000000088700000|100%|HC|  |TAMS 0x0000000088700000| PB 0x0000000088600000| Complete 
| 135|0x0000000088700000, 0x0000000088800000, 0x0000000088800000|100%|HC|  |TAMS 0x0000000088800000| PB 0x0000000088700000| Complete 
| 136|0x0000000088800000, 0x0000000088900000, 0x0000000088900000|100%|HC|  |TAMS 0x0000000088900000| PB 0x0000000088800000| Complete 
| 137|0x0000000088900000, 0x0000000088a00000, 0x0000000088a00000|100%|HC|  |TAMS 0x0000000088a00000| PB 0x0000000088900000| Complete 
| 138|0x0000000088a00000, 0x0000000088b00000, 0x0000000088b00000|100%|HS|  |TAMS 0x0000000088b00000| PB 0x0000000088a00000| Complete 
| 139|0x0000000088b00000, 0x0000000088c00000, 0x0000000088c00000|100%|HS|  |TAMS 0x0000000088c00000| PB 0x0000000088b00000| Complete 
| 140|0x0000000088c00000, 0x0000000088d00000, 0x0000000088d00000|100%|HS|  |TAMS 0x0000000088d00000| PB 0x0000000088c00000| Complete 
| 141|0x0000000088d00000, 0x0000000088e00000, 0x0000000088e00000|100%|HS|  |TAMS 0x0000000088e00000| PB 0x0000000088d00000| Complete 
| 142|0x0000000088e00000, 0x0000000088f00000, 0x0000000088f00000|100%|HC|  |TAMS 0x0000000088f00000| PB 0x0000000088e00000| Complete 
| 143|0x0000000088f00000, 0x0000000089000000, 0x0000000089000000|100%|HS|  |TAMS 0x0000000089000000| PB 0x0000000088f00000| Complete 
| 144|0x0000000089000000, 0x0000000089100000, 0x0000000089100000|100%|HS|  |TAMS 0x0000000089100000| PB 0x0000000089000000| Complete 
| 145|0x0000000089100000, 0x0000000089200000, 0x0000000089200000|100%|HC|  |TAMS 0x0000000089200000| PB 0x0000000089100000| Complete 
| 146|0x0000000089200000, 0x0000000089300000, 0x0000000089300000|100%|HC|  |TAMS 0x0000000089300000| PB 0x0000000089200000| Complete 
| 147|0x0000000089300000, 0x0000000089400000, 0x0000000089400000|100%|HC|  |TAMS 0x0000000089400000| PB 0x0000000089300000| Complete 
| 148|0x0000000089400000, 0x0000000089500000, 0x0000000089500000|100%| O|  |TAMS 0x0000000089500000| PB 0x0000000089500000| Updating 
| 149|0x0000000089500000, 0x0000000089600000, 0x0000000089600000|100%| O|  |TAMS 0x0000000089600000| PB 0x0000000089600000| Updating 
| 150|0x0000000089600000, 0x0000000089700000, 0x0000000089700000|100%|HS|  |TAMS 0x0000000089700000| PB 0x0000000089600000| Complete 
| 151|0x0000000089700000, 0x0000000089800000, 0x0000000089800000|100%|HC|  |TAMS 0x0000000089800000| PB 0x0000000089700000| Complete 
| 152|0x0000000089800000, 0x0000000089900000, 0x0000000089900000|100%|HS|  |TAMS 0x0000000089900000| PB 0x0000000089800000| Complete 
| 153|0x0000000089900000, 0x0000000089a00000, 0x0000000089a00000|100%|HC|  |TAMS 0x0000000089a00000| PB 0x0000000089900000| Complete 
| 154|0x0000000089a00000, 0x0000000089b00000, 0x0000000089b00000|100%|HC|  |TAMS 0x0000000089b00000| PB 0x0000000089a00000| Complete 
| 155|0x0000000089b00000, 0x0000000089c00000, 0x0000000089c00000|100%|HS|  |TAMS 0x0000000089c00000| PB 0x0000000089b00000| Complete 
| 156|0x0000000089c00000, 0x0000000089d00000, 0x0000000089d00000|100%|HS|  |TAMS 0x0000000089d00000| PB 0x0000000089c00000| Complete 
| 157|0x0000000089d00000, 0x0000000089e00000, 0x0000000089e00000|100%|HC|  |TAMS 0x0000000089e00000| PB 0x0000000089d00000| Complete 
| 158|0x0000000089e00000, 0x0000000089f00000, 0x0000000089f00000|100%|HC|  |TAMS 0x0000000089f00000| PB 0x0000000089e00000| Complete 
| 159|0x0000000089f00000, 0x000000008a000000, 0x000000008a000000|100%|HC|  |TAMS 0x000000008a000000| PB 0x0000000089f00000| Complete 
| 160|0x000000008a000000, 0x000000008a100000, 0x000000008a100000|100%|HC|  |TAMS 0x000000008a100000| PB 0x000000008a000000| Complete 
| 161|0x000000008a100000, 0x000000008a200000, 0x000000008a200000|100%|HC|  |TAMS 0x000000008a200000| PB 0x000000008a100000| Complete 
| 162|0x000000008a200000, 0x000000008a300000, 0x000000008a300000|100%|HC|  |TAMS 0x000000008a300000| PB 0x000000008a200000| Complete 
| 163|0x000000008a300000, 0x000000008a400000, 0x000000008a400000|100%|HC|  |TAMS 0x000000008a400000| PB 0x000000008a300000| Complete 
| 164|0x000000008a400000, 0x000000008a500000, 0x000000008a500000|100%|HC|  |TAMS 0x000000008a500000| PB 0x000000008a400000| Complete 
| 165|0x000000008a500000, 0x000000008a600000, 0x000000008a600000|100%|HC|  |TAMS 0x000000008a600000| PB 0x000000008a500000| Complete 
| 166|0x000000008a600000, 0x000000008a700000, 0x000000008a700000|100%|HC|  |TAMS 0x000000008a700000| PB 0x000000008a600000| Complete 
| 167|0x000000008a700000, 0x000000008a800000, 0x000000008a800000|100%|HC|  |TAMS 0x000000008a800000| PB 0x000000008a700000| Complete 
| 168|0x000000008a800000, 0x000000008a900000, 0x000000008a900000|100%|HC|  |TAMS 0x000000008a900000| PB 0x000000008a800000| Complete 
| 169|0x000000008a900000, 0x000000008aa00000, 0x000000008aa00000|100%|HC|  |TAMS 0x000000008aa00000| PB 0x000000008a900000| Complete 
| 170|0x000000008aa00000, 0x000000008ab00000, 0x000000008ab00000|100%|HC|  |TAMS 0x000000008ab00000| PB 0x000000008aa00000| Complete 
| 171|0x000000008ab00000, 0x000000008ac00000, 0x000000008ac00000|100%|HC|  |TAMS 0x000000008ac00000| PB 0x000000008ab00000| Complete 
| 172|0x000000008ac00000, 0x000000008ad00000, 0x000000008ad00000|100%|HC|  |TAMS 0x000000008ad00000| PB 0x000000008ac00000| Complete 
| 173|0x000000008ad00000, 0x000000008ae00000, 0x000000008ae00000|100%|HC|  |TAMS 0x000000008ae00000| PB 0x000000008ad00000| Complete 
| 174|0x000000008ae00000, 0x000000008af00000, 0x000000008af00000|100%|HC|  |TAMS 0x000000008af00000| PB 0x000000008ae00000| Complete 
| 175|0x000000008af00000, 0x000000008b000000, 0x000000008b000000|100%|HC|  |TAMS 0x000000008b000000| PB 0x000000008af00000| Complete 
| 176|0x000000008b000000, 0x000000008b100000, 0x000000008b100000|100%|HC|  |TAMS 0x000000008b100000| PB 0x000000008b000000| Complete 
| 177|0x000000008b100000, 0x000000008b200000, 0x000000008b200000|100%|HC|  |TAMS 0x000000008b200000| PB 0x000000008b100000| Complete 
| 178|0x000000008b200000, 0x000000008b300000, 0x000000008b300000|100%|HC|  |TAMS 0x000000008b300000| PB 0x000000008b200000| Complete 
| 179|0x000000008b300000, 0x000000008b400000, 0x000000008b400000|100%|HC|  |TAMS 0x000000008b400000| PB 0x000000008b300000| Complete 
| 180|0x000000008b400000, 0x000000008b500000, 0x000000008b500000|100%|HC|  |TAMS 0x000000008b500000| PB 0x000000008b400000| Complete 
| 181|0x000000008b500000, 0x000000008b600000, 0x000000008b600000|100%|HC|  |TAMS 0x000000008b600000| PB 0x000000008b500000| Complete 
| 182|0x000000008b600000, 0x000000008b700000, 0x000000008b700000|100%|HC|  |TAMS 0x000000008b700000| PB 0x000000008b600000| Complete 
| 183|0x000000008b700000, 0x000000008b800000, 0x000000008b800000|100%|HC|  |TAMS 0x000000008b800000| PB 0x000000008b700000| Complete 
| 184|0x000000008b800000, 0x000000008b900000, 0x000000008b900000|100%|HC|  |TAMS 0x000000008b900000| PB 0x000000008b800000| Complete 
| 185|0x000000008b900000, 0x000000008ba00000, 0x000000008ba00000|100%|HC|  |TAMS 0x000000008ba00000| PB 0x000000008b900000| Complete 
| 186|0x000000008ba00000, 0x000000008bb00000, 0x000000008bb00000|100%|HS|  |TAMS 0x000000008bb00000| PB 0x000000008ba00000| Complete 
| 187|0x000000008bb00000, 0x000000008bc00000, 0x000000008bc00000|100%|HC|  |TAMS 0x000000008bc00000| PB 0x000000008bb00000| Complete 
| 188|0x000000008bc00000, 0x000000008bd00000, 0x000000008bd00000|100%|HS|  |TAMS 0x000000008bd00000| PB 0x000000008bc00000| Complete 
| 189|0x000000008bd00000, 0x000000008be00000, 0x000000008be00000|100%|HC|  |TAMS 0x000000008be00000| PB 0x000000008bd00000| Complete 
| 190|0x000000008be00000, 0x000000008bf00000, 0x000000008bf00000|100%| O|  |TAMS 0x000000008bf00000| PB 0x000000008bf00000| Updating 
| 191|0x000000008bf00000, 0x000000008bf3ae70, 0x000000008c000000| 23%| O|  |TAMS 0x000000008bf00000| PB 0x000000008bf00000| Updating 
| 192|0x000000008c000000, 0x000000008c100000, 0x000000008c100000|100%|HS|  |TAMS 0x000000008c000000| PB 0x000000008c000000| Complete 
| 193|0x000000008c100000, 0x000000008c200000, 0x000000008c200000|100%|HS|  |TAMS 0x000000008c100000| PB 0x000000008c100000| Complete 
| 194|0x000000008c200000, 0x000000008c300000, 0x000000008c300000|100%|HS|  |TAMS 0x000000008c200000| PB 0x000000008c200000| Complete 
| 195|0x000000008c300000, 0x000000008c400000, 0x000000008c400000|100%|HS|  |TAMS 0x000000008c300000| PB 0x000000008c300000| Complete 
| 196|0x000000008c400000, 0x000000008c500000, 0x000000008c500000|100%|HS|  |TAMS 0x000000008c400000| PB 0x000000008c400000| Complete 
| 197|0x000000008c500000, 0x000000008c600000, 0x000000008c600000|100%|HS|  |TAMS 0x000000008c600000| PB 0x000000008c500000| Complete 
| 198|0x000000008c600000, 0x000000008c700000, 0x000000008c700000|100%|HC|  |TAMS 0x000000008c700000| PB 0x000000008c600000| Complete 
| 199|0x000000008c700000, 0x000000008c800000, 0x000000008c800000|100%|HC|  |TAMS 0x000000008c800000| PB 0x000000008c700000| Complete 
| 200|0x000000008c800000, 0x000000008c900000, 0x000000008c900000|100%|HC|  |TAMS 0x000000008c900000| PB 0x000000008c800000| Complete 
| 201|0x000000008c900000, 0x000000008ca00000, 0x000000008ca00000|100%|HS|  |TAMS 0x000000008c900000| PB 0x000000008c900000| Complete 
| 202|0x000000008ca00000, 0x000000008cb00000, 0x000000008cb00000|100%|HC|  |TAMS 0x000000008ca00000| PB 0x000000008ca00000| Complete 
| 203|0x000000008cb00000, 0x000000008cc00000, 0x000000008cc00000|100%|HS|  |TAMS 0x000000008cb00000| PB 0x000000008cb00000| Complete 
| 204|0x000000008cc00000, 0x000000008cd00000, 0x000000008cd00000|100%|HC|  |TAMS 0x000000008cc00000| PB 0x000000008cc00000| Complete 
| 205|0x000000008cd00000, 0x000000008ce00000, 0x000000008ce00000|100%|HS|  |TAMS 0x000000008cd00000| PB 0x000000008cd00000| Complete 
| 206|0x000000008ce00000, 0x000000008cf00000, 0x000000008cf00000|100%|HS|  |TAMS 0x000000008ce00000| PB 0x000000008ce00000| Complete 
| 207|0x000000008cf00000, 0x000000008d000000, 0x000000008d000000|100%|HS|  |TAMS 0x000000008cf00000| PB 0x000000008cf00000| Complete 
| 208|0x000000008d000000, 0x000000008d100000, 0x000000008d100000|100%|HS|  |TAMS 0x000000008d000000| PB 0x000000008d000000| Complete 
| 209|0x000000008d100000, 0x000000008d200000, 0x000000008d200000|100%|HC|  |TAMS 0x000000008d100000| PB 0x000000008d100000| Complete 
| 210|0x000000008d200000, 0x000000008d300000, 0x000000008d300000|100%|HS|  |TAMS 0x000000008d200000| PB 0x000000008d200000| Complete 
| 211|0x000000008d300000, 0x000000008d400000, 0x000000008d400000|100%|HC|  |TAMS 0x000000008d300000| PB 0x000000008d300000| Complete 
| 212|0x000000008d400000, 0x000000008d500000, 0x000000008d500000|100%|HC|  |TAMS 0x000000008d400000| PB 0x000000008d400000| Complete 
| 213|0x000000008d500000, 0x000000008d600000, 0x000000008d600000|100%|HS|  |TAMS 0x000000008d500000| PB 0x000000008d500000| Complete 
| 214|0x000000008d600000, 0x000000008d700000, 0x000000008d700000|100%|HS|  |TAMS 0x000000008d600000| PB 0x000000008d600000| Complete 
| 215|0x000000008d700000, 0x000000008d800000, 0x000000008d800000|100%|HC|  |TAMS 0x000000008d700000| PB 0x000000008d700000| Complete 
| 216|0x000000008d800000, 0x000000008d900000, 0x000000008d900000|100%|HS|  |TAMS 0x000000008d900000| PB 0x000000008d800000| Complete 
| 217|0x000000008d900000, 0x000000008da00000, 0x000000008da00000|100%|HS|  |TAMS 0x000000008da00000| PB 0x000000008d900000| Complete 
| 218|0x000000008da00000, 0x000000008db00000, 0x000000008db00000|100%|HC|  |TAMS 0x000000008db00000| PB 0x000000008da00000| Complete 
| 219|0x000000008db00000, 0x000000008dc00000, 0x000000008dc00000|100%|HS|  |TAMS 0x000000008dc00000| PB 0x000000008db00000| Complete 
| 220|0x000000008dc00000, 0x000000008dd00000, 0x000000008dd00000|100%|HC|  |TAMS 0x000000008dd00000| PB 0x000000008dc00000| Complete 
| 221|0x000000008dd00000, 0x000000008de00000, 0x000000008de00000|100%|HS|  |TAMS 0x000000008dd00000| PB 0x000000008dd00000| Complete 
| 222|0x000000008de00000, 0x000000008df00000, 0x000000008df00000|100%|HC|  |TAMS 0x000000008de00000| PB 0x000000008de00000| Complete 
| 223|0x000000008df00000, 0x000000008e000000, 0x000000008e000000|100%|HC|  |TAMS 0x000000008df00000| PB 0x000000008df00000| Complete 
| 224|0x000000008e000000, 0x000000008e100000, 0x000000008e100000|100%|HC|  |TAMS 0x000000008e000000| PB 0x000000008e000000| Complete 
| 225|0x000000008e100000, 0x000000008e200000, 0x000000008e200000|100%|HS|  |TAMS 0x000000008e100000| PB 0x000000008e100000| Complete 
| 226|0x000000008e200000, 0x000000008e300000, 0x000000008e300000|100%|HC|  |TAMS 0x000000008e200000| PB 0x000000008e200000| Complete 
| 227|0x000000008e300000, 0x000000008e400000, 0x000000008e400000|100%|HS|  |TAMS 0x000000008e300000| PB 0x000000008e300000| Complete 
| 228|0x000000008e400000, 0x000000008e500000, 0x000000008e500000|100%|HS|  |TAMS 0x000000008e400000| PB 0x000000008e400000| Complete 
| 229|0x000000008e500000, 0x000000008e600000, 0x000000008e600000|100%|HC|  |TAMS 0x000000008e500000| PB 0x000000008e500000| Complete 
| 230|0x000000008e600000, 0x000000008e700000, 0x000000008e700000|100%|HS|  |TAMS 0x000000008e600000| PB 0x000000008e600000| Complete 
| 231|0x000000008e700000, 0x000000008e800000, 0x000000008e800000|100%|HC|  |TAMS 0x000000008e700000| PB 0x000000008e700000| Complete 
| 232|0x000000008e800000, 0x000000008e900000, 0x000000008e900000|100%|HS|  |TAMS 0x000000008e800000| PB 0x000000008e800000| Complete 
| 233|0x000000008e900000, 0x000000008ea00000, 0x000000008ea00000|100%|HS|  |TAMS 0x000000008e900000| PB 0x000000008e900000| Complete 
| 234|0x000000008ea00000, 0x000000008eb00000, 0x000000008eb00000|100%|HC|  |TAMS 0x000000008ea00000| PB 0x000000008ea00000| Complete 
| 235|0x000000008eb00000, 0x000000008ec00000, 0x000000008ec00000|100%|HS|  |TAMS 0x000000008eb00000| PB 0x000000008eb00000| Complete 
| 236|0x000000008ec00000, 0x000000008ed00000, 0x000000008ed00000|100%|HC|  |TAMS 0x000000008ec00000| PB 0x000000008ec00000| Complete 
| 237|0x000000008ed00000, 0x000000008ee00000, 0x000000008ee00000|100%|HS|  |TAMS 0x000000008ed00000| PB 0x000000008ed00000| Complete 
| 238|0x000000008ee00000, 0x000000008ef00000, 0x000000008ef00000|100%|HS|  |TAMS 0x000000008ee00000| PB 0x000000008ee00000| Complete 
| 239|0x000000008ef00000, 0x000000008f000000, 0x000000008f000000|100%|HC|  |TAMS 0x000000008ef00000| PB 0x000000008ef00000| Complete 
| 240|0x000000008f000000, 0x000000008f100000, 0x000000008f100000|100%|HS|  |TAMS 0x000000008f000000| PB 0x000000008f000000| Complete 
| 241|0x000000008f100000, 0x000000008f200000, 0x000000008f200000|100%|HC|  |TAMS 0x000000008f100000| PB 0x000000008f100000| Complete 
| 242|0x000000008f200000, 0x000000008f300000, 0x000000008f300000|100%|HS|  |TAMS 0x000000008f200000| PB 0x000000008f200000| Complete 
| 243|0x000000008f300000, 0x000000008f400000, 0x000000008f400000|100%|HS|  |TAMS 0x000000008f300000| PB 0x000000008f300000| Complete 
| 244|0x000000008f400000, 0x000000008f500000, 0x000000008f500000|100%|HC|  |TAMS 0x000000008f400000| PB 0x000000008f400000| Complete 
| 245|0x000000008f500000, 0x000000008f600000, 0x000000008f600000|100%|HS|  |TAMS 0x000000008f500000| PB 0x000000008f500000| Complete 
| 246|0x000000008f600000, 0x000000008f700000, 0x000000008f700000|100%|HC|  |TAMS 0x000000008f600000| PB 0x000000008f600000| Complete 
| 247|0x000000008f700000, 0x000000008f800000, 0x000000008f800000|100%|HS|  |TAMS 0x000000008f800000| PB 0x000000008f700000| Complete 
| 248|0x000000008f800000, 0x000000008f900000, 0x000000008f900000|100%|HC|  |TAMS 0x000000008f900000| PB 0x000000008f800000| Complete 
| 249|0x000000008f900000, 0x000000008fa00000, 0x000000008fa00000|100%|HC|  |TAMS 0x000000008fa00000| PB 0x000000008f900000| Complete 
| 250|0x000000008fa00000, 0x000000008fb00000, 0x000000008fb00000|100%|HC|  |TAMS 0x000000008fb00000| PB 0x000000008fa00000| Complete 
| 251|0x000000008fb00000, 0x000000008fc00000, 0x000000008fc00000|100%|HC|  |TAMS 0x000000008fc00000| PB 0x000000008fb00000| Complete 
| 252|0x000000008fc00000, 0x000000008fd00000, 0x000000008fd00000|100%|HC|  |TAMS 0x000000008fd00000| PB 0x000000008fc00000| Complete 
| 253|0x000000008fd00000, 0x000000008fe00000, 0x000000008fe00000|100%|HC|  |TAMS 0x000000008fe00000| PB 0x000000008fd00000| Complete 
| 254|0x000000008fe00000, 0x000000008ff00000, 0x000000008ff00000|100%|HC|  |TAMS 0x000000008ff00000| PB 0x000000008fe00000| Complete 
| 255|0x000000008ff00000, 0x0000000090000000, 0x0000000090000000|100%|HC|  |TAMS 0x0000000090000000| PB 0x000000008ff00000| Complete 
| 256|0x0000000090000000, 0x0000000090100000, 0x0000000090100000|100%|HC|  |TAMS 0x0000000090100000| PB 0x0000000090000000| Complete 
| 257|0x0000000090100000, 0x0000000090200000, 0x0000000090200000|100%|HC|  |TAMS 0x0000000090200000| PB 0x0000000090100000| Complete 
| 258|0x0000000090200000, 0x0000000090300000, 0x0000000090300000|100%|HC|  |TAMS 0x0000000090300000| PB 0x0000000090200000| Complete 
| 259|0x0000000090300000, 0x0000000090400000, 0x0000000090400000|100%|HC|  |TAMS 0x0000000090400000| PB 0x0000000090300000| Complete 
| 260|0x0000000090400000, 0x0000000090500000, 0x0000000090500000|100%|HC|  |TAMS 0x0000000090500000| PB 0x0000000090400000| Complete 
| 261|0x0000000090500000, 0x0000000090600000, 0x0000000090600000|100%|HC|  |TAMS 0x0000000090600000| PB 0x0000000090500000| Complete 
| 262|0x0000000090600000, 0x0000000090700000, 0x0000000090700000|100%|HC|  |TAMS 0x0000000090700000| PB 0x0000000090600000| Complete 
| 263|0x0000000090700000, 0x0000000090800000, 0x0000000090800000|100%|HC|  |TAMS 0x0000000090800000| PB 0x0000000090700000| Complete 
| 264|0x0000000090800000, 0x0000000090900000, 0x0000000090900000|100%|HC|  |TAMS 0x0000000090900000| PB 0x0000000090800000| Complete 
| 265|0x0000000090900000, 0x0000000090a00000, 0x0000000090a00000|100%|HC|  |TAMS 0x0000000090a00000| PB 0x0000000090900000| Complete 
| 266|0x0000000090a00000, 0x0000000090b00000, 0x0000000090b00000|100%|HC|  |TAMS 0x0000000090b00000| PB 0x0000000090a00000| Complete 
| 267|0x0000000090b00000, 0x0000000090c00000, 0x0000000090c00000|100%|HC|  |TAMS 0x0000000090c00000| PB 0x0000000090b00000| Complete 
| 268|0x0000000090c00000, 0x0000000090d00000, 0x0000000090d00000|100%|HC|  |TAMS 0x0000000090d00000| PB 0x0000000090c00000| Complete 
| 269|0x0000000090d00000, 0x0000000090e00000, 0x0000000090e00000|100%|HC|  |TAMS 0x0000000090e00000| PB 0x0000000090d00000| Complete 
| 270|0x0000000090e00000, 0x0000000090f00000, 0x0000000090f00000|100%|HC|  |TAMS 0x0000000090f00000| PB 0x0000000090e00000| Complete 
| 271|0x0000000090f00000, 0x0000000091000000, 0x0000000091000000|100%|HC|  |TAMS 0x0000000091000000| PB 0x0000000090f00000| Complete 
| 272|0x0000000091000000, 0x0000000091100000, 0x0000000091100000|100%|HC|  |TAMS 0x0000000091100000| PB 0x0000000091000000| Complete 
| 273|0x0000000091100000, 0x0000000091200000, 0x0000000091200000|100%|HC|  |TAMS 0x0000000091200000| PB 0x0000000091100000| Complete 
| 274|0x0000000091200000, 0x0000000091300000, 0x0000000091300000|100%|HC|  |TAMS 0x0000000091300000| PB 0x0000000091200000| Complete 
| 275|0x0000000091300000, 0x0000000091400000, 0x0000000091400000|100%|HC|  |TAMS 0x0000000091400000| PB 0x0000000091300000| Complete 
| 276|0x0000000091400000, 0x0000000091500000, 0x0000000091500000|100%|HC|  |TAMS 0x0000000091500000| PB 0x0000000091400000| Complete 
| 277|0x0000000091500000, 0x0000000091600000, 0x0000000091600000|100%|HS|  |TAMS 0x0000000091500000| PB 0x0000000091500000| Complete 
| 278|0x0000000091600000, 0x0000000091700000, 0x0000000091700000|100%|HS|  |TAMS 0x0000000091600000| PB 0x0000000091600000| Complete 
| 279|0x0000000091700000, 0x0000000091800000, 0x0000000091800000|100%|HC|  |TAMS 0x0000000091700000| PB 0x0000000091700000| Complete 
| 280|0x0000000091800000, 0x0000000091900000, 0x0000000091900000|100%|HS|  |TAMS 0x0000000091800000| PB 0x0000000091800000| Complete 
| 281|0x0000000091900000, 0x0000000091a00000, 0x0000000091a00000|100%|HC|  |TAMS 0x0000000091900000| PB 0x0000000091900000| Complete 
| 282|0x0000000091a00000, 0x0000000091b00000, 0x0000000091b00000|100%|HC|  |TAMS 0x0000000091a00000| PB 0x0000000091a00000| Complete 
| 283|0x0000000091b00000, 0x0000000091c00000, 0x0000000091c00000|100%|HS|  |TAMS 0x0000000091b00000| PB 0x0000000091b00000| Complete 
| 284|0x0000000091c00000, 0x0000000091d00000, 0x0000000091d00000|100%|HS|  |TAMS 0x0000000091c00000| PB 0x0000000091c00000| Complete 
| 285|0x0000000091d00000, 0x0000000091e00000, 0x0000000091e00000|100%|HS|  |TAMS 0x0000000091e00000| PB 0x0000000091d00000| Complete 
| 286|0x0000000091e00000, 0x0000000091f00000, 0x0000000091f00000|100%|HC|  |TAMS 0x0000000091f00000| PB 0x0000000091e00000| Complete 
| 287|0x0000000091f00000, 0x0000000092000000, 0x0000000092000000|100%|HC|  |TAMS 0x0000000092000000| PB 0x0000000091f00000| Complete 
| 288|0x0000000092000000, 0x0000000092100000, 0x0000000092100000|100%|HC|  |TAMS 0x0000000092100000| PB 0x0000000092000000| Complete 
| 289|0x0000000092100000, 0x0000000092200000, 0x0000000092200000|100%|HC|  |TAMS 0x0000000092200000| PB 0x0000000092100000| Complete 
| 290|0x0000000092200000, 0x0000000092300000, 0x0000000092300000|100%|HS|  |TAMS 0x0000000092200000| PB 0x0000000092200000| Complete 
| 291|0x0000000092300000, 0x0000000092400000, 0x0000000092400000|100%|HC|  |TAMS 0x0000000092300000| PB 0x0000000092300000| Complete 
| 292|0x0000000092400000, 0x0000000092500000, 0x0000000092500000|100%|HC|  |TAMS 0x0000000092400000| PB 0x0000000092400000| Complete 
| 293|0x0000000092500000, 0x0000000092500000, 0x0000000092600000|  0%| F|  |TAMS 0x0000000092500000| PB 0x0000000092500000| Untracked 
| 294|0x0000000092600000, 0x0000000092600000, 0x0000000092700000|  0%| F|  |TAMS 0x0000000092600000| PB 0x0000000092600000| Untracked 
| 295|0x0000000092700000, 0x0000000092700000, 0x0000000092800000|  0%| F|  |TAMS 0x0000000092700000| PB 0x0000000092700000| Untracked 
| 296|0x0000000092800000, 0x0000000092800000, 0x0000000092900000|  0%| F|  |TAMS 0x0000000092800000| PB 0x0000000092800000| Untracked 
| 297|0x0000000092900000, 0x0000000092900000, 0x0000000092a00000|  0%| F|  |TAMS 0x0000000092900000| PB 0x0000000092900000| Untracked 
| 298|0x0000000092a00000, 0x0000000092a00000, 0x0000000092b00000|  0%| F|  |TAMS 0x0000000092a00000| PB 0x0000000092a00000| Untracked 
| 299|0x0000000092b00000, 0x0000000092b00000, 0x0000000092c00000|  0%| F|  |TAMS 0x0000000092b00000| PB 0x0000000092b00000| Untracked 
| 300|0x0000000092c00000, 0x0000000092c00000, 0x0000000092d00000|  0%| F|  |TAMS 0x0000000092c00000| PB 0x0000000092c00000| Untracked 
| 301|0x0000000092d00000, 0x0000000092d00000, 0x0000000092e00000|  0%| F|  |TAMS 0x0000000092d00000| PB 0x0000000092d00000| Untracked 
| 302|0x0000000092e00000, 0x0000000092e00000, 0x0000000092f00000|  0%| F|  |TAMS 0x0000000092e00000| PB 0x0000000092e00000| Untracked 
| 303|0x0000000092f00000, 0x0000000092f00000, 0x0000000093000000|  0%| F|  |TAMS 0x0000000092f00000| PB 0x0000000092f00000| Untracked 
| 304|0x0000000093000000, 0x0000000093000000, 0x0000000093100000|  0%| F|  |TAMS 0x0000000093000000| PB 0x0000000093000000| Untracked 
| 305|0x0000000093100000, 0x0000000093100000, 0x0000000093200000|  0%| F|  |TAMS 0x0000000093100000| PB 0x0000000093100000| Untracked 
| 306|0x0000000093200000, 0x0000000093200000, 0x0000000093300000|  0%| F|  |TAMS 0x0000000093200000| PB 0x0000000093200000| Untracked 
| 307|0x0000000093300000, 0x0000000093300000, 0x0000000093400000|  0%| F|  |TAMS 0x0000000093300000| PB 0x0000000093300000| Untracked 
| 308|0x0000000093400000, 0x0000000093400000, 0x0000000093500000|  0%| F|  |TAMS 0x0000000093400000| PB 0x0000000093400000| Untracked 
| 309|0x0000000093500000, 0x0000000093500000, 0x0000000093600000|  0%| F|  |TAMS 0x0000000093500000| PB 0x0000000093500000| Untracked 
| 310|0x0000000093600000, 0x0000000093600000, 0x0000000093700000|  0%| F|  |TAMS 0x0000000093600000| PB 0x0000000093600000| Untracked 
| 311|0x0000000093700000, 0x0000000093700000, 0x0000000093800000|  0%| F|  |TAMS 0x0000000093700000| PB 0x0000000093700000| Untracked 
| 312|0x0000000093800000, 0x0000000093800000, 0x0000000093900000|  0%| F|  |TAMS 0x0000000093800000| PB 0x0000000093800000| Untracked 
| 313|0x0000000093900000, 0x0000000093900000, 0x0000000093a00000|  0%| F|  |TAMS 0x0000000093900000| PB 0x0000000093900000| Untracked 
| 314|0x0000000093a00000, 0x0000000093a00000, 0x0000000093b00000|  0%| F|  |TAMS 0x0000000093a00000| PB 0x0000000093a00000| Untracked 
| 315|0x0000000093b00000, 0x0000000093b00000, 0x0000000093c00000|  0%| F|  |TAMS 0x0000000093b00000| PB 0x0000000093b00000| Untracked 
| 316|0x0000000093c00000, 0x0000000093c00000, 0x0000000093d00000|  0%| F|  |TAMS 0x0000000093c00000| PB 0x0000000093c00000| Untracked 
| 317|0x0000000093d00000, 0x0000000093d00000, 0x0000000093e00000|  0%| F|  |TAMS 0x0000000093d00000| PB 0x0000000093d00000| Untracked 
| 318|0x0000000093e00000, 0x0000000093e00000, 0x0000000093f00000|  0%| F|  |TAMS 0x0000000093e00000| PB 0x0000000093e00000| Untracked 
| 319|0x0000000093f00000, 0x0000000093f00000, 0x0000000094000000|  0%| F|  |TAMS 0x0000000093f00000| PB 0x0000000093f00000| Untracked 
| 320|0x0000000094000000, 0x0000000094100000, 0x0000000094100000|100%| E|  |TAMS 0x0000000094000000| PB 0x0000000094000000| Complete 
| 321|0x0000000094100000, 0x0000000094200000, 0x0000000094200000|100%| E|CS|TAMS 0x0000000094100000| PB 0x0000000094100000| Complete 
| 322|0x0000000094200000, 0x0000000094300000, 0x0000000094300000|100%| E|CS|TAMS 0x0000000094200000| PB 0x0000000094200000| Complete 
| 323|0x0000000094300000, 0x00000000943ffc88, 0x0000000094400000| 99%| E|  |TAMS 0x0000000094300000| PB 0x0000000094300000| Complete 
| 324|0x0000000094400000, 0x0000000094500000, 0x0000000094500000|100%| E|CS|TAMS 0x0000000094400000| PB 0x0000000094400000| Complete 
| 325|0x0000000094500000, 0x0000000094600000, 0x0000000094600000|100%| E|CS|TAMS 0x0000000094500000| PB 0x0000000094500000| Complete 
| 326|0x0000000094600000, 0x0000000094700000, 0x0000000094700000|100%| E|CS|TAMS 0x0000000094600000| PB 0x0000000094600000| Complete 
| 327|0x0000000094700000, 0x00000000947c50b0, 0x0000000094800000| 76%| S|CS|TAMS 0x0000000094700000| PB 0x0000000094700000| Complete 
| 328|0x0000000094800000, 0x0000000094900000, 0x0000000094900000|100%| S|CS|TAMS 0x0000000094800000| PB 0x0000000094800000| Complete 
| 329|0x0000000094900000, 0x0000000094a00000, 0x0000000094a00000|100%| S|CS|TAMS 0x0000000094900000| PB 0x0000000094900000| Complete 
| 330|0x0000000094a00000, 0x0000000094b00000, 0x0000000094b00000|100%| S|CS|TAMS 0x0000000094a00000| PB 0x0000000094a00000| Complete 
| 331|0x0000000094b00000, 0x0000000094c00000, 0x0000000094c00000|100%| S|CS|TAMS 0x0000000094b00000| PB 0x0000000094b00000| Complete 
| 332|0x0000000094c00000, 0x0000000094d00000, 0x0000000094d00000|100%| S|CS|TAMS 0x0000000094c00000| PB 0x0000000094c00000| Complete 
| 333|0x0000000094d00000, 0x0000000094e00000, 0x0000000094e00000|100%| E|CS|TAMS 0x0000000094d00000| PB 0x0000000094d00000| Complete 
| 334|0x0000000094e00000, 0x0000000094f00000, 0x0000000094f00000|100%| E|CS|TAMS 0x0000000094e00000| PB 0x0000000094e00000| Complete 
| 335|0x0000000094f00000, 0x0000000095000000, 0x0000000095000000|100%| E|CS|TAMS 0x0000000094f00000| PB 0x0000000094f00000| Complete 
| 336|0x0000000095000000, 0x0000000095100000, 0x0000000095100000|100%| E|CS|TAMS 0x0000000095000000| PB 0x0000000095000000| Complete 
| 337|0x0000000095100000, 0x0000000095200000, 0x0000000095200000|100%| E|CS|TAMS 0x0000000095100000| PB 0x0000000095100000| Complete 
| 338|0x0000000095200000, 0x0000000095300000, 0x0000000095300000|100%| E|CS|TAMS 0x0000000095200000| PB 0x0000000095200000| Complete 
| 339|0x0000000095300000, 0x0000000095400000, 0x0000000095400000|100%| E|CS|TAMS 0x0000000095300000| PB 0x0000000095300000| Complete 
| 340|0x0000000095400000, 0x0000000095500000, 0x0000000095500000|100%| E|CS|TAMS 0x0000000095400000| PB 0x0000000095400000| Complete 
|2034|0x00000000ff200000, 0x00000000ff300000, 0x00000000ff300000|100%| O|  |TAMS 0x00000000ff2db2c0| PB 0x00000000ff2db2c0| Updating 
|2035|0x00000000ff300000, 0x00000000ff400000, 0x00000000ff400000|100%| O|  |TAMS 0x00000000ff400000| PB 0x00000000ff400000| Untracked 
|2036|0x00000000ff400000, 0x00000000ff500000, 0x00000000ff500000|100%| O|  |TAMS 0x00000000ff500000| PB 0x00000000ff500000| Untracked 
|2037|0x00000000ff500000, 0x00000000ff600000, 0x00000000ff600000|100%| E|CS|TAMS 0x00000000ff500000| PB 0x00000000ff500000| Complete 
|2038|0x00000000ff600000, 0x00000000ff700000, 0x00000000ff700000|100%| O|  |TAMS 0x00000000ff700000| PB 0x00000000ff700000| Updating 
|2039|0x00000000ff700000, 0x00000000ff800000, 0x00000000ff800000|100%| O|  |TAMS 0x00000000ff800000| PB 0x00000000ff800000| Untracked 
|2040|0x00000000ff800000, 0x00000000ff900000, 0x00000000ff900000|100%| O|  |TAMS 0x00000000ff900000| PB 0x00000000ff900000| Untracked 
|2041|0x00000000ff900000, 0x00000000ffa00000, 0x00000000ffa00000|100%| O|  |TAMS 0x00000000ffa00000| PB 0x00000000ffa00000| Untracked 
|2042|0x00000000ffa00000, 0x00000000ffb00000, 0x00000000ffb00000|100%| O|  |TAMS 0x00000000ffb00000| PB 0x00000000ffb00000| Untracked 
|2043|0x00000000ffb00000, 0x00000000ffc00000, 0x00000000ffc00000|100%| O|  |TAMS 0x00000000ffc00000| PB 0x00000000ffc00000| Untracked 
|2044|0x00000000ffc00000, 0x00000000ffd00000, 0x00000000ffd00000|100%| O|  |TAMS 0x00000000ffd00000| PB 0x00000000ffd00000| Untracked 
|2045|0x00000000ffd00000, 0x00000000ffe00000, 0x00000000ffe00000|100%| O|  |TAMS 0x00000000ffe00000| PB 0x00000000ffe00000| Untracked 
|2046|0x00000000ffe00000, 0x00000000fff00000, 0x00000000fff00000|100%| E|CS|TAMS 0x00000000ffe00000| PB 0x00000000ffe00000| Complete 
|2047|0x00000000fff00000, 0x0000000100000000, 0x0000000100000000|100%| E|CS|TAMS 0x00000000fff00000| PB 0x00000000fff00000| Complete 

Card table byte_map: [0x000002b929ab0000,0x000002b929eb0000] _byte_map_base: 0x000002b9296b0000

Marking Bits: (CMBitMap*) 0x000002b912011da0
 Bits: [0x000002b929eb0000, 0x000002b92beb0000)

Polling page: 0x000002b90fea0000

Metaspace:

Usage:
  Non-class:    102.79 MB used.
      Class:     15.88 MB used.
       Both:    118.67 MB used.

Virtual space:
  Non-class space:      128.00 MB reserved,     104.12 MB ( 81%) committed,  2 nodes.
      Class space:        1.00 GB reserved,      17.25 MB (  2%) committed,  1 nodes.
             Both:        1.12 GB reserved,     121.38 MB ( 11%) committed. 

Chunk freelists:
   Non-Class:  7.52 MB
       Class:  14.73 MB
        Both:  22.25 MB

MaxMetaspaceSize: unlimited
CompressedClassSpaceSize: 1.00 GB
Initial GC threshold: 21.00 MB
Current GC threshold: 196.19 MB
CDS: on
 - commit_granule_bytes: 65536.
 - commit_granule_words: 8192.
 - virtual_space_node_default_size: 8388608.
 - enlarge_chunks_in_place: 1.
 - use_allocation_guard: 0.


Internal statistics:

num_allocs_failed_limit: 6.
num_arena_births: 4982.
num_arena_deaths: 2.
num_vsnodes_births: 3.
num_vsnodes_deaths: 0.
num_space_committed: 1939.
num_space_uncommitted: 0.
num_chunks_returned_to_freelist: 8.
num_chunks_taken_from_freelist: 10701.
num_chunk_merges: 6.
num_chunk_splits: 6967.
num_chunks_enlarged: 4327.
num_inconsistent_stats: 0.

CodeHeap 'non-profiled nmethods': size=120000Kb used=7916Kb max_used=8190Kb free=112083Kb
 bounds [0x000002b922180000, 0x000002b922980000, 0x000002b9296b0000]
CodeHeap 'profiled nmethods': size=120000Kb used=22278Kb max_used=23298Kb free=97721Kb
 bounds [0x000002b91a6b0000, 0x000002b91bd80000, 0x000002b921be0000]
CodeHeap 'non-nmethods': size=5760Kb used=2521Kb max_used=2549Kb free=3238Kb
 bounds [0x000002b921be0000, 0x000002b921e70000, 0x000002b922180000]
 total_blobs=12593 nmethods=11650 adapters=846
 compilation: enabled
              stopped_count=0, restarted_count=0
 full_count=0

Compilation events (20 events):
Event: 107.321 Thread 0x000002b92e3c46a0 16615       3       com.android.tools.r8.graph.t3::a (24 bytes)
Event: 107.321 Thread 0x000002b92e3c46a0 nmethod 16615 0x000002b91baad010 code [0x000002b91baad200, 0x000002b91baad6d8]
Event: 107.321 Thread 0x000002b92e3c46a0 16616       3       com.android.tools.r8.internal.f82::b (81 bytes)
Event: 107.321 Thread 0x000002b92e3c46a0 nmethod 16616 0x000002b91b478390 code [0x000002b91b478560, 0x000002b91b478850]
Event: 107.321 Thread 0x000002b92e3c46a0 16617       3       com.android.tools.r8.dex.m0::a (26 bytes)
Event: 107.321 Thread 0x000002b92e3c46a0 nmethod 16617 0x000002b91b0c7310 code [0x000002b91b0c74c0, 0x000002b91b0c76b8]
Event: 107.326 Thread 0x000002b92e3c46a0 16618 % !   3       com.android.tools.r8.dex.z::k @ 99 (2710 bytes)
Event: 107.333 Thread 0x000002b92e3c46a0 nmethod 16618% 0x000002b91bd72290 code [0x000002b91bd72fc0, 0x000002b91bd7bcd8]
Event: 107.333 Thread 0x000002b92e3c46a0 16619       3       com.sun.org.apache.xerces.internal.dom.ParentNode::nodeListGetLength (141 bytes)
Event: 107.333 Thread 0x000002b92e3c46a0 nmethod 16619 0x000002b91b9eb290 code [0x000002b91b9eb4a0, 0x000002b91b9ebb88]
Event: 107.334 Thread 0x000002b92e3bf700 16620       4       kotlin.text.StringsKt__StringsJVMKt::regionMatches (42 bytes)
Event: 107.335 Thread 0x000002b92e3c46a0 16621       3       com.sun.org.apache.xerces.internal.impl.XMLDocumentScannerImpl::refresh (71 bytes)
Event: 107.335 Thread 0x000002b92e3c46a0 nmethod 16621 0x000002b91a78b910 code [0x000002b91a78bb20, 0x000002b91a78c490]
Event: 107.340 Thread 0x000002b92e3c46a0 16622       3       kotlin.text.StringsKt__StringsKt::lastIndexOf$default (29 bytes)
Event: 107.340 Thread 0x000002b92e3c46a0 nmethod 16622 0x000002b91abef390 code [0x000002b91abef5e0, 0x000002b91abefda0]
Event: 107.343 Thread 0x000002b92e3bf700 nmethod 16620 0x000002b922816490 code [0x000002b922816680, 0x000002b922816ee0]
Event: 107.349 Thread 0x000002b92e3c46a0 16623       3       com.android.ProgressManagerAdapter::checkCanceled (13 bytes)
Event: 107.349 Thread 0x000002b92e3c46a0 nmethod 16623 0x000002b91b0f4290 code [0x000002b91b0f4440, 0x000002b91b0f4630]
Event: 107.349 Thread 0x000002b92e3bf700 16624       4       com.sun.org.apache.xerces.internal.parsers.XML11Configuration::getPropertyState (23 bytes)
Event: 107.355 Thread 0x000002b92e3bf700 nmethod 16624 0x000002b92281e010 code [0x000002b92281e220, 0x000002b92281e8a8]

GC Heap History (20 events):
Event: 101.103 GC heap before
{Heap before GC invocations=47 (full 0):
 garbage-first heap   total 181248K, used 162073K [0x0000000080000000, 0x0000000100000000)
  region size 1024K, 54 young (55296K), 7 survivors (7168K)
 Metaspace       used 110776K, committed 113344K, reserved 1179648K
  class space    used 14960K, committed 16256K, reserved 1048576K
}
Event: 101.112 GC heap after
{Heap after GC invocations=48 (full 0):
 garbage-first heap   total 218112K, used 122036K [0x0000000080000000, 0x0000000100000000)
  region size 1024K, 7 young (7168K), 7 survivors (7168K)
 Metaspace       used 110776K, committed 113344K, reserved 1179648K
  class space    used 14960K, committed 16256K, reserved 1048576K
}
Event: 102.439 GC heap before
{Heap before GC invocations=49 (full 0):
 garbage-first heap   total 218112K, used 188596K [0x0000000080000000, 0x0000000100000000)
  region size 1024K, 73 young (74752K), 7 survivors (7168K)
 Metaspace       used 111354K, committed 113984K, reserved 1179648K
  class space    used 15005K, committed 16320K, reserved 1048576K
}
Event: 102.450 GC heap after
{Heap after GC invocations=50 (full 0):
 garbage-first heap   total 218112K, used 130340K [0x0000000080000000, 0x0000000100000000)
  region size 1024K, 9 young (9216K), 9 survivors (9216K)
 Metaspace       used 111354K, committed 113984K, reserved 1179648K
  class space    used 15005K, committed 16320K, reserved 1048576K
}
Event: 103.272 GC heap before
{Heap before GC invocations=50 (full 0):
 garbage-first heap   total 218112K, used 192804K [0x0000000080000000, 0x0000000100000000)
  region size 1024K, 71 young (72704K), 9 survivors (9216K)
 Metaspace       used 112863K, committed 115520K, reserved 1179648K
  class space    used 15196K, committed 16512K, reserved 1048576K
}
Event: 103.281 GC heap after
{Heap after GC invocations=51 (full 0):
 garbage-first heap   total 218112K, used 131072K [0x0000000080000000, 0x0000000100000000)
  region size 1024K, 5 young (5120K), 5 survivors (5120K)
 Metaspace       used 112863K, committed 115520K, reserved 1179648K
  class space    used 15196K, committed 16512K, reserved 1048576K
}
Event: 104.257 GC heap before
{Heap before GC invocations=51 (full 0):
 garbage-first heap   total 218112K, used 194560K [0x0000000080000000, 0x0000000100000000)
  region size 1024K, 68 young (69632K), 5 survivors (5120K)
 Metaspace       used 113592K, committed 116224K, reserved 1179648K
  class space    used 15287K, committed 16576K, reserved 1048576K
}
Event: 104.264 GC heap after
{Heap after GC invocations=52 (full 0):
 garbage-first heap   total 218112K, used 134144K [0x0000000080000000, 0x0000000100000000)
  region size 1024K, 8 young (8192K), 8 survivors (8192K)
 Metaspace       used 113592K, committed 116224K, reserved 1179648K
  class space    used 15287K, committed 16576K, reserved 1048576K
}
Event: 104.995 GC heap before
{Heap before GC invocations=53 (full 0):
 garbage-first heap   total 224256K, used 196608K [0x0000000080000000, 0x0000000100000000)
  region size 1024K, 70 young (71680K), 8 survivors (8192K)
 Metaspace       used 117252K, committed 120000K, reserved 1179648K
  class space    used 15728K, committed 17088K, reserved 1048576K
}
Event: 105.004 GC heap after
{Heap after GC invocations=54 (full 0):
 garbage-first heap   total 224256K, used 139997K [0x0000000080000000, 0x0000000100000000)
  region size 1024K, 8 young (8192K), 8 survivors (8192K)
 Metaspace       used 117252K, committed 120000K, reserved 1179648K
  class space    used 15728K, committed 17088K, reserved 1048576K
}
Event: 105.488 GC heap before
{Heap before GC invocations=54 (full 0):
 garbage-first heap   total 228352K, used 226013K [0x0000000080000000, 0x0000000100000000)
  region size 1024K, 36 young (36864K), 8 survivors (8192K)
 Metaspace       used 117551K, committed 120384K, reserved 1179648K
  class space    used 15761K, committed 17152K, reserved 1048576K
}
Event: 105.497 GC heap after
{Heap after GC invocations=55 (full 0):
 garbage-first heap   total 244736K, used 201897K [0x0000000080000000, 0x0000000100000000)
  region size 1024K, 7 young (7168K), 7 survivors (7168K)
 Metaspace       used 117551K, committed 120384K, reserved 1179648K
  class space    used 15761K, committed 17152K, reserved 1048576K
}
Event: 105.536 GC heap before
{Heap before GC invocations=55 (full 0):
 garbage-first heap   total 244736K, used 203945K [0x0000000080000000, 0x0000000100000000)
  region size 1024K, 11 young (11264K), 7 survivors (7168K)
 Metaspace       used 117553K, committed 120384K, reserved 1179648K
  class space    used 15761K, committed 17152K, reserved 1048576K
}
Event: 105.540 GC heap after
{Heap after GC invocations=56 (full 0):
 garbage-first heap   total 244736K, used 204010K [0x0000000080000000, 0x0000000100000000)
  region size 1024K, 2 young (2048K), 2 survivors (2048K)
 Metaspace       used 117553K, committed 120384K, reserved 1179648K
  class space    used 15761K, committed 17152K, reserved 1048576K
}
Event: 106.174 GC heap before
{Heap before GC invocations=57 (full 0):
 garbage-first heap   total 352256K, used 228586K [0x0000000080000000, 0x0000000100000000)
  region size 1024K, 21 young (21504K), 2 survivors (2048K)
 Metaspace       used 118470K, committed 121280K, reserved 1179648K
  class space    used 15873K, committed 17280K, reserved 1048576K
}
Event: 106.178 GC heap after
{Heap after GC invocations=58 (full 0):
 garbage-first heap   total 352256K, used 212354K [0x0000000080000000, 0x0000000100000000)
  region size 1024K, 3 young (3072K), 3 survivors (3072K)
 Metaspace       used 118470K, committed 121280K, reserved 1179648K
  class space    used 15873K, committed 17280K, reserved 1048576K
}
Event: 107.187 GC heap before
{Heap before GC invocations=58 (full 0):
 garbage-first heap   total 352256K, used 350594K [0x0000000080000000, 0x0000000100000000)
  region size 1024K, 44 young (45056K), 3 survivors (3072K)
 Metaspace       used 121403K, committed 124160K, reserved 1179648K
  class space    used 16246K, committed 17600K, reserved 1048576K
}
Event: 107.198 GC heap after
{Heap after GC invocations=59 (full 0):
 garbage-first heap   total 363520K, used 256576K [0x0000000080000000, 0x0000000100000000)
  region size 1024K, 8 young (8192K), 8 survivors (8192K)
 Metaspace       used 121403K, committed 124160K, reserved 1179648K
  class space    used 16246K, committed 17600K, reserved 1048576K
}
Event: 107.213 GC heap before
{Heap before GC invocations=59 (full 0):
 garbage-first heap   total 363520K, used 257600K [0x0000000080000000, 0x0000000100000000)
  region size 1024K, 11 young (11264K), 8 survivors (8192K)
 Metaspace       used 121416K, committed 124160K, reserved 1179648K
  class space    used 16246K, committed 17600K, reserved 1048576K
}
Event: 107.217 GC heap after
{Heap after GC invocations=60 (full 0):
 garbage-first heap   total 363520K, used 258047K [0x0000000080000000, 0x0000000100000000)
  region size 1024K, 6 young (6144K), 6 survivors (6144K)
 Metaspace       used 121416K, committed 124160K, reserved 1179648K
  class space    used 16246K, committed 17600K, reserved 1048576K
}

Dll operation events (16 events):
Event: 0.071 Loaded shared library C:\Users\Administrador\.gradle\jdks\eclipse_adoptium-21-amd64-windows.2\bin\java.dll
Event: 0.289 Loaded shared library C:\Users\Administrador\.gradle\jdks\eclipse_adoptium-21-amd64-windows.2\bin\jsvml.dll
Event: 0.332 Loaded shared library C:\Users\Administrador\.gradle\jdks\eclipse_adoptium-21-amd64-windows.2\bin\zip.dll
Event: 0.338 Loaded shared library C:\Users\Administrador\.gradle\jdks\eclipse_adoptium-21-amd64-windows.2\bin\instrument.dll
Event: 0.345 Loaded shared library C:\Users\Administrador\.gradle\jdks\eclipse_adoptium-21-amd64-windows.2\bin\net.dll
Event: 0.348 Loaded shared library C:\Users\Administrador\.gradle\jdks\eclipse_adoptium-21-amd64-windows.2\bin\nio.dll
Event: 0.351 Loaded shared library C:\Users\Administrador\.gradle\jdks\eclipse_adoptium-21-amd64-windows.2\bin\zip.dll
Event: 0.624 Loaded shared library C:\Users\Administrador\.gradle\jdks\eclipse_adoptium-21-amd64-windows.2\bin\jimage.dll
Event: 0.808 Loaded shared library C:\Users\Administrador\.gradle\jdks\eclipse_adoptium-21-amd64-windows.2\bin\verify.dll
Event: 0.837 Loaded shared library C:\Users\Administrador\.gradle\native\660c5614fbf4a5f2a75b1949f50a0caf5cd603558e7d8a26e50b933a0cfb79d1\windows-amd64\native-platform.dll
Event: 0.853 Loaded shared library C:\Users\Administrador\.gradle\native\0.2.8\x86_64-windows-gnu\gradle-fileevents.dll
Event: 1.647 Loaded shared library C:\Users\Administrador\.gradle\jdks\eclipse_adoptium-21-amd64-windows.2\bin\management.dll
Event: 1.653 Loaded shared library C:\Users\Administrador\.gradle\jdks\eclipse_adoptium-21-amd64-windows.2\bin\management_ext.dll
Event: 1.811 Loaded shared library C:\Users\Administrador\.gradle\jdks\eclipse_adoptium-21-amd64-windows.2\bin\extnet.dll
Event: 2.026 Loaded shared library C:\Users\Administrador\.gradle\jdks\eclipse_adoptium-21-amd64-windows.2\bin\sunmscapi.dll
Event: 104.778 Loaded shared library C:\Users\Administrador\.gradle\jdks\eclipse_adoptium-21-amd64-windows.2\bin\rmi.dll

Deoptimization events (20 events):
Event: 106.788 Thread 0x000002b97f665b30 Uncommon trap: trap_request=0xffffff45 fr.pc=0x000002b92233c608 relative=0x00000000000002e8
Event: 106.788 Thread 0x000002b97f665b30 Uncommon trap: reason=unstable_if action=reinterpret pc=0x000002b92233c608 method=java.lang.AbstractStringBuilder.appendChars([CII)V @ 10 c2
Event: 106.788 Thread 0x000002b97f665b30 DEOPT PACKING pc=0x000002b92233c608 sp=0x000000e4fb7fa190
Event: 106.788 Thread 0x000002b97f665b30 DEOPT UNPACKING pc=0x000002b921c37da2 sp=0x000000e4fb7fa108 mode 2
Event: 106.788 Thread 0x000002b97f665b30 Uncommon trap: trap_request=0xffffff45 fr.pc=0x000002b92226244c relative=0x000000000000050c
Event: 106.788 Thread 0x000002b97f665b30 Uncommon trap: reason=unstable_if action=reinterpret pc=0x000002b92226244c method=java.lang.String.<init>(Ljava/lang/AbstractStringBuilder;Ljava/lang/Void;)V @ 19 c2
Event: 106.788 Thread 0x000002b97f665b30 DEOPT PACKING pc=0x000002b92226244c sp=0x000000e4fb7f9f10
Event: 106.788 Thread 0x000002b97f665b30 DEOPT UNPACKING pc=0x000002b921c37da2 sp=0x000000e4fb7f9ed8 mode 2
Event: 107.005 Thread 0x000002b97faa39d0 Uncommon trap: trap_request=0xffffff45 fr.pc=0x000002b9222dfd90 relative=0x00000000000000f0
Event: 107.005 Thread 0x000002b97faa39d0 Uncommon trap: reason=unstable_if action=reinterpret pc=0x000002b9222dfd90 method=jdk.internal.misc.Unsafe.convEndian(ZS)S @ 4 c2
Event: 107.005 Thread 0x000002b97faa39d0 DEOPT PACKING pc=0x000002b9222dfd90 sp=0x000000e4fc4fd800
Event: 107.005 Thread 0x000002b97faa39d0 DEOPT UNPACKING pc=0x000002b921c37da2 sp=0x000000e4fc4fd598 mode 2
Event: 107.005 Thread 0x000002b97faa39d0 Uncommon trap: trap_request=0xffffff45 fr.pc=0x000002b9222868b0 relative=0x0000000000000090
Event: 107.005 Thread 0x000002b97faa39d0 Uncommon trap: reason=unstable_if action=reinterpret pc=0x000002b9222868b0 method=jdk.internal.misc.Unsafe.convEndian(ZS)S @ 4 c2
Event: 107.005 Thread 0x000002b97faa39d0 DEOPT PACKING pc=0x000002b9222868b0 sp=0x000000e4fc4fd670
Event: 107.005 Thread 0x000002b97faa39d0 DEOPT UNPACKING pc=0x000002b921c37da2 sp=0x000000e4fc4fd5a0 mode 2
Event: 107.177 Thread 0x000002b97faa39d0 DEOPT PACKING pc=0x000002b91aadf089 sp=0x000000e4fc4fd920
Event: 107.177 Thread 0x000002b97faa39d0 DEOPT UNPACKING pc=0x000002b921c388e2 sp=0x000000e4fc4fce88 mode 0
Event: 107.187 Thread 0x000002b97faa39d0 DEOPT PACKING pc=0x000002b91aadf089 sp=0x000000e4fc4fd920
Event: 107.187 Thread 0x000002b97faa39d0 DEOPT UNPACKING pc=0x000002b921c388e2 sp=0x000000e4fc4fce88 mode 0

Classes loaded (20 events):
Event: 104.878 Loading class sun/rmi/transport/Transport$1
Event: 104.878 Loading class sun/rmi/transport/Transport$1 done
Event: 104.879 Loading class sun/rmi/transport/DGCImpl$LeaseInfo
Event: 104.879 Loading class sun/rmi/transport/DGCImpl$LeaseInfo done
Event: 104.879 Loading class sun/rmi/transport/DGCImpl$1
Event: 104.879 Loading class sun/rmi/transport/DGCImpl$1 done
Event: 104.879 Loading class sun/rmi/transport/SequenceEntry
Event: 104.879 Loading class sun/rmi/transport/SequenceEntry done
Event: 105.112 Loading class java/nio/file/FileTreeIterator
Event: 105.112 Loading class java/nio/file/FileTreeIterator done
Event: 105.238 Loading class sun/nio/fs/Globs
Event: 105.239 Loading class sun/nio/fs/Globs done
Event: 105.239 Loading class java/util/regex/Pattern$SliceU
Event: 105.240 Loading class java/util/regex/Pattern$SliceU done
Event: 105.240 Loading class sun/nio/fs/WindowsFileSystem$2
Event: 105.240 Loading class sun/nio/fs/WindowsFileSystem$2 done
Event: 106.287 Loading class java/io/UTFDataFormatException
Event: 106.287 Loading class java/io/UTFDataFormatException done
Event: 106.946 Loading class java/nio/BufferUnderflowException
Event: 106.947 Loading class java/nio/BufferUnderflowException done

Classes unloaded (1 events):
Event: 99.035 Thread 0x000002b92e390d40 Unloading class 0x000002b930c39c00 'java/lang/invoke/LambdaForm$MH+0x000002b930c39c00'

Classes redefined (0 events):
No events

Internal exceptions (20 events):
Event: 104.821 Thread 0x000002b97faa46f0 Exception <a 'java/lang/NoSuchMethodError'{0x000000008acac470}: static Lorg/jetbrains/kotlin/daemon/common/CompileService$CallResult$Good;.<clinit>()V> (0x000000008acac470) 
thrown [s\src\hotspot\share\prims\jni.cpp, line 1111]
Event: 104.822 Thread 0x000002b97faa46f0 Exception <a 'java/lang/NoSuchMethodError'{0x000000008acb9ad8}: static Lorg/jetbrains/kotlin/daemon/common/DaemonJVMOptions;.<clinit>()V> (0x000000008acb9ad8) 
thrown [s\src\hotspot\share\prims\jni.cpp, line 1111]
Event: 104.828 Thread 0x000002b97faa46f0 Exception <a 'java/lang/NoSuchMethodError'{0x000000008ab0a0a0}: static Lorg/jetbrains/kotlin/daemon/common/CompileService$CallResult$Ok;.<clinit>()V> (0x000000008ab0a0a0) 
thrown [s\src\hotspot\share\prims\jni.cpp, line 1111]
Event: 104.858 Thread 0x000002b97faa46f0 Exception <a 'java/lang/NoSuchMethodError'{0x000000008a8823d0}: static [Ljava/lang/Integer;.<clinit>()V> (0x000000008a8823d0) 
thrown [s\src\hotspot\share\prims\jni.cpp, line 1111]
Event: 105.103 Thread 0x000002b97f665b30 Exception <a 'sun/nio/fs/WindowsException'{0x000000008d2adf50}> (0x000000008d2adf50) 
thrown [s\src\hotspot\share\prims\jni.cpp, line 520]
Event: 105.116 Thread 0x000002b97f6640f0 Exception <a 'sun/nio/fs/WindowsException'{0x000000008d1b5230}> (0x000000008d1b5230) 
thrown [s\src\hotspot\share\prims\jni.cpp, line 520]
Event: 105.637 Thread 0x000002b97f6640f0 Exception <a 'java/lang/NoSuchMethodError'{0x000000008e116168}: static Lcom/android/build/gradle/internal/tasks/AarMetadataArtifact;.<clinit>()V> (0x000000008e116168) 
thrown [s\src\hotspot\share\prims\jni.cpp, line 1111]
Event: 105.710 Thread 0x000002b97f665b30 Exception <a 'sun/nio/fs/WindowsException'{0x000000008df8c048}> (0x000000008df8c048) 
thrown [s\src\hotspot\share\prims\jni.cpp, line 520]
Event: 105.904 Thread 0x000002b97f665b30 Exception <a 'sun/nio/fs/WindowsException'{0x0000000094b71600}> (0x0000000094b71600) 
thrown [s\src\hotspot\share\prims\jni.cpp, line 520]
Event: 105.904 Thread 0x000002b97f665b30 Exception <a 'sun/nio/fs/WindowsException'{0x0000000094b78bf0}> (0x0000000094b78bf0) 
thrown [s\src\hotspot\share\prims\jni.cpp, line 520]
Event: 105.904 Thread 0x000002b97f665b30 Exception <a 'sun/nio/fs/WindowsException'{0x0000000094b78dc0}> (0x0000000094b78dc0) 
thrown [s\src\hotspot\share\prims\jni.cpp, line 520]
Event: 105.940 Thread 0x000002b97f6640f0 Exception <a 'sun/nio/fs/WindowsException'{0x0000000094bf6688}> (0x0000000094bf6688) 
thrown [s\src\hotspot\share\prims\jni.cpp, line 520]
Event: 106.011 Thread 0x000002b97f665b30 Exception <a 'sun/nio/fs/WindowsException'{0x000000009465c2c0}> (0x000000009465c2c0) 
thrown [s\src\hotspot\share\prims\jni.cpp, line 520]
Event: 106.011 Thread 0x000002b97f665b30 Exception <a 'sun/nio/fs/WindowsException'{0x00000000946656b8}> (0x00000000946656b8) 
thrown [s\src\hotspot\share\prims\jni.cpp, line 520]
Event: 106.011 Thread 0x000002b97f665b30 Exception <a 'sun/nio/fs/WindowsException'{0x00000000946681f0}> (0x00000000946681f0) 
thrown [s\src\hotspot\share\prims\jni.cpp, line 520]
Event: 106.011 Thread 0x000002b97f665b30 Exception <a 'sun/nio/fs/WindowsException'{0x000000009466b0a0}> (0x000000009466b0a0) 
thrown [s\src\hotspot\share\prims\jni.cpp, line 520]
Event: 106.011 Thread 0x000002b97f665b30 Exception <a 'sun/nio/fs/WindowsException'{0x000000009466dd50}> (0x000000009466dd50) 
thrown [s\src\hotspot\share\prims\jni.cpp, line 520]
Event: 106.920 Thread 0x000002b97faa39d0 Exception <a 'java/lang/NoSuchMethodError'{0x0000000092de9028}: 'java.lang.Object java.lang.invoke.DirectMethodHandle$Holder.invokeStaticInit(java.lang.Object, java.lang.Object, java.lang.Object, java.lang.Object, java.lang.Object, java.lang.Object, java.lang.Object, java.lang.Object, java.lang.Object, java.lang.Object, java.lang.Object, java.lang.Object, java.lang.Object, java.lang.Object, java.lang.Object, java.lang.Object, java.lang.Object, java.lang.Object, java.lang.Object, java.lang.Object, int, java
Event: 106.926 Thread 0x000002b97faa39d0 Exception <a 'java/lang/IncompatibleClassChangeError'{0x0000000092dff728}: Found class java.lang.Object, but interface was expected> (0x0000000092dff728) 
thrown [s\src\hotspot\share\interpreter\linkResolver.cpp, line 840]
Event: 106.927 Thread 0x000002b97faa39d0 Exception <a 'java/lang/IncompatibleClassChangeError'{0x0000000092c09300}: Found class java.lang.Object, but interface was expected> (0x0000000092c09300) 
thrown [s\src\hotspot\share\interpreter\linkResolver.cpp, line 840]

ZGC Phase Switch (0 events):
No events

VM Operations (20 events):
Event: 104.817 Executing VM operation: HandshakeAllThreads (Deoptimize) done
Event: 104.995 Executing VM operation: G1CollectForAllocation (G1 Evacuation Pause)
Event: 105.004 Executing VM operation: G1CollectForAllocation (G1 Evacuation Pause) done
Event: 105.488 Executing VM operation: G1CollectForAllocation (G1 Evacuation Pause)
Event: 105.497 Executing VM operation: G1CollectForAllocation (G1 Evacuation Pause) done
Event: 105.536 Executing VM operation: G1TryInitiateConcMark (G1 Humongous Allocation)
Event: 105.540 Executing VM operation: G1TryInitiateConcMark (G1 Humongous Allocation) done
Event: 105.710 Executing VM operation: G1PauseRemark
Event: 105.735 Executing VM operation: G1PauseRemark done
Event: 105.820 Executing VM operation: G1PauseCleanup
Event: 105.821 Executing VM operation: G1PauseCleanup done
Event: 106.174 Executing VM operation: G1CollectForAllocation (G1 Evacuation Pause)
Event: 106.178 Executing VM operation: G1CollectForAllocation (G1 Evacuation Pause) done
Event: 107.178 Executing VM operation: Cleanup
Event: 107.185 Executing VM operation: Cleanup done
Event: 107.187 Executing VM operation: G1CollectForAllocation (G1 Evacuation Pause)
Event: 107.199 Executing VM operation: G1CollectForAllocation (G1 Evacuation Pause) done
Event: 107.213 Executing VM operation: G1TryInitiateConcMark (G1 Humongous Allocation)
Event: 107.217 Executing VM operation: G1TryInitiateConcMark (G1 Humongous Allocation) done
Event: 107.389 Executing VM operation: G1PauseRemark

Memory protections (0 events):
No events

Nmethod flushes (20 events):
Event: 107.395 Thread 0x000002b92e390d40 flushing  nmethod 0x000002b91b16b590
Event: 107.395 Thread 0x000002b92e390d40 flushing  nmethod 0x000002b91b18c190
Event: 107.395 Thread 0x000002b92e390d40 flushing  nmethod 0x000002b91b18fb10
Event: 107.395 Thread 0x000002b92e390d40 flushing  nmethod 0x000002b91b190190
Event: 107.395 Thread 0x000002b92e390d40 flushing  nmethod 0x000002b91b193390
Event: 107.395 Thread 0x000002b92e390d40 flushing  nmethod 0x000002b91b1e8710
Event: 107.395 Thread 0x000002b92e390d40 flushing  nmethod 0x000002b91b1ebc10
Event: 107.395 Thread 0x000002b92e390d40 flushing  nmethod 0x000002b91b4cda90
Event: 107.395 Thread 0x000002b92e390d40 flushing  nmethod 0x000002b91b4cdf10
Event: 107.395 Thread 0x000002b92e390d40 flushing  nmethod 0x000002b91b4ce910
Event: 107.395 Thread 0x000002b92e390d40 flushing  nmethod 0x000002b91b4cf790
Event: 107.395 Thread 0x000002b92e390d40 flushing  nmethod 0x000002b91b4d0590
Event: 107.395 Thread 0x000002b92e390d40 flushing  nmethod 0x000002b91b4d1490
Event: 107.395 Thread 0x000002b92e390d40 flushing  nmethod 0x000002b91b4d1a10
Event: 107.395 Thread 0x000002b92e390d40 flushing  nmethod 0x000002b91b4d1e10
Event: 107.395 Thread 0x000002b92e390d40 flushing  nmethod 0x000002b91b4d6490
Event: 107.395 Thread 0x000002b92e390d40 flushing  nmethod 0x000002b91b7cd310
Event: 107.395 Thread 0x000002b92e390d40 flushing  nmethod 0x000002b91bcb1810
Event: 107.395 Thread 0x000002b92e390d40 flushing  nmethod 0x000002b91bcb2b10
Event: 107.395 Thread 0x000002b92e390d40 flushing  nmethod 0x000002b91bd19e10

Events (20 events):
Event: 104.011 Thread 0x000002b97f663a60 Thread added: 0x000002b97f6654a0
Event: 104.012 Thread 0x000002b97f663a60 Thread added: 0x000002b97669dbf0
Event: 104.110 Thread 0x000002b97f663a60 Thread added: 0x000002b97669bb20
Event: 104.592 Thread 0x000002b92e3c46a0 Thread added: 0x000002b92e29ada0
Event: 104.657 Thread 0x000002b97f65ff50 Thread added: 0x000002b9742dfe90
Event: 104.658 Thread 0x000002b97f65ff50 Thread added: 0x000002b9742dc380
Event: 104.660 Thread 0x000002b97f65ff50 Thread added: 0x000002b9742dca10
Event: 104.767 Thread 0x000002b97faa46f0 Thread added: 0x000002b9742e0520
Event: 104.776 Thread 0x000002b97faa46f0 Thread added: 0x000002b9742dd0a0
Event: 104.781 Thread 0x000002b97faa46f0 Thread added: 0x000002b9742dddc0
Event: 104.850 Thread 0x000002b97faa46f0 Thread added: 0x000002b9742d9590
Event: 104.852 Thread 0x000002b97faa46f0 Thread added: 0x000002b9742e0bb0
Event: 104.873 Thread 0x000002b9742d9590 Thread added: 0x000002b97f624b40
Event: 105.164 Thread 0x000002b97fa9eb10 Thread added: 0x000002b97f629a00
Event: 105.224 Thread 0x000002b97faa2cb0 Thread added: 0x000002b97f625ef0
Event: 105.420 Thread 0x000002b92e29ada0 Thread exited: 0x000002b92e29ada0
Event: 105.675 Thread 0x000002b92e3c46a0 Thread added: 0x000002b92e2962b0
Event: 105.832 Thread 0x000002b92e2962b0 Thread exited: 0x000002b92e2962b0
Event: 106.017 Thread 0x000002b92e3c46a0 Thread added: 0x000002b92e295510
Event: 106.185 Thread 0x000002b92e295510 Thread exited: 0x000002b92e295510


Dynamic libraries:
0x00007ff7860b0000 - 0x00007ff7860be000 	C:\Users\Administrador\.gradle\jdks\eclipse_adoptium-21-amd64-windows.2\bin\java.exe
0x00007ff88ccf0000 - 0x00007ff88cee9000 	C:\WINDOWS\SYSTEM32\ntdll.dll
0x00007ff84e0d0000 - 0x00007ff84e0f1000 	C:\Program Files\Avast Software\Avast\aswhook.dll
0x00007ff88be30000 - 0x00007ff88bef2000 	C:\WINDOWS\System32\KERNEL32.DLL
0x00007ff88a570000 - 0x00007ff88a867000 	C:\WINDOWS\System32\KERNELBASE.dll
0x00007ff88a9d0000 - 0x00007ff88aad0000 	C:\WINDOWS\System32\ucrtbase.dll
0x00007ff852b70000 - 0x00007ff852b88000 	C:\Users\Administrador\.gradle\jdks\eclipse_adoptium-21-amd64-windows.2\bin\jli.dll
0x00007ff88ad30000 - 0x00007ff88aecd000 	C:\WINDOWS\System32\USER32.dll
0x00007ff88a400000 - 0x00007ff88a422000 	C:\WINDOWS\System32\win32u.dll
0x00007ff88acf0000 - 0x00007ff88ad1b000 	C:\WINDOWS\System32\GDI32.dll
0x00007ff84f900000 - 0x00007ff84f91e000 	C:\Users\Administrador\.gradle\jdks\eclipse_adoptium-21-amd64-windows.2\bin\VCRUNTIME140.dll
0x00007ff88aad0000 - 0x00007ff88abea000 	C:\WINDOWS\System32\gdi32full.dll
0x00007ff88a360000 - 0x00007ff88a3fd000 	C:\WINDOWS\System32\msvcp_win.dll
0x00007ff873c20000 - 0x00007ff873ebb000 	C:\WINDOWS\WinSxS\amd64_microsoft.windows.common-controls_6595b64144ccf1df_6.0.19041.6926_none_60b5a53971f8f7e6\COMCTL32.dll
0x00007ff88aed0000 - 0x00007ff88af6e000 	C:\WINDOWS\System32\msvcrt.dll
0x00007ff88be00000 - 0x00007ff88be2f000 	C:\WINDOWS\System32\IMM32.DLL
0x00007ff86ad10000 - 0x00007ff86ad1c000 	C:\Users\Administrador\.gradle\jdks\eclipse_adoptium-21-amd64-windows.2\bin\vcruntime140_1.dll
0x00007ff84bbc0000 - 0x00007ff84bc4d000 	C:\Users\Administrador\.gradle\jdks\eclipse_adoptium-21-amd64-windows.2\bin\msvcp140.dll
0x00007fff9b740000 - 0x00007fff9c4d0000 	C:\Users\Administrador\.gradle\jdks\eclipse_adoptium-21-amd64-windows.2\bin\server\jvm.dll
0x00007ff88cb40000 - 0x00007ff88cbf1000 	C:\WINDOWS\System32\ADVAPI32.dll
0x00007ff88c770000 - 0x00007ff88c80f000 	C:\WINDOWS\System32\sechost.dll
0x00007ff88b970000 - 0x00007ff88ba96000 	C:\WINDOWS\System32\RPCRT4.dll
0x00007ff88ac40000 - 0x00007ff88ac67000 	C:\WINDOWS\System32\bcrypt.dll
0x00007ff88b820000 - 0x00007ff88b88b000 	C:\WINDOWS\System32\WS2_32.dll
0x00007ff8813b0000 - 0x00007ff8813d7000 	C:\WINDOWS\SYSTEM32\WINMM.dll
0x00007ff8828c0000 - 0x00007ff8828ca000 	C:\WINDOWS\SYSTEM32\VERSION.dll
0x00007ff88a1b0000 - 0x00007ff88a1fb000 	C:\WINDOWS\SYSTEM32\POWRPROF.dll
0x00007ff88a190000 - 0x00007ff88a1a2000 	C:\WINDOWS\SYSTEM32\UMPDC.dll
0x00007ff888b30000 - 0x00007ff888b42000 	C:\WINDOWS\SYSTEM32\kernel.appcore.dll
0x00007ff86a280000 - 0x00007ff86a28a000 	C:\Users\Administrador\.gradle\jdks\eclipse_adoptium-21-amd64-windows.2\bin\jimage.dll
0x00007ff888050000 - 0x00007ff888251000 	C:\WINDOWS\SYSTEM32\DBGHELP.DLL
0x00007ff881f60000 - 0x00007ff881f94000 	C:\WINDOWS\SYSTEM32\dbgcore.DLL
0x00007ff88a430000 - 0x00007ff88a4b2000 	C:\WINDOWS\System32\bcryptPrimitives.dll
0x00007ff8693d0000 - 0x00007ff8693df000 	C:\Users\Administrador\.gradle\jdks\eclipse_adoptium-21-amd64-windows.2\bin\instrument.dll
0x00007ff84c6b0000 - 0x00007ff84c6cf000 	C:\Users\Administrador\.gradle\jdks\eclipse_adoptium-21-amd64-windows.2\bin\java.dll
0x00007ff88bf00000 - 0x00007ff88c671000 	C:\WINDOWS\System32\SHELL32.dll
0x00007ff888370000 - 0x00007ff888b16000 	C:\WINDOWS\SYSTEM32\windows.storage.dll
0x00007ff88baa0000 - 0x00007ff88bdf3000 	C:\WINDOWS\System32\combase.dll
0x00007ff889bd0000 - 0x00007ff889bfb000 	C:\WINDOWS\SYSTEM32\Wldp.dll
0x00007ff88b890000 - 0x00007ff88b966000 	C:\WINDOWS\System32\OLEAUT32.dll
0x00007ff88b0f0000 - 0x00007ff88b19d000 	C:\WINDOWS\System32\SHCORE.dll
0x00007ff88c710000 - 0x00007ff88c76b000 	C:\WINDOWS\System32\shlwapi.dll
0x00007ff88a280000 - 0x00007ff88a2a4000 	C:\WINDOWS\SYSTEM32\profapi.dll
0x00007ff8381e0000 - 0x00007ff8382b7000 	C:\Users\Administrador\.gradle\jdks\eclipse_adoptium-21-amd64-windows.2\bin\jsvml.dll
0x00007ff84bba0000 - 0x00007ff84bbb8000 	C:\Users\Administrador\.gradle\jdks\eclipse_adoptium-21-amd64-windows.2\bin\zip.dll
0x00007ff867fe0000 - 0x00007ff867ff0000 	C:\Users\Administrador\.gradle\jdks\eclipse_adoptium-21-amd64-windows.2\bin\net.dll
0x00007ff8821c0000 - 0x00007ff8822ca000 	C:\WINDOWS\SYSTEM32\WINHTTP.dll
0x00007ff889980000 - 0x00007ff8899ea000 	C:\WINDOWS\system32\mswsock.dll
0x00007ff84bb00000 - 0x00007ff84bb16000 	C:\Users\Administrador\.gradle\jdks\eclipse_adoptium-21-amd64-windows.2\bin\nio.dll
0x00007ff867cc0000 - 0x00007ff867cd0000 	C:\Users\Administrador\.gradle\jdks\eclipse_adoptium-21-amd64-windows.2\bin\verify.dll
0x00007ff858240000 - 0x00007ff858267000 	C:\Users\Administrador\.gradle\native\660c5614fbf4a5f2a75b1949f50a0caf5cd603558e7d8a26e50b933a0cfb79d1\windows-amd64\native-platform.dll
0x00007ff841a20000 - 0x00007ff841a97000 	C:\Users\Administrador\.gradle\native\0.2.8\x86_64-windows-gnu\gradle-fileevents.dll
0x00007ff867b00000 - 0x00007ff867b0a000 	C:\Users\Administrador\.gradle\jdks\eclipse_adoptium-21-amd64-windows.2\bin\management.dll
0x00007ff867750000 - 0x00007ff86775b000 	C:\Users\Administrador\.gradle\jdks\eclipse_adoptium-21-amd64-windows.2\bin\management_ext.dll
0x00007ff88c810000 - 0x00007ff88c818000 	C:\WINDOWS\System32\PSAPI.DLL
0x00007ff889680000 - 0x00007ff8896bb000 	C:\WINDOWS\SYSTEM32\IPHLPAPI.DLL
0x00007ff88ad20000 - 0x00007ff88ad28000 	C:\WINDOWS\System32\NSI.dll
0x00007ff864450000 - 0x00007ff864459000 	C:\Users\Administrador\.gradle\jdks\eclipse_adoptium-21-amd64-windows.2\bin\extnet.dll
0x00007ff889f40000 - 0x00007ff889f58000 	C:\WINDOWS\SYSTEM32\CRYPTSP.dll
0x00007ff8892c0000 - 0x00007ff8892f8000 	C:\WINDOWS\system32\rsaenh.dll
0x00007ff88a200000 - 0x00007ff88a22e000 	C:\WINDOWS\SYSTEM32\USERENV.dll
0x00007ff889b40000 - 0x00007ff889b4c000 	C:\WINDOWS\SYSTEM32\CRYPTBASE.dll
0x00007ff863dd0000 - 0x00007ff863dde000 	C:\Users\Administrador\.gradle\jdks\eclipse_adoptium-21-amd64-windows.2\bin\sunmscapi.dll
0x00007ff88a870000 - 0x00007ff88a9cd000 	C:\WINDOWS\System32\CRYPT32.dll
0x00007ff889c40000 - 0x00007ff889c67000 	C:\WINDOWS\SYSTEM32\ncrypt.dll
0x00007ff889c00000 - 0x00007ff889c3b000 	C:\WINDOWS\SYSTEM32\NTASN1.dll
0x00007ff882460000 - 0x00007ff882467000 	C:\WINDOWS\system32\wshunix.dll
0x00007ff889510000 - 0x00007ff889543000 	C:\WINDOWS\SYSTEM32\ntmarta.dll
0x00007ff886b70000 - 0x00007ff886b77000 	C:\Users\Administrador\.gradle\jdks\eclipse_adoptium-21-amd64-windows.2\bin\rmi.dll

dbghelp: loaded successfully - version: 4.0.5 - missing functions: none
symbol engine: initialized successfully - sym options: 0x614 - pdb path: .;C:\Users\Administrador\.gradle\jdks\eclipse_adoptium-21-amd64-windows.2\bin;C:\WINDOWS\SYSTEM32;C:\Program Files\Avast Software\Avast;C:\WINDOWS\WinSxS\amd64_microsoft.windows.common-controls_6595b64144ccf1df_6.0.19041.6926_none_60b5a53971f8f7e6;C:\Users\Administrador\.gradle\jdks\eclipse_adoptium-21-amd64-windows.2\bin\server;C:\Users\Administrador\.gradle\native\660c5614fbf4a5f2a75b1949f50a0caf5cd603558e7d8a26e50b933a0cfb79d1\windows-amd64;C:\Users\Administrador\.gradle\native\0.2.8\x86_64-windows-gnu

VM Arguments:
jvm_args: --add-opens=java.base/java.lang=ALL-UNNAMED --add-opens=java.base/java.lang.invoke=ALL-UNNAMED --add-opens=java.base/java.util=ALL-UNNAMED --add-opens=java.prefs/java.util.prefs=ALL-UNNAMED --add-exports=jdk.compiler/com.sun.tools.javac.api=ALL-UNNAMED --add-exports=jdk.compiler/com.sun.tools.javac.util=ALL-UNNAMED --add-opens=java.base/java.util=ALL-UNNAMED --add-opens=java.prefs/java.util.prefs=ALL-UNNAMED --add-opens=java.base/java.nio.charset=ALL-UNNAMED --add-opens=java.base/java.net=ALL-UNNAMED --add-opens=java.base/java.util.concurrent=ALL-UNNAMED --add-opens=java.base/java.util.concurrent.atomic=ALL-UNNAMED --add-opens=java.xml/javax.xml.namespace=ALL-UNNAMED --add-opens=java.base/java.time=ALL-UNNAMED -Xmx2048m -Dfile.encoding=UTF-8 -Duser.country=BR -Duser.language=pt -Duser.variant -javaagent:C:\Users\Administrador\.gradle\wrapper\dists\gradle-9.3.1-bin\23ovyewtku6u96viwx3xl3oks\gradle-9.3.1\lib\agents\gradle-instrumentation-agent-9.3.1.jar 
java_command: org.gradle.launcher.daemon.bootstrap.GradleDaemon 9.3.1
java_class_path (initial): C:\Users\Administrador\.gradle\wrapper\dists\gradle-9.3.1-bin\23ovyewtku6u96viwx3xl3oks\gradle-9.3.1\lib\gradle-daemon-main-9.3.1.jar
Launcher Type: SUN_STANDARD

[Global flags]
     intx CICompilerCount                          = 3                                         {product} {ergonomic}
     uint ConcGCThreads                            = 1                                         {product} {ergonomic}
     uint G1ConcRefinementThreads                  = 4                                         {product} {ergonomic}
   size_t G1HeapRegionSize                         = 1048576                                   {product} {ergonomic}
    uintx GCDrainStackTargetSize                   = 64                                        {product} {ergonomic}
   size_t InitialHeapSize                          = 199229440                                 {product} {ergonomic}
   size_t MarkStackSize                            = 4194304                                   {product} {ergonomic}
   size_t MaxHeapSize                              = 2147483648                                {product} {command line}
   size_t MaxNewSize                               = 1287651328                                {product} {ergonomic}
   size_t MinHeapDeltaBytes                        = 1048576                                   {product} {ergonomic}
   size_t MinHeapSize                              = 8388608                                   {product} {ergonomic}
    uintx NonNMethodCodeHeapSize                   = 5832780                                {pd product} {ergonomic}
    uintx NonProfiledCodeHeapSize                  = 122912730                              {pd product} {ergonomic}
    uintx ProfiledCodeHeapSize                     = 122912730                              {pd product} {ergonomic}
    uintx ReservedCodeCacheSize                    = 251658240                              {pd product} {ergonomic}
     bool SegmentedCodeCache                       = true                                      {product} {ergonomic}
   size_t SoftMaxHeapSize                          = 2147483648                             {manageable} {ergonomic}
     bool UseCompressedOops                        = true                           {product lp64_product} {ergonomic}
     bool UseG1GC                                  = true                                      {product} {ergonomic}
     bool UseLargePagesIndividualAllocation        = false                                  {pd product} {ergonomic}

Logging:
Log output configuration:
 #0: stdout all=warning uptime,level,tags foldmultilines=false
 #1: stderr all=off uptime,level,tags foldmultilines=false

Environment Variables:
PATH=C:\Program Files\Microsoft MPI\Bin\;C:\Program Files\Common Files\Oracle\Java\javapath;C:\Program Files (x86)\Common Files\Oracle\Java\java8path;C:\Program Files (x86)\Common Files\Oracle\Java\javapath;C:\WINDOWS\system32;C:\WINDOWS;C:\WINDOWS\System32\Wbem;C:\WINDOWS\System32\WindowsPowerShell\v1.0\;C:\WINDOWS\System32\OpenSSH\;C:\Program Files (x86)\Microsoft SQL Server\170\Tools\Binn\;C:\Program Files\Microsoft SQL Server\170\Tools\Binn\;C:\Program Files\Microsoft SQL Server\Client SDK\ODBC\180\Tools\Binn\;C:\Program Files\Microsoft SQL Server\170\DTS\Binn\;C:\Program Files\nodejs\;C:\Program Files\Git\cmd;C:\Users\Administrador\AppData\Local\Programs\Python\Python313\Scripts\;C:\Users\Administrador\AppData\Local\Programs\Python\Python313\;C:\Users\Administrador\AppData\Local\Microsoft\WindowsApps;C:\Users\Administrador\AppData\Local\Programs\Microsoft VS Code\bin;C:\Users\Administrador\AppData\Local\Python\bin;C:\Users\Administrador\AppData\Roaming\npm;C:\Users\Administrador\.lmstudio\bin
USERNAME=Administrador
TERM=xterm
OS=Windows_NT
PROCESSOR_IDENTIFIER=Intel64 Family 6 Model 126 Stepping 5, GenuineIntel
TMP=C:\Users\ADMINI~1\AppData\Local\Temp
TEMP=C:\Users\ADMINI~1\AppData\Local\Temp




Periodic native trim disabled

---------------  S Y S T E M  ---------------

OS:
 Windows 10 , 64 bit Build 19041 (10.0.19041.7291)
OS uptime: 2 days 0:37 hours
Hyper-V role detected

CPU: total 4 (initial active 4) (4 cores per cpu, 2 threads per core) family 6 model 126 stepping 5 microcode 0xa6, cx8, cmov, fxsr, ht, mmx, 3dnowpref, sse, sse2, sse3, ssse3, sse4.1, sse4.2, popcnt, lzcnt, tsc, tscinvbit, avx, avx2, aes, erms, clmul, bmi1, bmi2, adx, avx512f, avx512dq, avx512cd, avx512bw, avx512vl, sha, fma, vzeroupper, avx512_vpopcntdq, avx512_vpclmulqdq, avx512_vaes, avx512_vnni, clflush, clflushopt, avx512_vbmi2, avx512_vbmi, hv, rdtscp, rdpid, fsrm, gfni, avx512_bitalg, f16c, avx512_ifma
Processor Information for the first 4 processors :
  Max Mhz: 1190, Current Mhz: 991, Mhz Limit: 987

Memory: 4k page, system-wide physical 12083M (272M free)
TotalPageFile size 48947M (AvailPageFile size 34M)
current process WorkingSet (physical memory assigned to process): 647M, peak: 648M
current process commit charge ("private bytes"): 692M, peak: 854M

vm_info: OpenJDK 64-Bit Server VM (21.0.7+6-LTS) for windows-amd64 JRE (21.0.7+6-LTS), built on 2025-04-15T00:00:00Z by "admin" with MS VC++ 17.7 (VS2022)

END.
