#
# There is insufficient memory for the Java Runtime Environment to continue.
# Native memory allocation (mmap) failed to map 113246208 bytes. Error detail: G1 virtual space
# Possible reasons:
#   The system is out of physical RAM or swap space
#   This process is running with CompressedOops enabled, and the Java Heap may be blocking the growth of the native heap
# Possible solutions:
#   Reduce memory load on the system
#   Increase physical memory or swap space
#   Check if swap backing store is full
#   Decrease Java heap size (-Xmx/-Xms)
#   Decrease number of Java threads
#   Decrease Java thread stack sizes (-Xss)
#   Set larger code cache with -XX:ReservedCodeCacheSize=
#   JVM is running with Unscaled Compressed Oops mode in which the Java heap is
#     placed in the first 4GB address space. The Java Heap base address is the
#     maximum limit for the native heap growth. Please use -XX:HeapBaseMinAddress
#     to set the Java Heap base and to place the Java Heap above 4GB virtual address.
# This output file may be truncated or incomplete.
#
#  Out of Memory Error (os_windows.cpp:3925), pid=16472, tid=23048
#
# JRE version: OpenJDK Runtime Environment (21.0.9) (build 21.0.9+-14787801-b1163.94)
# Java VM: OpenJDK 64-Bit Server VM (21.0.9+-14787801-b1163.94, mixed mode, tiered, compressed oops, compressed class ptrs, g1 gc, windows-amd64)
# No core dump will be written. Minidumps are not enabled by default on client versions of Windows
#

---------------  S U M M A R Y ------------

Command Line: --add-opens=java.base/java.lang=ALL-UNNAMED --add-opens=java.base/java.lang.invoke=ALL-UNNAMED --add-opens=java.base/java.util=ALL-UNNAMED --add-opens=java.prefs/java.util.prefs=ALL-UNNAMED --add-exports=jdk.compiler/com.sun.tools.javac.api=ALL-UNNAMED --add-exports=jdk.compiler/com.sun.tools.javac.util=ALL-UNNAMED --add-opens=java.base/java.util=ALL-UNNAMED --add-opens=java.prefs/java.util.prefs=ALL-UNNAMED --add-opens=java.base/java.nio.charset=ALL-UNNAMED --add-opens=java.base/java.net=ALL-UNNAMED --add-opens=java.base/java.util.concurrent=ALL-UNNAMED --add-opens=java.base/java.util.concurrent.atomic=ALL-UNNAMED --add-opens=java.xml/javax.xml.namespace=ALL-UNNAMED --add-opens=java.base/java.time=ALL-UNNAMED -Xmx2048m -Dfile.encoding=UTF-8 -Duser.country=BR -Duser.language=pt -Duser.variant -javaagent:C:\Users\Administrador\.gradle\wrapper\dists\gradle-9.3.1-bin\23ovyewtku6u96viwx3xl3oks\gradle-9.3.1\lib\agents\gradle-instrumentation-agent-9.3.1.jar org.gradle.launcher.daemon.bootstrap.GradleDaemon 9.3.1

Host: Intel(R) Core(TM) i5-1035G1 CPU @ 1.00GHz, 4 cores, 11G,  Windows 10 , 64 bit Build 19041 (10.0.19041.7291)
Time: Fri Jun 26 08:52:56 2026 Hora oficial do Brasil elapsed time: 23.661557 seconds (0d 0h 0m 23s)

---------------  T H R E A D  ---------------

Current thread (0x00000258ed661fb0):  VMThread "VM Thread"          [id=23048, stack(0x000000aedcc00000,0x000000aedcd00000) (1024K)]

Stack: [0x000000aedcc00000,0x000000aedcd00000]
Native frames: (J=compiled Java code, j=interpreted, Vv=VM code, C=native code)
V  [jvm.dll+0x6d6c99]
V  [jvm.dll+0x866b83]
V  [jvm.dll+0x8691ae]
V  [jvm.dll+0x869893]
V  [jvm.dll+0x280776]
V  [jvm.dll+0x6d3555]
V  [jvm.dll+0x6c6bea]
V  [jvm.dll+0x3587fb]
V  [jvm.dll+0x360476]
V  [jvm.dll+0x3b2646]
V  [jvm.dll+0x3b2918]
V  [jvm.dll+0x32af0c]
V  [jvm.dll+0x32af97]
V  [jvm.dll+0x370e7c]
V  [jvm.dll+0x36f62e]
V  [jvm.dll+0x32a661]
V  [jvm.dll+0x36ed30]
V  [jvm.dll+0x86f618]
V  [jvm.dll+0x870994]
V  [jvm.dll+0x870ed0]
V  [jvm.dll+0x871163]
V  [jvm.dll+0x80f118]
V  [jvm.dll+0x6d54ed]
C  [ucrtbase.dll+0x21bb2]
C  [KERNEL32.DLL+0x17374]
C  [ntdll.dll+0x4cc91]

VM_Operation (0x000000aee05fcd80): G1CollectForAllocation, mode: safepoint, requested by thread 0x00000258f2f10a90


---------------  P R O C E S S  ---------------

Threads class SMR info:
_java_thread_list=0x00000258f71c5c50, length=93, elements={
0x00000258d4543fa0, 0x00000258ed85d420, 0x00000258ed871ba0, 0x00000258ed8726d0,
0x00000258ed875200, 0x00000258ed8819a0, 0x00000258ed882e40, 0x00000258ed8997d0,
0x00000258ed89d5a0, 0x00000258ed8a3970, 0x00000258f2060f60, 0x00000258f4183bb0,
0x00000258f3145c40, 0x00000258f377f220, 0x00000258f42f7c20, 0x00000258f43fb960,
0x00000258f43fb2d0, 0x00000258f43fbff0, 0x00000258f43fac40, 0x00000258f46c1770,
0x00000258f46c03c0, 0x00000258f46c4bf0, 0x00000258f46c3840, 0x00000258f46c2490,
0x00000258f46c1e00, 0x00000258f46c31b0, 0x00000258f46c4560, 0x00000258f46c5280,
0x00000258f46bf010, 0x00000258f46c2b20, 0x00000258f46c5fa0, 0x00000258f46bf6a0,
0x00000258f46c0a50, 0x00000258f5248dc0, 0x00000258f5247380, 0x00000258f5247a10,
0x00000258f5249450, 0x00000258f5245fd0, 0x00000258f5246660, 0x00000258f5246cf0,
0x00000258f52480a0, 0x00000258f73c64b0, 0x00000258f73c6b40, 0x00000258f73c5100,
0x00000258f73c43e0, 0x00000258f73c4a70, 0x00000258f73c3d50, 0x00000258f73c5e20,
0x00000258f2f0e330, 0x00000258f2f11e40, 0x00000258f2f0c8f0, 0x00000258f2f124d0,
0x00000258f2f12b60, 0x00000258f2f10a90, 0x00000258f2f0fd70, 0x00000258f2f0e9c0,
0x00000258f2f10400, 0x00000258f2f0d610, 0x00000258f2f19e60, 0x00000258f2f17d90,
0x00000258f71eb6c0, 0x00000258f71f2ce0, 0x00000258f71f12a0, 0x00000258f71f1930,
0x00000258f71ed100, 0x00000258f71ef860, 0x00000258f2f19140, 0x00000258f8c322f0,
0x00000258f8c2d430, 0x00000258f8c2c080, 0x00000258fdc65410, 0x00000258fdc695b0,
0x00000258fdc64060, 0x00000258fdc69c40, 0x00000258fdc64d80, 0x00000258fdc66e50,
0x00000258fdc68f20, 0x00000258fdc6a2d0, 0x00000258fdc6a960, 0x00000258fdc66130,
0x00000258f71ed790, 0x00000258f71f1fc0, 0x00000258f71ebd50, 0x00000258f71eca70,
0x00000258f71ee4b0, 0x00000258f8c2c710, 0x00000258f8c2dac0, 0x00000258fdc9f520,
0x00000258fdc9ee90, 0x00000258fdc9e170, 0x00000258fdc9c730, 0x00000258fdc9e800,
0x00000258fdc9cdc0
}

Java Threads: ( => current thread )
  0x00000258d4543fa0 JavaThread "main"                              [_thread_blocked, id=20192, stack(0x000000aedc500000,0x000000aedc600000) (1024K)]
  0x00000258ed85d420 JavaThread "Common-Cleaner"             daemon [_thread_blocked, id=552, stack(0x000000aedcd00000,0x000000aedce00000) (1024K)]
  0x00000258ed871ba0 JavaThread "Reference Handler"          daemon [_thread_blocked, id=10900, stack(0x000000aedce00000,0x000000aedcf00000) (1024K)]
  0x00000258ed8726d0 JavaThread "Finalizer"                  daemon [_thread_blocked, id=1308, stack(0x000000aedcf00000,0x000000aedd000000) (1024K)]
  0x00000258ed875200 JavaThread "Signal Dispatcher"          daemon [_thread_blocked, id=15532, stack(0x000000aedd000000,0x000000aedd100000) (1024K)]
  0x00000258ed8819a0 JavaThread "Attach Listener"            daemon [_thread_blocked, id=12476, stack(0x000000aedd100000,0x000000aedd200000) (1024K)]
  0x00000258ed882e40 JavaThread "Service Thread"             daemon [_thread_blocked, id=21984, stack(0x000000aedd200000,0x000000aedd300000) (1024K)]
  0x00000258ed8997d0 JavaThread "Monitor Deflation Thread"   daemon [_thread_blocked, id=1380, stack(0x000000aedd300000,0x000000aedd400000) (1024K)]
  0x00000258ed89d5a0 JavaThread "C2 CompilerThread0"         daemon [_thread_blocked, id=7204, stack(0x000000aedd400000,0x000000aedd500000) (1024K)]
  0x00000258ed8a3970 JavaThread "C1 CompilerThread0"         daemon [_thread_blocked, id=14488, stack(0x000000aedd500000,0x000000aedd600000) (1024K)]
  0x00000258f2060f60 JavaThread "Notification Thread"        daemon [_thread_blocked, id=21172, stack(0x000000aedd600000,0x000000aedd700000) (1024K)]
  0x00000258f4183bb0 JavaThread "Daemon health stats"               [_thread_blocked, id=17272, stack(0x000000aeddb00000,0x000000aeddc00000) (1024K)]
  0x00000258f3145c40 JavaThread "Incoming local TCP Connector on port 61875"        [_thread_in_native, id=18144, stack(0x000000aeddc00000,0x000000aeddd00000) (1024K)]
  0x00000258f377f220 JavaThread "Daemon periodic checks"            [_thread_blocked, id=7568, stack(0x000000aeddd00000,0x000000aedde00000) (1024K)]
  0x00000258f42f7c20 JavaThread "Daemon"                            [_thread_blocked, id=23108, stack(0x000000aedde00000,0x000000aeddf00000) (1024K)]
  0x00000258f43fb960 JavaThread "Handler for socket connection from /127.0.0.1:61875 to /127.0.0.1:61876"        [_thread_in_native, id=18396, stack(0x000000aeddf00000,0x000000aede000000) (1024K)]
  0x00000258f43fb2d0 JavaThread "Cancel handler"                    [_thread_blocked, id=2588, stack(0x000000aede000000,0x000000aede100000) (1024K)]
  0x00000258f43fbff0 JavaThread "Daemon worker"                     [_thread_blocked, id=20684, stack(0x000000aede100000,0x000000aede200000) (1024K)]
  0x00000258f43fac40 JavaThread "Asynchronous log dispatcher for DefaultDaemonConnection: socket connection from /127.0.0.1:61875 to /127.0.0.1:61876"        [_thread_blocked, id=12948, stack(0x000000aede200000,0x000000aede300000) (1024K)]
  0x00000258f46c1770 JavaThread "Stdin handler"                     [_thread_blocked, id=19388, stack(0x000000aede300000,0x000000aede400000) (1024K)]
  0x00000258f46c03c0 JavaThread "Daemon client event forwarder"        [_thread_blocked, id=11604, stack(0x000000aede400000,0x000000aede500000) (1024K)]
  0x00000258f46c4bf0 JavaThread "Cache worker for journal cache (C:\Users\Administrador\.gradle\caches\journal-1)"        [_thread_blocked, id=14520, stack(0x000000aede500000,0x000000aede600000) (1024K)]
  0x00000258f46c3840 JavaThread "File lock request listener"        [_thread_in_native, id=288, stack(0x000000aede600000,0x000000aede700000) (1024K)]
  0x00000258f46c2490 JavaThread "Cache worker for file hash cache (C:\Users\Administrador\.gradle\caches\9.3.1\fileHashes)"        [_thread_blocked, id=15204, stack(0x000000aede700000,0x000000aede800000) (1024K)]
  0x00000258f46c1e00 JavaThread "Cache worker for file hash cache (C:\Users\Administrador\AndroidStudioProjects\Transporte_Interiorano\.gradle\9.3.1\fileHashes)"        [_thread_blocked, id=6576, stack(0x000000aede800000,0x000000aede900000) (1024K)]
  0x00000258f46c31b0 JavaThread "Cache worker for Build Output Cleanup Cache (C:\Users\Administrador\AndroidStudioProjects\Transporte_Interiorano\.gradle\buildOutputCleanup)"        [_thread_blocked, id=18028, stack(0x000000aede900000,0x000000aedea00000) (1024K)]
  0x00000258f46c4560 JavaThread "File watcher server"        daemon [_thread_blocked, id=10832, stack(0x000000aedea00000,0x000000aedeb00000) (1024K)]
  0x00000258f46c5280 JavaThread "File watcher consumer"      daemon [_thread_blocked, id=8384, stack(0x000000aedeb00000,0x000000aedec00000) (1024K)]
  0x00000258f46bf010 JavaThread "Cache worker for checksums cache (C:\Users\Administrador\AndroidStudioProjects\Transporte_Interiorano\.gradle\9.3.1\checksums)"        [_thread_blocked, id=10408, stack(0x000000aedec00000,0x000000aeded00000) (1024K)]
  0x00000258f46c2b20 JavaThread "Cache worker for file content cache (C:\Users\Administrador\.gradle\caches\9.3.1\fileContent)"        [_thread_blocked, id=8708, stack(0x000000aeded00000,0x000000aedee00000) (1024K)]
  0x00000258f46c5fa0 JavaThread "Cache worker for cache directory md-supplier (C:\Users\Administrador\.gradle\caches\9.3.1\md-supplier)"        [_thread_blocked, id=2216, stack(0x000000aedee00000,0x000000aedef00000) (1024K)]
  0x00000258f46bf6a0 JavaThread "Cache worker for cache directory md-rule (C:\Users\Administrador\.gradle\caches\9.3.1\md-rule)"        [_thread_blocked, id=9040, stack(0x000000aedef00000,0x000000aedf000000) (1024K)]
  0x00000258f46c0a50 JavaThread "jar transforms"                    [_thread_blocked, id=20284, stack(0x000000aedf000000,0x000000aedf100000) (1024K)]
  0x00000258f5248dc0 JavaThread "jar transforms Thread 2"           [_thread_blocked, id=7248, stack(0x000000aedf100000,0x000000aedf200000) (1024K)]
  0x00000258f5247380 JavaThread "jar transforms Thread 3"           [_thread_blocked, id=20964, stack(0x000000aedf200000,0x000000aedf300000) (1024K)]
  0x00000258f5247a10 JavaThread "Unconstrained build operations"        [_thread_blocked, id=6924, stack(0x000000aedf300000,0x000000aedf400000) (1024K)]
  0x00000258f5249450 JavaThread "Unconstrained build operations Thread 2"        [_thread_blocked, id=20880, stack(0x000000aedf400000,0x000000aedf500000) (1024K)]
  0x00000258f5245fd0 JavaThread "Unconstrained build operations Thread 3"        [_thread_blocked, id=11504, stack(0x000000aedf500000,0x000000aedf600000) (1024K)]
  0x00000258f5246660 JavaThread "Unconstrained build operations Thread 4"        [_thread_blocked, id=23432, stack(0x000000aedf600000,0x000000aedf700000) (1024K)]
  0x00000258f5246cf0 JavaThread "Unconstrained build operations Thread 5"        [_thread_blocked, id=16220, stack(0x000000aedf700000,0x000000aedf800000) (1024K)]
  0x00000258f52480a0 JavaThread "Unconstrained build operations Thread 6"        [_thread_blocked, id=6616, stack(0x000000aedf800000,0x000000aedf900000) (1024K)]
  0x00000258f73c64b0 JavaThread "jar transforms Thread 4"           [_thread_blocked, id=16812, stack(0x000000aedf900000,0x000000aedfa00000) (1024K)]
  0x00000258f73c6b40 JavaThread "Unconstrained build operations Thread 7"        [_thread_blocked, id=21072, stack(0x000000aedfa00000,0x000000aedfb00000) (1024K)]
  0x00000258f73c5100 JavaThread "Unconstrained build operations Thread 8"        [_thread_blocked, id=15004, stack(0x000000aedfb00000,0x000000aedfc00000) (1024K)]
  0x00000258f73c43e0 JavaThread "Unconstrained build operations Thread 9"        [_thread_blocked, id=1900, stack(0x000000aedfc00000,0x000000aedfd00000) (1024K)]
  0x00000258f73c4a70 JavaThread "Unconstrained build operations Thread 10"        [_thread_blocked, id=10084, stack(0x000000aedfd00000,0x000000aedfe00000) (1024K)]
  0x00000258f73c3d50 JavaThread "Unconstrained build operations Thread 11"        [_thread_blocked, id=22620, stack(0x000000aedfe00000,0x000000aedff00000) (1024K)]
  0x00000258f73c5e20 JavaThread "Unconstrained build operations Thread 12"        [_thread_blocked, id=23500, stack(0x000000aedff00000,0x000000aee0000000) (1024K)]
  0x00000258f2f0e330 JavaThread "Unconstrained build operations Thread 13"        [_thread_blocked, id=18836, stack(0x000000aee0000000,0x000000aee0100000) (1024K)]
  0x00000258f2f11e40 JavaThread "Unconstrained build operations Thread 14"        [_thread_blocked, id=4892, stack(0x000000aee0100000,0x000000aee0200000) (1024K)]
  0x00000258f2f0c8f0 JavaThread "Unconstrained build operations Thread 15"        [_thread_blocked, id=3872, stack(0x000000aee0200000,0x000000aee0300000) (1024K)]
  0x00000258f2f124d0 JavaThread "Unconstrained build operations Thread 16"        [_thread_blocked, id=6032, stack(0x000000aee0300000,0x000000aee0400000) (1024K)]
  0x00000258f2f12b60 JavaThread "Unconstrained build operations Thread 17"        [_thread_blocked, id=60, stack(0x000000aee0400000,0x000000aee0500000) (1024K)]
  0x00000258f2f10a90 JavaThread "Unconstrained build operations Thread 18"        [_thread_blocked, id=8516, stack(0x000000aee0500000,0x000000aee0600000) (1024K)]
  0x00000258f2f0fd70 JavaThread "Unconstrained build operations Thread 19"        [_thread_blocked, id=21936, stack(0x000000aee0600000,0x000000aee0700000) (1024K)]
  0x00000258f2f0e9c0 JavaThread "Unconstrained build operations Thread 20"        [_thread_blocked, id=10996, stack(0x000000aee0700000,0x000000aee0800000) (1024K)]
  0x00000258f2f10400 JavaThread "Unconstrained build operations Thread 21"        [_thread_blocked, id=8604, stack(0x000000aee0800000,0x000000aee0900000) (1024K)]
  0x00000258f2f0d610 JavaThread "build event listener"              [_thread_blocked, id=5760, stack(0x000000aedd700000,0x000000aedd800000) (1024K)]
  0x00000258f2f19e60 JavaThread "Memory manager"                    [_thread_blocked, id=17552, stack(0x000000aee0900000,0x000000aee0a00000) (1024K)]
  0x00000258f2f17d90 JavaThread "build event listener"              [_thread_blocked, id=6824, stack(0x000000aee0a00000,0x000000aee0b00000) (1024K)]
  0x00000258f71eb6c0 JavaThread "pool-3-thread-1"                   [_thread_blocked, id=11800, stack(0x000000aee0b00000,0x000000aee0c00000) (1024K)]
  0x00000258f71f2ce0 JavaThread "build event listener"              [_thread_blocked, id=7640, stack(0x000000aee0c00000,0x000000aee0d00000) (1024K)]
  0x00000258f71f12a0 JavaThread "included builds"                   [_thread_blocked, id=5040, stack(0x000000aee0d00000,0x000000aee0e00000) (1024K)]
  0x00000258f71f1930 JavaThread "Execution worker"                  [_thread_blocked, id=19136, stack(0x000000aee0e00000,0x000000aee0f00000) (1024K)]
  0x00000258f71ed100 JavaThread "Execution worker Thread 2"         [_thread_blocked, id=8508, stack(0x000000aee0f00000,0x000000aee1000000) (1024K)]
  0x00000258f71ef860 JavaThread "Execution worker Thread 3"         [_thread_blocked, id=15144, stack(0x000000aee1000000,0x000000aee1100000) (1024K)]
  0x00000258f2f19140 JavaThread "Cache worker for execution history cache (C:\Users\Administrador\AndroidStudioProjects\Transporte_Interiorano\.gradle\9.3.1\executionHistory)"        [_thread_blocked, id=22228, stack(0x000000aee1100000,0x000000aee1200000) (1024K)]
  0x00000258f8c322f0 JavaThread "Unconstrained build operations Thread 22"        [_thread_blocked, id=2640, stack(0x000000aee1200000,0x000000aee1300000) (1024K)]
  0x00000258f8c2d430 JavaThread "Unconstrained build operations Thread 23"        [_thread_blocked, id=11148, stack(0x000000aee1300000,0x000000aee1400000) (1024K)]
  0x00000258f8c2c080 JavaThread "Unconstrained build operations Thread 24"        [_thread_blocked, id=8836, stack(0x000000aee1400000,0x000000aee1500000) (1024K)]
  0x00000258fdc65410 JavaThread "Unconstrained build operations Thread 25"        [_thread_blocked, id=4016, stack(0x000000aee1500000,0x000000aee1600000) (1024K)]
  0x00000258fdc695b0 JavaThread "Unconstrained build operations Thread 26"        [_thread_blocked, id=8632, stack(0x000000aee1600000,0x000000aee1700000) (1024K)]
  0x00000258fdc64060 JavaThread "Unconstrained build operations Thread 27"        [_thread_blocked, id=12984, stack(0x000000aee1700000,0x000000aee1800000) (1024K)]
  0x00000258fdc69c40 JavaThread "Unconstrained build operations Thread 28"        [_thread_blocked, id=21756, stack(0x000000aee1800000,0x000000aee1900000) (1024K)]
  0x00000258fdc64d80 JavaThread "Unconstrained build operations Thread 29"        [_thread_blocked, id=15088, stack(0x000000aee1900000,0x000000aee1a00000) (1024K)]
  0x00000258fdc66e50 JavaThread "Unconstrained build operations Thread 30"        [_thread_blocked, id=16708, stack(0x000000aee1a00000,0x000000aee1b00000) (1024K)]
  0x00000258fdc68f20 JavaThread "Unconstrained build operations Thread 31"        [_thread_blocked, id=15116, stack(0x000000aee1b00000,0x000000aee1c00000) (1024K)]
  0x00000258fdc6a2d0 JavaThread "Unconstrained build operations Thread 32"        [_thread_blocked, id=9296, stack(0x000000aee1c00000,0x000000aee1d00000) (1024K)]
  0x00000258fdc6a960 JavaThread "Unconstrained build operations Thread 33"        [_thread_blocked, id=22212, stack(0x000000aee1d00000,0x000000aee1e00000) (1024K)]
  0x00000258fdc66130 JavaThread "Unconstrained build operations Thread 34"        [_thread_blocked, id=6552, stack(0x000000aee1e00000,0x000000aee1f00000) (1024K)]
  0x00000258f71ed790 JavaThread "Unconstrained build operations Thread 35"        [_thread_blocked, id=15052, stack(0x000000aee1f00000,0x000000aee2000000) (1024K)]
  0x00000258f71f1fc0 JavaThread "WorkerExecutor Queue"              [_thread_in_native, id=21976, stack(0x000000aee2000000,0x000000aee2100000) (1024K)]
  0x00000258f71ebd50 JavaThread "Unconstrained build operations Thread 36"        [_thread_blocked, id=5348, stack(0x000000aee2100000,0x000000aee2200000) (1024K)]
  0x00000258f71eca70 JavaThread "Unconstrained build operations Thread 37"        [_thread_blocked, id=8648, stack(0x000000aee2200000,0x000000aee2300000) (1024K)]
  0x00000258f71ee4b0 JavaThread "Unconstrained build operations Thread 38"        [_thread_blocked, id=20028, stack(0x000000aee2300000,0x000000aee2400000) (1024K)]
  0x00000258f8c2c710 JavaThread "Unconstrained build operations Thread 39"        [_thread_blocked, id=23196, stack(0x000000aee2500000,0x000000aee2600000) (1024K)]
  0x00000258f8c2dac0 JavaThread "Unconstrained build operations Thread 40"        [_thread_blocked, id=3612, stack(0x000000aee2600000,0x000000aee2700000) (1024K)]
  0x00000258fdc9f520 JavaThread "RMI Scheduler(0)"           daemon [_thread_blocked, id=8760, stack(0x000000aee2400000,0x000000aee2500000) (1024K)]
  0x00000258fdc9ee90 JavaThread "RMI RenewClean-[127.0.0.1:17026,org.jetbrains.kotlin.daemon.common.LoopbackNetworkInterface$ClientLoopbackSocketFactory@52ed9f03]" daemon [_thread_blocked, id=12280, stack(0x000000aee2700000,0x000000aee2800000) (1024K)]
  0x00000258fdc9e170 JavaThread "RMI GC Daemon"              daemon [_thread_blocked, id=22944, stack(0x000000aee2800000,0x000000aee2900000) (1024K)]
  0x00000258fdc9c730 JavaThread "RMI TCP Accept-0"           daemon [_thread_in_native, id=4836, stack(0x000000aee2900000,0x000000aee2a00000) (1024K)]
  0x00000258fdc9e800 JavaThread "RMI Reaper"                        [_thread_blocked, id=8848, stack(0x000000aee2a00000,0x000000aee2b00000) (1024K)]
  0x00000258fdc9cdc0 JavaThread "RMI TCP Connection(1)-127.0.0.1" daemon [_thread_in_native, id=23244, stack(0x000000aee2b00000,0x000000aee2c00000) (1024K)]
Total: 93

Other Threads:
=>0x00000258ed661fb0 VMThread "VM Thread"                           [id=23048, stack(0x000000aedcc00000,0x000000aedcd00000) (1024K)]
  0x00000258ed6500e0 WatcherThread "VM Periodic Task Thread"        [id=2728, stack(0x000000aedcb00000,0x000000aedcc00000) (1024K)]
  0x00000258d686e890 WorkerThread "GC Thread#0"                     [id=12708, stack(0x000000aedc600000,0x000000aedc700000) (1024K)]
  0x00000258ed662a90 WorkerThread "GC Thread#1"                     [id=15012, stack(0x000000aedd800000,0x000000aedd900000) (1024K)]
  0x00000258ed663570 WorkerThread "GC Thread#2"                     [id=14492, stack(0x000000aedd900000,0x000000aedda00000) (1024K)]
  0x00000258ed662350 WorkerThread "GC Thread#3"                     [id=18968, stack(0x000000aedda00000,0x000000aeddb00000) (1024K)]
  0x00000258d687f870 ConcurrentGCThread "G1 Main Marker"            [id=19648, stack(0x000000aedc700000,0x000000aedc800000) (1024K)]
  0x00000258d6880cf0 WorkerThread "G1 Conc#0"                       [id=220, stack(0x000000aedc800000,0x000000aedc900000) (1024K)]
  0x00000258ed523620 ConcurrentGCThread "G1 Refine#0"               [id=19768, stack(0x000000aedc900000,0x000000aedca00000) (1024K)]
  0x00000258ed525bc0 ConcurrentGCThread "G1 Service"                [id=17208, stack(0x000000aedca00000,0x000000aedcb00000) (1024K)]
Total: 10

Threads with active compile tasks:
Total: 0

VM state: at safepoint (normal execution)

VM Mutex/Monitor currently owned by a thread:  ([mutex/lock_event])
[0x00007fffe6be8690] Threads_lock - owner thread: 0x00000258ed661fb0
[0x00007fffe6be8790] Heap_lock - owner thread: 0x00000258f2f10a90

Heap address: 0x0000000080000000, size: 2048 MB, Compressed Oops mode: 32-bit

CDS archive(s) not mapped
Compressed class space mapped at: 0x0000000100000000-0x0000000140000000, reserved size: 1073741824
Narrow klass base: 0x0000000000000000, Narrow klass shift: 3, Narrow klass range: 0x140000000

GC Precious Log:
 CardTable entry size: 512
 Card Set container configuration: InlinePtr #cards 5 size 8 Array Of Cards #cards 12 size 40 Howl #buckets 4 coarsen threshold 1843 Howl Bitmap #cards 512 size 80 coarsen threshold 460 Card regions per heap region 1 cards per card region 2048
 CPUs: 4 total, 4 available
 Memory: 12083M
 Large Page Support: Disabled
 NUMA Support: Disabled
 Compressed Oops: Enabled (32-bit)
 Heap Region Size: 1M
 Heap Min Capacity: 8M
 Heap Initial Capacity: 190M
 Heap Max Capacity: 2G
 Pre-touch: Disabled
 Parallel Workers: 4
 Concurrent Workers: 1
 Concurrent Refinement Workers: 4
 Periodic GC: Disabled

Heap:
 garbage-first heap   total 367616K, used 139225K [0x0000000080000000, 0x0000000100000000)
  region size 1024K, 13 young (13312K), 13 survivors (13312K)
 Metaspace       used 123722K, committed 126144K, reserved 1179648K
  class space    used 17305K, committed 18496K, reserved 1048576K

Heap Regions: E=young(eden), S=young(survivor), O=old, HS=humongous(starts), HC=humongous(continues), CS=collection set, F=free, TAMS=top-at-mark-start, PB=parsable bottom
|   0|0x0000000080000000, 0x0000000080100000, 0x0000000080100000|100%|HS|  |TAMS 0x0000000080000000| PB 0x0000000080000000| Complete 
|   1|0x0000000080100000, 0x0000000080200000, 0x0000000080200000|100%|HC|  |TAMS 0x0000000080100000| PB 0x0000000080100000| Complete 
|   2|0x0000000080200000, 0x0000000080300000, 0x0000000080300000|100%|HC|  |TAMS 0x0000000080200000| PB 0x0000000080200000| Complete 
|   3|0x0000000080300000, 0x0000000080400000, 0x0000000080400000|100%|HC|  |TAMS 0x0000000080300000| PB 0x0000000080300000| Complete 
|   4|0x0000000080400000, 0x0000000080500000, 0x0000000080500000|100%|HS|  |TAMS 0x0000000080400000| PB 0x0000000080400000| Complete 
|   5|0x0000000080500000, 0x0000000080600000, 0x0000000080600000|100%| O|  |TAMS 0x0000000080500000| PB 0x0000000080500000| Untracked 
|   6|0x0000000080600000, 0x0000000080700000, 0x0000000080700000|100%| O|  |TAMS 0x0000000080600000| PB 0x0000000080600000| Untracked 
|   7|0x0000000080700000, 0x0000000080800000, 0x0000000080800000|100%| O|  |TAMS 0x0000000080700000| PB 0x0000000080700000| Untracked 
|   8|0x0000000080800000, 0x0000000080900000, 0x0000000080900000|100%| O|  |TAMS 0x0000000080800000| PB 0x0000000080800000| Untracked 
|   9|0x0000000080900000, 0x0000000080a00000, 0x0000000080a00000|100%| O|  |TAMS 0x0000000080900000| PB 0x0000000080900000| Untracked 
|  10|0x0000000080a00000, 0x0000000080b00000, 0x0000000080b00000|100%| O|  |TAMS 0x0000000080a00000| PB 0x0000000080a00000| Untracked 
|  11|0x0000000080b00000, 0x0000000080c00000, 0x0000000080c00000|100%| O|  |TAMS 0x0000000080b00000| PB 0x0000000080b00000| Untracked 
|  12|0x0000000080c00000, 0x0000000080d00000, 0x0000000080d00000|100%| O|  |TAMS 0x0000000080c00000| PB 0x0000000080c00000| Untracked 
|  13|0x0000000080d00000, 0x0000000080e00000, 0x0000000080e00000|100%| O|  |TAMS 0x0000000080d00000| PB 0x0000000080d00000| Untracked 
|  14|0x0000000080e00000, 0x0000000080f00000, 0x0000000080f00000|100%| O|  |TAMS 0x0000000080e00000| PB 0x0000000080e00000| Untracked 
|  15|0x0000000080f00000, 0x0000000081000000, 0x0000000081000000|100%| O|  |TAMS 0x0000000080f00000| PB 0x0000000080f00000| Untracked 
|  16|0x0000000081000000, 0x0000000081100000, 0x0000000081100000|100%| O|  |TAMS 0x0000000081000000| PB 0x0000000081000000| Untracked 
|  17|0x0000000081100000, 0x0000000081200000, 0x0000000081200000|100%| O|  |TAMS 0x0000000081100000| PB 0x0000000081100000| Untracked 
|  18|0x0000000081200000, 0x0000000081300000, 0x0000000081300000|100%| O|  |TAMS 0x0000000081200000| PB 0x0000000081200000| Untracked 
|  19|0x0000000081300000, 0x0000000081400000, 0x0000000081400000|100%| O|  |TAMS 0x0000000081300000| PB 0x0000000081300000| Untracked 
|  20|0x0000000081400000, 0x0000000081500000, 0x0000000081500000|100%| O|  |TAMS 0x0000000081400000| PB 0x0000000081400000| Untracked 
|  21|0x0000000081500000, 0x0000000081600000, 0x0000000081600000|100%| O|  |TAMS 0x0000000081500000| PB 0x0000000081500000| Untracked 
|  22|0x0000000081600000, 0x0000000081700000, 0x0000000081700000|100%| O|  |TAMS 0x0000000081600000| PB 0x0000000081600000| Untracked 
|  23|0x0000000081700000, 0x0000000081800000, 0x0000000081800000|100%| O|  |TAMS 0x0000000081700000| PB 0x0000000081700000| Untracked 
|  24|0x0000000081800000, 0x0000000081900000, 0x0000000081900000|100%| O|  |TAMS 0x0000000081800000| PB 0x0000000081800000| Untracked 
|  25|0x0000000081900000, 0x0000000081a00000, 0x0000000081a00000|100%| O|  |TAMS 0x0000000081900000| PB 0x0000000081900000| Untracked 
|  26|0x0000000081a00000, 0x0000000081b00000, 0x0000000081b00000|100%| O|  |TAMS 0x0000000081a00000| PB 0x0000000081a00000| Untracked 
|  27|0x0000000081b00000, 0x0000000081c00000, 0x0000000081c00000|100%| O|  |TAMS 0x0000000081b00000| PB 0x0000000081b00000| Untracked 
|  28|0x0000000081c00000, 0x0000000081d00000, 0x0000000081d00000|100%|HS|  |TAMS 0x0000000081c00000| PB 0x0000000081c00000| Complete 
|  29|0x0000000081d00000, 0x0000000081e00000, 0x0000000081e00000|100%|HC|  |TAMS 0x0000000081d00000| PB 0x0000000081d00000| Complete 
|  30|0x0000000081e00000, 0x0000000081f00000, 0x0000000081f00000|100%| O|  |TAMS 0x0000000081e00000| PB 0x0000000081e00000| Untracked 
|  31|0x0000000081f00000, 0x0000000082000000, 0x0000000082000000|100%| O|  |TAMS 0x0000000081f00000| PB 0x0000000081f00000| Untracked 
|  32|0x0000000082000000, 0x0000000082100000, 0x0000000082100000|100%| O|  |TAMS 0x0000000082000000| PB 0x0000000082000000| Untracked 
|  33|0x0000000082100000, 0x0000000082200000, 0x0000000082200000|100%| O|  |TAMS 0x0000000082100000| PB 0x0000000082100000| Untracked 
|  34|0x0000000082200000, 0x0000000082300000, 0x0000000082300000|100%|HS|  |TAMS 0x0000000082200000| PB 0x0000000082200000| Complete 
|  35|0x0000000082300000, 0x0000000082400000, 0x0000000082400000|100%| O|  |TAMS 0x0000000082300000| PB 0x0000000082300000| Untracked 
|  36|0x0000000082400000, 0x0000000082500000, 0x0000000082500000|100%| O|  |TAMS 0x0000000082400000| PB 0x0000000082400000| Untracked 
|  37|0x0000000082500000, 0x0000000082600000, 0x0000000082600000|100%| O|  |TAMS 0x0000000082500000| PB 0x0000000082500000| Untracked 
|  38|0x0000000082600000, 0x0000000082700000, 0x0000000082700000|100%| O|  |TAMS 0x0000000082600000| PB 0x0000000082600000| Untracked 
|  39|0x0000000082700000, 0x0000000082800000, 0x0000000082800000|100%| O|  |TAMS 0x0000000082700000| PB 0x0000000082700000| Untracked 
|  40|0x0000000082800000, 0x0000000082900000, 0x0000000082900000|100%|HS|  |TAMS 0x0000000082800000| PB 0x0000000082800000| Complete 
|  41|0x0000000082900000, 0x0000000082a00000, 0x0000000082a00000|100%| O|  |TAMS 0x0000000082900000| PB 0x0000000082900000| Untracked 
|  42|0x0000000082a00000, 0x0000000082b00000, 0x0000000082b00000|100%| O|  |TAMS 0x0000000082a00000| PB 0x0000000082a00000| Untracked 
|  43|0x0000000082b00000, 0x0000000082c00000, 0x0000000082c00000|100%| O|  |TAMS 0x0000000082b00000| PB 0x0000000082b00000| Untracked 
|  44|0x0000000082c00000, 0x0000000082d00000, 0x0000000082d00000|100%| O|  |TAMS 0x0000000082c00000| PB 0x0000000082c00000| Untracked 
|  45|0x0000000082d00000, 0x0000000082d00000, 0x0000000082e00000|  0%| F|  |TAMS 0x0000000082d00000| PB 0x0000000082d00000| Untracked 
|  46|0x0000000082e00000, 0x0000000082f00000, 0x0000000082f00000|100%|HS|  |TAMS 0x0000000082e00000| PB 0x0000000082e00000| Complete 
|  47|0x0000000082f00000, 0x0000000083000000, 0x0000000083000000|100%|HC|  |TAMS 0x0000000082f00000| PB 0x0000000082f00000| Complete 
|  48|0x0000000083000000, 0x0000000083100000, 0x0000000083100000|100%|HS|  |TAMS 0x0000000083000000| PB 0x0000000083000000| Complete 
|  49|0x0000000083100000, 0x0000000083200000, 0x0000000083200000|100%| O|  |TAMS 0x0000000083100000| PB 0x0000000083100000| Untracked 
|  50|0x0000000083200000, 0x0000000083300000, 0x0000000083300000|100%| O|  |TAMS 0x0000000083200000| PB 0x0000000083200000| Untracked 
|  51|0x0000000083300000, 0x0000000083400000, 0x0000000083400000|100%| O|  |TAMS 0x0000000083300000| PB 0x0000000083300000| Untracked 
|  52|0x0000000083400000, 0x0000000083400000, 0x0000000083500000|  0%| F|  |TAMS 0x0000000083400000| PB 0x0000000083400000| Untracked 
|  53|0x0000000083500000, 0x0000000083600000, 0x0000000083600000|100%|HS|  |TAMS 0x0000000083500000| PB 0x0000000083500000| Complete 
|  54|0x0000000083600000, 0x0000000083600000, 0x0000000083700000|  0%| F|  |TAMS 0x0000000083600000| PB 0x0000000083600000| Untracked 
|  55|0x0000000083700000, 0x0000000083800000, 0x0000000083800000|100%|HS|  |TAMS 0x0000000083700000| PB 0x0000000083700000| Complete 
|  56|0x0000000083800000, 0x0000000083900000, 0x0000000083900000|100%| O|  |TAMS 0x0000000083800000| PB 0x0000000083800000| Untracked 
|  57|0x0000000083900000, 0x0000000083a00000, 0x0000000083a00000|100%|HS|  |TAMS 0x0000000083900000| PB 0x0000000083900000| Complete 
|  58|0x0000000083a00000, 0x0000000083b00000, 0x0000000083b00000|100%| O|  |TAMS 0x0000000083a00000| PB 0x0000000083a00000| Untracked 
|  59|0x0000000083b00000, 0x0000000083c00000, 0x0000000083c00000|100%| O|  |TAMS 0x0000000083b00000| PB 0x0000000083b00000| Untracked 
|  60|0x0000000083c00000, 0x0000000083d00000, 0x0000000083d00000|100%| O|  |TAMS 0x0000000083c00000| PB 0x0000000083c00000| Untracked 
|  61|0x0000000083d00000, 0x0000000083e00000, 0x0000000083e00000|100%| O|  |TAMS 0x0000000083d00000| PB 0x0000000083d00000| Untracked 
|  62|0x0000000083e00000, 0x0000000083f00000, 0x0000000083f00000|100%| O|  |TAMS 0x0000000083e00000| PB 0x0000000083e00000| Untracked 
|  63|0x0000000083f00000, 0x0000000084000000, 0x0000000084000000|100%| O|  |TAMS 0x0000000083f00000| PB 0x0000000083f00000| Untracked 
|  64|0x0000000084000000, 0x0000000084100000, 0x0000000084100000|100%| O|  |TAMS 0x0000000084000000| PB 0x0000000084000000| Untracked 
|  65|0x0000000084100000, 0x0000000084200000, 0x0000000084200000|100%|HS|  |TAMS 0x0000000084100000| PB 0x0000000084100000| Complete 
|  66|0x0000000084200000, 0x0000000084300000, 0x0000000084300000|100%|HC|  |TAMS 0x0000000084200000| PB 0x0000000084200000| Complete 
|  67|0x0000000084300000, 0x0000000084400000, 0x0000000084400000|100%| O|  |TAMS 0x0000000084300000| PB 0x0000000084300000| Untracked 
|  68|0x0000000084400000, 0x0000000084500000, 0x0000000084500000|100%| O|  |TAMS 0x0000000084400000| PB 0x0000000084400000| Untracked 
|  69|0x0000000084500000, 0x0000000084600000, 0x0000000084600000|100%| O|  |TAMS 0x0000000084500000| PB 0x0000000084500000| Untracked 
|  70|0x0000000084600000, 0x0000000084700000, 0x0000000084700000|100%|HS|  |TAMS 0x0000000084600000| PB 0x0000000084600000| Complete 
|  71|0x0000000084700000, 0x0000000084800000, 0x0000000084800000|100%| O|  |TAMS 0x0000000084700000| PB 0x0000000084700000| Untracked 
|  72|0x0000000084800000, 0x0000000084900000, 0x0000000084900000|100%| O|  |TAMS 0x0000000084800000| PB 0x0000000084800000| Untracked 
|  73|0x0000000084900000, 0x0000000084a00000, 0x0000000084a00000|100%| O|  |TAMS 0x0000000084900000| PB 0x0000000084900000| Untracked 
|  74|0x0000000084a00000, 0x0000000084b00000, 0x0000000084b00000|100%| O|  |TAMS 0x0000000084a00000| PB 0x0000000084a00000| Untracked 
|  75|0x0000000084b00000, 0x0000000084c00000, 0x0000000084c00000|100%| O|  |TAMS 0x0000000084b00000| PB 0x0000000084b00000| Untracked 
|  76|0x0000000084c00000, 0x0000000084d00000, 0x0000000084d00000|100%| O|  |TAMS 0x0000000084c00000| PB 0x0000000084c00000| Untracked 
|  77|0x0000000084d00000, 0x0000000084e00000, 0x0000000084e00000|100%| O|  |TAMS 0x0000000084d00000| PB 0x0000000084d00000| Untracked 
|  78|0x0000000084e00000, 0x0000000084f00000, 0x0000000084f00000|100%| O|  |TAMS 0x0000000084e00000| PB 0x0000000084e00000| Untracked 
|  79|0x0000000084f00000, 0x0000000085000000, 0x0000000085000000|100%| O|  |TAMS 0x0000000084f00000| PB 0x0000000084f00000| Untracked 
|  80|0x0000000085000000, 0x0000000085100000, 0x0000000085100000|100%| O|  |TAMS 0x0000000085000000| PB 0x0000000085000000| Untracked 
|  81|0x0000000085100000, 0x0000000085200000, 0x0000000085200000|100%| O|  |TAMS 0x0000000085100000| PB 0x0000000085100000| Untracked 
|  82|0x0000000085200000, 0x0000000085300000, 0x0000000085300000|100%| O|  |TAMS 0x0000000085200000| PB 0x0000000085200000| Untracked 
|  83|0x0000000085300000, 0x0000000085400000, 0x0000000085400000|100%| O|  |TAMS 0x0000000085300000| PB 0x0000000085300000| Untracked 
|  84|0x0000000085400000, 0x0000000085500000, 0x0000000085500000|100%| O|  |TAMS 0x0000000085400000| PB 0x0000000085400000| Untracked 
|  85|0x0000000085500000, 0x0000000085600000, 0x0000000085600000|100%| O|  |TAMS 0x0000000085500000| PB 0x0000000085500000| Untracked 
|  86|0x0000000085600000, 0x0000000085700000, 0x0000000085700000|100%| O|  |TAMS 0x0000000085600000| PB 0x0000000085600000| Untracked 
|  87|0x0000000085700000, 0x0000000085800000, 0x0000000085800000|100%| O|  |TAMS 0x0000000085700000| PB 0x0000000085700000| Untracked 
|  88|0x0000000085800000, 0x0000000085900000, 0x0000000085900000|100%| O|  |TAMS 0x0000000085800000| PB 0x0000000085800000| Untracked 
|  89|0x0000000085900000, 0x0000000085a00000, 0x0000000085a00000|100%| O|  |TAMS 0x0000000085900000| PB 0x0000000085900000| Untracked 
|  90|0x0000000085a00000, 0x0000000085b00000, 0x0000000085b00000|100%| O|  |TAMS 0x0000000085a00000| PB 0x0000000085a00000| Untracked 
|  91|0x0000000085b00000, 0x0000000085c00000, 0x0000000085c00000|100%| O|  |TAMS 0x0000000085b00000| PB 0x0000000085b00000| Untracked 
|  92|0x0000000085c00000, 0x0000000085d00000, 0x0000000085d00000|100%| O|  |TAMS 0x0000000085c00000| PB 0x0000000085c00000| Untracked 
|  93|0x0000000085d00000, 0x0000000085e00000, 0x0000000085e00000|100%| O|  |TAMS 0x0000000085d00000| PB 0x0000000085d00000| Untracked 
|  94|0x0000000085e00000, 0x0000000085f00000, 0x0000000085f00000|100%| O|  |TAMS 0x0000000085e00000| PB 0x0000000085e00000| Untracked 
|  95|0x0000000085f00000, 0x0000000086000000, 0x0000000086000000|100%| O|  |TAMS 0x0000000085f00000| PB 0x0000000085f00000| Untracked 
|  96|0x0000000086000000, 0x0000000086100000, 0x0000000086100000|100%| O|  |TAMS 0x0000000086000000| PB 0x0000000086000000| Untracked 
|  97|0x0000000086100000, 0x0000000086200000, 0x0000000086200000|100%| O|  |TAMS 0x0000000086100000| PB 0x0000000086100000| Untracked 
|  98|0x0000000086200000, 0x0000000086300000, 0x0000000086300000|100%| O|  |TAMS 0x0000000086200000| PB 0x0000000086200000| Untracked 
|  99|0x0000000086300000, 0x0000000086400000, 0x0000000086400000|100%| O|  |TAMS 0x0000000086300000| PB 0x0000000086300000| Untracked 
| 100|0x0000000086400000, 0x0000000086500000, 0x0000000086500000|100%| O|  |TAMS 0x0000000086400000| PB 0x0000000086400000| Untracked 
| 101|0x0000000086500000, 0x0000000086600000, 0x0000000086600000|100%| O|  |TAMS 0x0000000086500000| PB 0x0000000086500000| Untracked 
| 102|0x0000000086600000, 0x0000000086700000, 0x0000000086700000|100%| O|  |TAMS 0x0000000086600000| PB 0x0000000086600000| Untracked 
| 103|0x0000000086700000, 0x0000000086800000, 0x0000000086800000|100%| O|  |TAMS 0x0000000086700000| PB 0x0000000086700000| Untracked 
| 104|0x0000000086800000, 0x0000000086900000, 0x0000000086900000|100%| O|  |TAMS 0x0000000086800000| PB 0x0000000086800000| Untracked 
| 105|0x0000000086900000, 0x0000000086a00000, 0x0000000086a00000|100%| O|  |TAMS 0x0000000086900000| PB 0x0000000086900000| Untracked 
| 106|0x0000000086a00000, 0x0000000086b00000, 0x0000000086b00000|100%| O|  |TAMS 0x0000000086a00000| PB 0x0000000086a00000| Untracked 
| 107|0x0000000086b00000, 0x0000000086c00000, 0x0000000086c00000|100%| O|  |TAMS 0x0000000086b00000| PB 0x0000000086b00000| Untracked 
| 108|0x0000000086c00000, 0x0000000086d00000, 0x0000000086d00000|100%| O|  |TAMS 0x0000000086c00000| PB 0x0000000086c00000| Untracked 
| 109|0x0000000086d00000, 0x0000000086e00000, 0x0000000086e00000|100%| O|  |TAMS 0x0000000086d00000| PB 0x0000000086d00000| Untracked 
| 110|0x0000000086e00000, 0x0000000086f00000, 0x0000000086f00000|100%| O|  |TAMS 0x0000000086e00000| PB 0x0000000086e00000| Untracked 
| 111|0x0000000086f00000, 0x0000000087000000, 0x0000000087000000|100%| O|  |TAMS 0x0000000086f00000| PB 0x0000000086f00000| Untracked 
| 112|0x0000000087000000, 0x0000000087100000, 0x0000000087100000|100%| O|  |TAMS 0x0000000087000000| PB 0x0000000087000000| Untracked 
| 113|0x0000000087100000, 0x0000000087200000, 0x0000000087200000|100%| O|  |TAMS 0x0000000087100000| PB 0x0000000087100000| Untracked 
| 114|0x0000000087200000, 0x00000000872f6640, 0x0000000087300000| 96%| O|  |TAMS 0x0000000087200000| PB 0x0000000087200000| Untracked 
| 115|0x0000000087300000, 0x0000000087300000, 0x0000000087400000|  0%| F|  |TAMS 0x0000000087300000| PB 0x0000000087300000| Untracked 
| 116|0x0000000087400000, 0x0000000087400000, 0x0000000087500000|  0%| F|  |TAMS 0x0000000087400000| PB 0x0000000087400000| Untracked 
| 117|0x0000000087500000, 0x0000000087500000, 0x0000000087600000|  0%| F|  |TAMS 0x0000000087500000| PB 0x0000000087500000| Untracked 
| 118|0x0000000087600000, 0x0000000087600000, 0x0000000087700000|  0%| F|  |TAMS 0x0000000087600000| PB 0x0000000087600000| Untracked 
| 119|0x0000000087700000, 0x0000000087700000, 0x0000000087800000|  0%| F|  |TAMS 0x0000000087700000| PB 0x0000000087700000| Untracked 
| 120|0x0000000087800000, 0x0000000087800000, 0x0000000087900000|  0%| F|  |TAMS 0x0000000087800000| PB 0x0000000087800000| Untracked 
| 121|0x0000000087900000, 0x0000000087900000, 0x0000000087a00000|  0%| F|  |TAMS 0x0000000087900000| PB 0x0000000087900000| Untracked 
| 122|0x0000000087a00000, 0x0000000087b00000, 0x0000000087b00000|100%| S|CS|TAMS 0x0000000087a00000| PB 0x0000000087a00000| Complete 
| 123|0x0000000087b00000, 0x0000000087b00000, 0x0000000087c00000|  0%| F|  |TAMS 0x0000000087b00000| PB 0x0000000087b00000| Untracked 
| 124|0x0000000087c00000, 0x0000000087c00000, 0x0000000087d00000|  0%| F|  |TAMS 0x0000000087c00000| PB 0x0000000087c00000| Untracked 
| 125|0x0000000087d00000, 0x0000000087d00000, 0x0000000087e00000|  0%| F|  |TAMS 0x0000000087d00000| PB 0x0000000087d00000| Untracked 
| 126|0x0000000087e00000, 0x0000000087e00000, 0x0000000087f00000|  0%| F|  |TAMS 0x0000000087e00000| PB 0x0000000087e00000| Untracked 
| 127|0x0000000087f00000, 0x0000000087f00000, 0x0000000088000000|  0%| F|  |TAMS 0x0000000087f00000| PB 0x0000000087f00000| Untracked 
| 128|0x0000000088000000, 0x0000000088000000, 0x0000000088100000|  0%| F|  |TAMS 0x0000000088000000| PB 0x0000000088000000| Untracked 
| 129|0x0000000088100000, 0x0000000088100000, 0x0000000088200000|  0%| F|  |TAMS 0x0000000088100000| PB 0x0000000088100000| Untracked 
| 130|0x0000000088200000, 0x0000000088200000, 0x0000000088300000|  0%| F|  |TAMS 0x0000000088200000| PB 0x0000000088200000| Untracked 
| 131|0x0000000088300000, 0x0000000088300000, 0x0000000088400000|  0%| F|  |TAMS 0x0000000088300000| PB 0x0000000088300000| Untracked 
| 132|0x0000000088400000, 0x0000000088400000, 0x0000000088500000|  0%| F|  |TAMS 0x0000000088400000| PB 0x0000000088400000| Untracked 
| 133|0x0000000088500000, 0x0000000088600000, 0x0000000088600000|100%| S|CS|TAMS 0x0000000088500000| PB 0x0000000088500000| Complete 
| 134|0x0000000088600000, 0x0000000088700000, 0x0000000088700000|100%| S|CS|TAMS 0x0000000088600000| PB 0x0000000088600000| Complete 
| 135|0x0000000088700000, 0x0000000088800000, 0x0000000088800000|100%| S|CS|TAMS 0x0000000088700000| PB 0x0000000088700000| Complete 
| 136|0x0000000088800000, 0x0000000088900000, 0x0000000088900000|100%| S|CS|TAMS 0x0000000088800000| PB 0x0000000088800000| Complete 
| 137|0x0000000088900000, 0x0000000088a00000, 0x0000000088a00000|100%| S|CS|TAMS 0x0000000088900000| PB 0x0000000088900000| Complete 
| 138|0x0000000088a00000, 0x0000000088b00000, 0x0000000088b00000|100%| S|CS|TAMS 0x0000000088a00000| PB 0x0000000088a00000| Complete 
| 139|0x0000000088b00000, 0x0000000088c00000, 0x0000000088c00000|100%| S|CS|TAMS 0x0000000088b00000| PB 0x0000000088b00000| Complete 
| 140|0x0000000088c00000, 0x0000000088d00000, 0x0000000088d00000|100%| S|CS|TAMS 0x0000000088c00000| PB 0x0000000088c00000| Complete 
| 141|0x0000000088d00000, 0x0000000088e00000, 0x0000000088e00000|100%| S|CS|TAMS 0x0000000088d00000| PB 0x0000000088d00000| Complete 
| 142|0x0000000088e00000, 0x0000000088f00000, 0x0000000088f00000|100%| S|CS|TAMS 0x0000000088e00000| PB 0x0000000088e00000| Complete 
| 143|0x0000000088f00000, 0x0000000088f00000, 0x0000000089000000|  0%| F|  |TAMS 0x0000000088f00000| PB 0x0000000088f00000| Untracked 
| 144|0x0000000089000000, 0x0000000089000000, 0x0000000089100000|  0%| F|  |TAMS 0x0000000089000000| PB 0x0000000089000000| Untracked 
| 145|0x0000000089100000, 0x0000000089100000, 0x0000000089200000|  0%| F|  |TAMS 0x0000000089100000| PB 0x0000000089100000| Untracked 
| 146|0x0000000089200000, 0x0000000089200000, 0x0000000089300000|  0%| F|  |TAMS 0x0000000089200000| PB 0x0000000089200000| Untracked 
| 147|0x0000000089300000, 0x0000000089400000, 0x0000000089400000|100%| S|CS|TAMS 0x0000000089300000| PB 0x0000000089300000| Complete 
| 148|0x0000000089400000, 0x0000000089500000, 0x0000000089500000|100%| S|CS|TAMS 0x0000000089400000| PB 0x0000000089400000| Complete 
| 149|0x0000000089500000, 0x0000000089500000, 0x0000000089600000|  0%| F|  |TAMS 0x0000000089500000| PB 0x0000000089500000| Untracked 
| 150|0x0000000089600000, 0x0000000089600000, 0x0000000089700000|  0%| F|  |TAMS 0x0000000089600000| PB 0x0000000089600000| Untracked 
| 151|0x0000000089700000, 0x0000000089700000, 0x0000000089800000|  0%| F|  |TAMS 0x0000000089700000| PB 0x0000000089700000| Untracked 
| 152|0x0000000089800000, 0x0000000089800000, 0x0000000089900000|  0%| F|  |TAMS 0x0000000089800000| PB 0x0000000089800000| Untracked 
| 153|0x0000000089900000, 0x0000000089900000, 0x0000000089a00000|  0%| F|  |TAMS 0x0000000089900000| PB 0x0000000089900000| Untracked 
| 154|0x0000000089a00000, 0x0000000089a00000, 0x0000000089b00000|  0%| F|  |TAMS 0x0000000089a00000| PB 0x0000000089a00000| Untracked 
| 155|0x0000000089b00000, 0x0000000089b00000, 0x0000000089c00000|  0%| F|  |TAMS 0x0000000089b00000| PB 0x0000000089b00000| Untracked 
| 156|0x0000000089c00000, 0x0000000089c00000, 0x0000000089d00000|  0%| F|  |TAMS 0x0000000089c00000| PB 0x0000000089c00000| Untracked 
| 157|0x0000000089d00000, 0x0000000089d00000, 0x0000000089e00000|  0%| F|  |TAMS 0x0000000089d00000| PB 0x0000000089d00000| Untracked 
| 158|0x0000000089e00000, 0x0000000089e00000, 0x0000000089f00000|  0%| F|  |TAMS 0x0000000089e00000| PB 0x0000000089e00000| Untracked 
| 159|0x0000000089f00000, 0x0000000089f00000, 0x000000008a000000|  0%| F|  |TAMS 0x0000000089f00000| PB 0x0000000089f00000| Untracked 
| 160|0x000000008a000000, 0x000000008a000000, 0x000000008a100000|  0%| F|  |TAMS 0x000000008a000000| PB 0x000000008a000000| Untracked 
| 161|0x000000008a100000, 0x000000008a100000, 0x000000008a200000|  0%| F|  |TAMS 0x000000008a100000| PB 0x000000008a100000| Untracked 
| 162|0x000000008a200000, 0x000000008a200000, 0x000000008a300000|  0%| F|  |TAMS 0x000000008a200000| PB 0x000000008a200000| Untracked 
| 163|0x000000008a300000, 0x000000008a300000, 0x000000008a400000|  0%| F|  |TAMS 0x000000008a300000| PB 0x000000008a300000| Untracked 
| 164|0x000000008a400000, 0x000000008a400000, 0x000000008a500000|  0%| F|  |TAMS 0x000000008a400000| PB 0x000000008a400000| Untracked 
| 165|0x000000008a500000, 0x000000008a500000, 0x000000008a600000|  0%| F|  |TAMS 0x000000008a500000| PB 0x000000008a500000| Untracked 
| 166|0x000000008a600000, 0x000000008a600000, 0x000000008a700000|  0%| F|  |TAMS 0x000000008a600000| PB 0x000000008a600000| Untracked 
| 167|0x000000008a700000, 0x000000008a700000, 0x000000008a800000|  0%| F|  |TAMS 0x000000008a700000| PB 0x000000008a700000| Untracked 
| 168|0x000000008a800000, 0x000000008a800000, 0x000000008a900000|  0%| F|  |TAMS 0x000000008a800000| PB 0x000000008a800000| Untracked 
| 169|0x000000008a900000, 0x000000008a900000, 0x000000008aa00000|  0%| F|  |TAMS 0x000000008a900000| PB 0x000000008a900000| Untracked 
| 170|0x000000008aa00000, 0x000000008aa00000, 0x000000008ab00000|  0%| F|  |TAMS 0x000000008aa00000| PB 0x000000008aa00000| Untracked 
| 171|0x000000008ab00000, 0x000000008ab00000, 0x000000008ac00000|  0%| F|  |TAMS 0x000000008ab00000| PB 0x000000008ab00000| Untracked 
| 172|0x000000008ac00000, 0x000000008ac00000, 0x000000008ad00000|  0%| F|  |TAMS 0x000000008ac00000| PB 0x000000008ac00000| Untracked 
| 173|0x000000008ad00000, 0x000000008ad00000, 0x000000008ae00000|  0%| F|  |TAMS 0x000000008ad00000| PB 0x000000008ad00000| Untracked 
| 174|0x000000008ae00000, 0x000000008ae00000, 0x000000008af00000|  0%| F|  |TAMS 0x000000008ae00000| PB 0x000000008ae00000| Untracked 
| 175|0x000000008af00000, 0x000000008af00000, 0x000000008b000000|  0%| F|  |TAMS 0x000000008af00000| PB 0x000000008af00000| Untracked 
| 176|0x000000008b000000, 0x000000008b000000, 0x000000008b100000|  0%| F|  |TAMS 0x000000008b000000| PB 0x000000008b000000| Untracked 
| 177|0x000000008b100000, 0x000000008b100000, 0x000000008b200000|  0%| F|  |TAMS 0x000000008b100000| PB 0x000000008b100000| Untracked 
| 178|0x000000008b200000, 0x000000008b200000, 0x000000008b300000|  0%| F|  |TAMS 0x000000008b200000| PB 0x000000008b200000| Untracked 
| 179|0x000000008b300000, 0x000000008b300000, 0x000000008b400000|  0%| F|  |TAMS 0x000000008b300000| PB 0x000000008b300000| Untracked 
| 180|0x000000008b400000, 0x000000008b400000, 0x000000008b500000|  0%| F|  |TAMS 0x000000008b400000| PB 0x000000008b400000| Untracked 
| 181|0x000000008b500000, 0x000000008b500000, 0x000000008b600000|  0%| F|  |TAMS 0x000000008b500000| PB 0x000000008b500000| Untracked 
| 182|0x000000008b600000, 0x000000008b600000, 0x000000008b700000|  0%| F|  |TAMS 0x000000008b600000| PB 0x000000008b600000| Untracked 
| 183|0x000000008b700000, 0x000000008b700000, 0x000000008b800000|  0%| F|  |TAMS 0x000000008b700000| PB 0x000000008b700000| Untracked 
| 184|0x000000008b800000, 0x000000008b800000, 0x000000008b900000|  0%| F|  |TAMS 0x000000008b800000| PB 0x000000008b800000| Untracked 
| 185|0x000000008b900000, 0x000000008b900000, 0x000000008ba00000|  0%| F|  |TAMS 0x000000008b900000| PB 0x000000008b900000| Untracked 
| 186|0x000000008ba00000, 0x000000008ba00000, 0x000000008bb00000|  0%| F|  |TAMS 0x000000008ba00000| PB 0x000000008ba00000| Untracked 
| 187|0x000000008bb00000, 0x000000008bb00000, 0x000000008bc00000|  0%| F|  |TAMS 0x000000008bb00000| PB 0x000000008bb00000| Untracked 
| 188|0x000000008bc00000, 0x000000008bc00000, 0x000000008bd00000|  0%| F|  |TAMS 0x000000008bc00000| PB 0x000000008bc00000| Untracked 
| 189|0x000000008bd00000, 0x000000008bd00000, 0x000000008be00000|  0%| F|  |TAMS 0x000000008bd00000| PB 0x000000008bd00000| Untracked 
| 190|0x000000008be00000, 0x000000008be00000, 0x000000008bf00000|  0%| F|  |TAMS 0x000000008be00000| PB 0x000000008be00000| Untracked 
| 191|0x000000008bf00000, 0x000000008bf00000, 0x000000008c000000|  0%| F|  |TAMS 0x000000008bf00000| PB 0x000000008bf00000| Untracked 
| 192|0x000000008c000000, 0x000000008c000000, 0x000000008c100000|  0%| F|  |TAMS 0x000000008c000000| PB 0x000000008c000000| Untracked 
| 193|0x000000008c100000, 0x000000008c100000, 0x000000008c200000|  0%| F|  |TAMS 0x000000008c100000| PB 0x000000008c100000| Untracked 
| 194|0x000000008c200000, 0x000000008c200000, 0x000000008c300000|  0%| F|  |TAMS 0x000000008c200000| PB 0x000000008c200000| Untracked 
| 195|0x000000008c300000, 0x000000008c300000, 0x000000008c400000|  0%| F|  |TAMS 0x000000008c300000| PB 0x000000008c300000| Untracked 
| 196|0x000000008c400000, 0x000000008c400000, 0x000000008c500000|  0%| F|  |TAMS 0x000000008c400000| PB 0x000000008c400000| Untracked 
| 197|0x000000008c500000, 0x000000008c500000, 0x000000008c600000|  0%| F|  |TAMS 0x000000008c500000| PB 0x000000008c500000| Untracked 
| 198|0x000000008c600000, 0x000000008c600000, 0x000000008c700000|  0%| F|  |TAMS 0x000000008c600000| PB 0x000000008c600000| Untracked 
| 199|0x000000008c700000, 0x000000008c700000, 0x000000008c800000|  0%| F|  |TAMS 0x000000008c700000| PB 0x000000008c700000| Untracked 
| 200|0x000000008c800000, 0x000000008c800000, 0x000000008c900000|  0%| F|  |TAMS 0x000000008c800000| PB 0x000000008c800000| Untracked 
| 201|0x000000008c900000, 0x000000008c900000, 0x000000008ca00000|  0%| F|  |TAMS 0x000000008c900000| PB 0x000000008c900000| Untracked 
| 202|0x000000008ca00000, 0x000000008ca00000, 0x000000008cb00000|  0%| F|  |TAMS 0x000000008ca00000| PB 0x000000008ca00000| Untracked 
| 203|0x000000008cb00000, 0x000000008cb00000, 0x000000008cc00000|  0%| F|  |TAMS 0x000000008cb00000| PB 0x000000008cb00000| Untracked 
| 204|0x000000008cc00000, 0x000000008cc00000, 0x000000008cd00000|  0%| F|  |TAMS 0x000000008cc00000| PB 0x000000008cc00000| Untracked 
| 205|0x000000008cd00000, 0x000000008cd00000, 0x000000008ce00000|  0%| F|  |TAMS 0x000000008cd00000| PB 0x000000008cd00000| Untracked 
| 206|0x000000008ce00000, 0x000000008ce00000, 0x000000008cf00000|  0%| F|  |TAMS 0x000000008ce00000| PB 0x000000008ce00000| Untracked 
| 207|0x000000008cf00000, 0x000000008cf00000, 0x000000008d000000|  0%| F|  |TAMS 0x000000008cf00000| PB 0x000000008cf00000| Untracked 
| 208|0x000000008d000000, 0x000000008d000000, 0x000000008d100000|  0%| F|  |TAMS 0x000000008d000000| PB 0x000000008d000000| Untracked 
| 209|0x000000008d100000, 0x000000008d100000, 0x000000008d200000|  0%| F|  |TAMS 0x000000008d100000| PB 0x000000008d100000| Untracked 
| 210|0x000000008d200000, 0x000000008d200000, 0x000000008d300000|  0%| F|  |TAMS 0x000000008d200000| PB 0x000000008d200000| Untracked 
| 211|0x000000008d300000, 0x000000008d300000, 0x000000008d400000|  0%| F|  |TAMS 0x000000008d300000| PB 0x000000008d300000| Untracked 
| 212|0x000000008d400000, 0x000000008d400000, 0x000000008d500000|  0%| F|  |TAMS 0x000000008d400000| PB 0x000000008d400000| Untracked 
| 213|0x000000008d500000, 0x000000008d500000, 0x000000008d600000|  0%| F|  |TAMS 0x000000008d500000| PB 0x000000008d500000| Untracked 
| 214|0x000000008d600000, 0x000000008d600000, 0x000000008d700000|  0%| F|  |TAMS 0x000000008d600000| PB 0x000000008d600000| Untracked 
| 215|0x000000008d700000, 0x000000008d700000, 0x000000008d800000|  0%| F|  |TAMS 0x000000008d700000| PB 0x000000008d700000| Untracked 
| 216|0x000000008d800000, 0x000000008d800000, 0x000000008d900000|  0%| F|  |TAMS 0x000000008d800000| PB 0x000000008d800000| Untracked 
| 217|0x000000008d900000, 0x000000008d900000, 0x000000008da00000|  0%| F|  |TAMS 0x000000008d900000| PB 0x000000008d900000| Untracked 
| 218|0x000000008da00000, 0x000000008da00000, 0x000000008db00000|  0%| F|  |TAMS 0x000000008da00000| PB 0x000000008da00000| Untracked 
| 219|0x000000008db00000, 0x000000008db00000, 0x000000008dc00000|  0%| F|  |TAMS 0x000000008db00000| PB 0x000000008db00000| Untracked 
| 220|0x000000008dc00000, 0x000000008dc00000, 0x000000008dd00000|  0%| F|  |TAMS 0x000000008dc00000| PB 0x000000008dc00000| Untracked 
| 221|0x000000008dd00000, 0x000000008dd00000, 0x000000008de00000|  0%| F|  |TAMS 0x000000008dd00000| PB 0x000000008dd00000| Untracked 
| 222|0x000000008de00000, 0x000000008de00000, 0x000000008df00000|  0%| F|  |TAMS 0x000000008de00000| PB 0x000000008de00000| Untracked 
| 223|0x000000008df00000, 0x000000008df00000, 0x000000008e000000|  0%| F|  |TAMS 0x000000008df00000| PB 0x000000008df00000| Untracked 
| 224|0x000000008e000000, 0x000000008e000000, 0x000000008e100000|  0%| F|  |TAMS 0x000000008e000000| PB 0x000000008e000000| Untracked 
| 225|0x000000008e100000, 0x000000008e100000, 0x000000008e200000|  0%| F|  |TAMS 0x000000008e100000| PB 0x000000008e100000| Untracked 
| 226|0x000000008e200000, 0x000000008e200000, 0x000000008e300000|  0%| F|  |TAMS 0x000000008e200000| PB 0x000000008e200000| Untracked 
| 227|0x000000008e300000, 0x000000008e300000, 0x000000008e400000|  0%| F|  |TAMS 0x000000008e300000| PB 0x000000008e300000| Untracked 
| 228|0x000000008e400000, 0x000000008e400000, 0x000000008e500000|  0%| F|  |TAMS 0x000000008e400000| PB 0x000000008e400000| Untracked 
| 229|0x000000008e500000, 0x000000008e500000, 0x000000008e600000|  0%| F|  |TAMS 0x000000008e500000| PB 0x000000008e500000| Untracked 
| 230|0x000000008e600000, 0x000000008e600000, 0x000000008e700000|  0%| F|  |TAMS 0x000000008e600000| PB 0x000000008e600000| Untracked 
| 231|0x000000008e700000, 0x000000008e700000, 0x000000008e800000|  0%| F|  |TAMS 0x000000008e700000| PB 0x000000008e700000| Untracked 
| 232|0x000000008e800000, 0x000000008e800000, 0x000000008e900000|  0%| F|  |TAMS 0x000000008e800000| PB 0x000000008e800000| Untracked 
| 233|0x000000008e900000, 0x000000008e900000, 0x000000008ea00000|  0%| F|  |TAMS 0x000000008e900000| PB 0x000000008e900000| Untracked 
| 234|0x000000008ea00000, 0x000000008ea00000, 0x000000008eb00000|  0%| F|  |TAMS 0x000000008ea00000| PB 0x000000008ea00000| Untracked 
| 235|0x000000008eb00000, 0x000000008eb00000, 0x000000008ec00000|  0%| F|  |TAMS 0x000000008eb00000| PB 0x000000008eb00000| Untracked 
| 236|0x000000008ec00000, 0x000000008ec00000, 0x000000008ed00000|  0%| F|  |TAMS 0x000000008ec00000| PB 0x000000008ec00000| Untracked 
| 237|0x000000008ed00000, 0x000000008ed00000, 0x000000008ee00000|  0%| F|  |TAMS 0x000000008ed00000| PB 0x000000008ed00000| Untracked 
| 238|0x000000008ee00000, 0x000000008ee00000, 0x000000008ef00000|  0%| F|  |TAMS 0x000000008ee00000| PB 0x000000008ee00000| Untracked 
| 239|0x000000008ef00000, 0x000000008ef00000, 0x000000008f000000|  0%| F|  |TAMS 0x000000008ef00000| PB 0x000000008ef00000| Untracked 
| 240|0x000000008f000000, 0x000000008f000000, 0x000000008f100000|  0%| F|  |TAMS 0x000000008f000000| PB 0x000000008f000000| Untracked 
| 241|0x000000008f100000, 0x000000008f100000, 0x000000008f200000|  0%| F|  |TAMS 0x000000008f100000| PB 0x000000008f100000| Untracked 
| 242|0x000000008f200000, 0x000000008f200000, 0x000000008f300000|  0%| F|  |TAMS 0x000000008f200000| PB 0x000000008f200000| Untracked 
| 243|0x000000008f300000, 0x000000008f300000, 0x000000008f400000|  0%| F|  |TAMS 0x000000008f300000| PB 0x000000008f300000| Untracked 
| 244|0x000000008f400000, 0x000000008f400000, 0x000000008f500000|  0%| F|  |TAMS 0x000000008f400000| PB 0x000000008f400000| Untracked 
| 245|0x000000008f500000, 0x000000008f500000, 0x000000008f600000|  0%| F|  |TAMS 0x000000008f500000| PB 0x000000008f500000| Untracked 
| 246|0x000000008f600000, 0x000000008f600000, 0x000000008f700000|  0%| F|  |TAMS 0x000000008f600000| PB 0x000000008f600000| Untracked 
| 247|0x000000008f700000, 0x000000008f700000, 0x000000008f800000|  0%| F|  |TAMS 0x000000008f700000| PB 0x000000008f700000| Untracked 
| 248|0x000000008f800000, 0x000000008f800000, 0x000000008f900000|  0%| F|  |TAMS 0x000000008f800000| PB 0x000000008f800000| Untracked 
| 249|0x000000008f900000, 0x000000008f900000, 0x000000008fa00000|  0%| F|  |TAMS 0x000000008f900000| PB 0x000000008f900000| Untracked 
| 250|0x000000008fa00000, 0x000000008fa00000, 0x000000008fb00000|  0%| F|  |TAMS 0x000000008fa00000| PB 0x000000008fa00000| Untracked 
| 251|0x000000008fb00000, 0x000000008fb00000, 0x000000008fc00000|  0%| F|  |TAMS 0x000000008fb00000| PB 0x000000008fb00000| Untracked 
| 252|0x000000008fc00000, 0x000000008fc00000, 0x000000008fd00000|  0%| F|  |TAMS 0x000000008fc00000| PB 0x000000008fc00000| Untracked 
| 253|0x000000008fd00000, 0x000000008fd00000, 0x000000008fe00000|  0%| F|  |TAMS 0x000000008fd00000| PB 0x000000008fd00000| Untracked 
| 254|0x000000008fe00000, 0x000000008fe00000, 0x000000008ff00000|  0%| F|  |TAMS 0x000000008fe00000| PB 0x000000008fe00000| Untracked 
| 255|0x000000008ff00000, 0x000000008ff00000, 0x0000000090000000|  0%| F|  |TAMS 0x000000008ff00000| PB 0x000000008ff00000| Untracked 
| 256|0x0000000090000000, 0x0000000090000000, 0x0000000090100000|  0%| F|  |TAMS 0x0000000090000000| PB 0x0000000090000000| Untracked 
| 257|0x0000000090100000, 0x0000000090100000, 0x0000000090200000|  0%| F|  |TAMS 0x0000000090100000| PB 0x0000000090100000| Untracked 
| 258|0x0000000090200000, 0x0000000090200000, 0x0000000090300000|  0%| F|  |TAMS 0x0000000090200000| PB 0x0000000090200000| Untracked 
| 259|0x0000000090300000, 0x0000000090300000, 0x0000000090400000|  0%| F|  |TAMS 0x0000000090300000| PB 0x0000000090300000| Untracked 
| 260|0x0000000090400000, 0x0000000090400000, 0x0000000090500000|  0%| F|  |TAMS 0x0000000090400000| PB 0x0000000090400000| Untracked 
| 261|0x0000000090500000, 0x0000000090500000, 0x0000000090600000|  0%| F|  |TAMS 0x0000000090500000| PB 0x0000000090500000| Untracked 
| 262|0x0000000090600000, 0x0000000090600000, 0x0000000090700000|  0%| F|  |TAMS 0x0000000090600000| PB 0x0000000090600000| Untracked 
| 263|0x0000000090700000, 0x0000000090700000, 0x0000000090800000|  0%| F|  |TAMS 0x0000000090700000| PB 0x0000000090700000| Untracked 
| 264|0x0000000090800000, 0x0000000090800000, 0x0000000090900000|  0%| F|  |TAMS 0x0000000090800000| PB 0x0000000090800000| Untracked 
| 265|0x0000000090900000, 0x0000000090900000, 0x0000000090a00000|  0%| F|  |TAMS 0x0000000090900000| PB 0x0000000090900000| Untracked 
| 266|0x0000000090a00000, 0x0000000090a00000, 0x0000000090b00000|  0%| F|  |TAMS 0x0000000090a00000| PB 0x0000000090a00000| Untracked 
| 267|0x0000000090b00000, 0x0000000090b00000, 0x0000000090c00000|  0%| F|  |TAMS 0x0000000090b00000| PB 0x0000000090b00000| Untracked 
| 268|0x0000000090c00000, 0x0000000090c00000, 0x0000000090d00000|  0%| F|  |TAMS 0x0000000090c00000| PB 0x0000000090c00000| Untracked 
| 269|0x0000000090d00000, 0x0000000090d00000, 0x0000000090e00000|  0%| F|  |TAMS 0x0000000090d00000| PB 0x0000000090d00000| Untracked 
| 270|0x0000000090e00000, 0x0000000090e00000, 0x0000000090f00000|  0%| F|  |TAMS 0x0000000090e00000| PB 0x0000000090e00000| Untracked 
| 271|0x0000000090f00000, 0x0000000090f00000, 0x0000000091000000|  0%| F|  |TAMS 0x0000000090f00000| PB 0x0000000090f00000| Untracked 
| 272|0x0000000091000000, 0x0000000091000000, 0x0000000091100000|  0%| F|  |TAMS 0x0000000091000000| PB 0x0000000091000000| Untracked 
| 273|0x0000000091100000, 0x0000000091100000, 0x0000000091200000|  0%| F|  |TAMS 0x0000000091100000| PB 0x0000000091100000| Untracked 
| 274|0x0000000091200000, 0x0000000091200000, 0x0000000091300000|  0%| F|  |TAMS 0x0000000091200000| PB 0x0000000091200000| Untracked 
| 275|0x0000000091300000, 0x0000000091300000, 0x0000000091400000|  0%| F|  |TAMS 0x0000000091300000| PB 0x0000000091300000| Untracked 
| 276|0x0000000091400000, 0x0000000091400000, 0x0000000091500000|  0%| F|  |TAMS 0x0000000091400000| PB 0x0000000091400000| Untracked 
| 277|0x0000000091500000, 0x0000000091500000, 0x0000000091600000|  0%| F|  |TAMS 0x0000000091500000| PB 0x0000000091500000| Untracked 
| 278|0x0000000091600000, 0x0000000091600000, 0x0000000091700000|  0%| F|  |TAMS 0x0000000091600000| PB 0x0000000091600000| Untracked 
| 279|0x0000000091700000, 0x0000000091700000, 0x0000000091800000|  0%| F|  |TAMS 0x0000000091700000| PB 0x0000000091700000| Untracked 
| 280|0x0000000091800000, 0x0000000091800000, 0x0000000091900000|  0%| F|  |TAMS 0x0000000091800000| PB 0x0000000091800000| Untracked 
| 281|0x0000000091900000, 0x0000000091900000, 0x0000000091a00000|  0%| F|  |TAMS 0x0000000091900000| PB 0x0000000091900000| Untracked 
| 282|0x0000000091a00000, 0x0000000091a00000, 0x0000000091b00000|  0%| F|  |TAMS 0x0000000091a00000| PB 0x0000000091a00000| Untracked 
| 283|0x0000000091b00000, 0x0000000091b00000, 0x0000000091c00000|  0%| F|  |TAMS 0x0000000091b00000| PB 0x0000000091b00000| Untracked 
| 284|0x0000000091c00000, 0x0000000091c00000, 0x0000000091d00000|  0%| F|  |TAMS 0x0000000091c00000| PB 0x0000000091c00000| Untracked 
| 285|0x0000000091d00000, 0x0000000091d00000, 0x0000000091e00000|  0%| F|  |TAMS 0x0000000091d00000| PB 0x0000000091d00000| Untracked 
| 286|0x0000000091e00000, 0x0000000091e00000, 0x0000000091f00000|  0%| F|  |TAMS 0x0000000091e00000| PB 0x0000000091e00000| Untracked 
| 287|0x0000000091f00000, 0x0000000091f00000, 0x0000000092000000|  0%| F|  |TAMS 0x0000000091f00000| PB 0x0000000091f00000| Untracked 
| 288|0x0000000092000000, 0x0000000092000000, 0x0000000092100000|  0%| F|  |TAMS 0x0000000092000000| PB 0x0000000092000000| Untracked 
| 289|0x0000000092100000, 0x0000000092100000, 0x0000000092200000|  0%| F|  |TAMS 0x0000000092100000| PB 0x0000000092100000| Untracked 
| 290|0x0000000092200000, 0x0000000092200000, 0x0000000092300000|  0%| F|  |TAMS 0x0000000092200000| PB 0x0000000092200000| Untracked 
| 291|0x0000000092300000, 0x0000000092300000, 0x0000000092400000|  0%| F|  |TAMS 0x0000000092300000| PB 0x0000000092300000| Untracked 
| 292|0x0000000092400000, 0x0000000092400000, 0x0000000092500000|  0%| F|  |TAMS 0x0000000092400000| PB 0x0000000092400000| Untracked 
| 293|0x0000000092500000, 0x0000000092500000, 0x0000000092600000|  0%| F|  |TAMS 0x0000000092500000| PB 0x0000000092500000| Untracked 
| 294|0x0000000092600000, 0x0000000092600000, 0x0000000092700000|  0%| F|  |TAMS 0x0000000092600000| PB 0x0000000092600000| Untracked 
| 295|0x0000000092700000, 0x0000000092700000, 0x0000000092800000|  0%| F|  |TAMS 0x0000000092700000| PB 0x0000000092700000| Untracked 
| 296|0x0000000092800000, 0x0000000092800000, 0x0000000092900000|  0%| F|  |TAMS 0x0000000092800000| PB 0x0000000092800000| Untracked 
| 297|0x0000000092900000, 0x0000000092900000, 0x0000000092a00000|  0%| F|  |TAMS 0x0000000092900000| PB 0x0000000092900000| Untracked 
| 298|0x0000000092a00000, 0x0000000092a00000, 0x0000000092b00000|  0%| F|  |TAMS 0x0000000092a00000| PB 0x0000000092a00000| Untracked 
| 299|0x0000000092b00000, 0x0000000092b00000, 0x0000000092c00000|  0%| F|  |TAMS 0x0000000092b00000| PB 0x0000000092b00000| Untracked 
| 300|0x0000000092c00000, 0x0000000092c00000, 0x0000000092d00000|  0%| F|  |TAMS 0x0000000092c00000| PB 0x0000000092c00000| Untracked 
| 301|0x0000000092d00000, 0x0000000092d00000, 0x0000000092e00000|  0%| F|  |TAMS 0x0000000092d00000| PB 0x0000000092d00000| Untracked 
| 302|0x0000000092e00000, 0x0000000092e00000, 0x0000000092f00000|  0%| F|  |TAMS 0x0000000092e00000| PB 0x0000000092e00000| Untracked 
| 303|0x0000000092f00000, 0x0000000092f00000, 0x0000000093000000|  0%| F|  |TAMS 0x0000000092f00000| PB 0x0000000092f00000| Untracked 
| 304|0x0000000093000000, 0x0000000093000000, 0x0000000093100000|  0%| F|  |TAMS 0x0000000093000000| PB 0x0000000093000000| Untracked 
| 305|0x0000000093100000, 0x0000000093100000, 0x0000000093200000|  0%| F|  |TAMS 0x0000000093100000| PB 0x0000000093100000| Untracked 
| 306|0x0000000093200000, 0x0000000093200000, 0x0000000093300000|  0%| F|  |TAMS 0x0000000093200000| PB 0x0000000093200000| Untracked 
| 307|0x0000000093300000, 0x0000000093300000, 0x0000000093400000|  0%| F|  |TAMS 0x0000000093300000| PB 0x0000000093300000| Untracked 
| 308|0x0000000093400000, 0x0000000093400000, 0x0000000093500000|  0%| F|  |TAMS 0x0000000093400000| PB 0x0000000093400000| Untracked 
| 309|0x0000000093500000, 0x0000000093500000, 0x0000000093600000|  0%| F|  |TAMS 0x0000000093500000| PB 0x0000000093500000| Untracked 
| 310|0x0000000093600000, 0x0000000093600000, 0x0000000093700000|  0%| F|  |TAMS 0x0000000093600000| PB 0x0000000093600000| Untracked 
| 311|0x0000000093700000, 0x0000000093700000, 0x0000000093800000|  0%| F|  |TAMS 0x0000000093700000| PB 0x0000000093700000| Untracked 
| 312|0x0000000093800000, 0x0000000093800000, 0x0000000093900000|  0%| F|  |TAMS 0x0000000093800000| PB 0x0000000093800000| Untracked 
| 313|0x0000000093900000, 0x0000000093900000, 0x0000000093a00000|  0%| F|  |TAMS 0x0000000093900000| PB 0x0000000093900000| Untracked 
| 314|0x0000000093a00000, 0x0000000093a00000, 0x0000000093b00000|  0%| F|  |TAMS 0x0000000093a00000| PB 0x0000000093a00000| Untracked 
| 315|0x0000000093b00000, 0x0000000093b00000, 0x0000000093c00000|  0%| F|  |TAMS 0x0000000093b00000| PB 0x0000000093b00000| Untracked 
| 316|0x0000000093c00000, 0x0000000093c00000, 0x0000000093d00000|  0%| F|  |TAMS 0x0000000093c00000| PB 0x0000000093c00000| Untracked 
| 317|0x0000000093d00000, 0x0000000093d00000, 0x0000000093e00000|  0%| F|  |TAMS 0x0000000093d00000| PB 0x0000000093d00000| Untracked 
| 318|0x0000000093e00000, 0x0000000093e00000, 0x0000000093f00000|  0%| F|  |TAMS 0x0000000093e00000| PB 0x0000000093e00000| Untracked 
| 319|0x0000000093f00000, 0x0000000093f00000, 0x0000000094000000|  0%| F|  |TAMS 0x0000000093f00000| PB 0x0000000093f00000| Untracked 
| 320|0x0000000094000000, 0x0000000094000000, 0x0000000094100000|  0%| F|  |TAMS 0x0000000094000000| PB 0x0000000094000000| Untracked 
| 321|0x0000000094100000, 0x0000000094100000, 0x0000000094200000|  0%| F|  |TAMS 0x0000000094100000| PB 0x0000000094100000| Untracked 
| 322|0x0000000094200000, 0x0000000094200000, 0x0000000094300000|  0%| F|  |TAMS 0x0000000094200000| PB 0x0000000094200000| Untracked 
| 323|0x0000000094300000, 0x0000000094300000, 0x0000000094400000|  0%| F|  |TAMS 0x0000000094300000| PB 0x0000000094300000| Untracked 
| 324|0x0000000094400000, 0x0000000094400000, 0x0000000094500000|  0%| F|  |TAMS 0x0000000094400000| PB 0x0000000094400000| Untracked 
| 325|0x0000000094500000, 0x0000000094500000, 0x0000000094600000|  0%| F|  |TAMS 0x0000000094500000| PB 0x0000000094500000| Untracked 
| 326|0x0000000094600000, 0x0000000094600000, 0x0000000094700000|  0%| F|  |TAMS 0x0000000094600000| PB 0x0000000094600000| Untracked 
| 327|0x0000000094700000, 0x0000000094700000, 0x0000000094800000|  0%| F|  |TAMS 0x0000000094700000| PB 0x0000000094700000| Untracked 
| 328|0x0000000094800000, 0x0000000094800000, 0x0000000094900000|  0%| F|  |TAMS 0x0000000094800000| PB 0x0000000094800000| Untracked 
| 329|0x0000000094900000, 0x0000000094900000, 0x0000000094a00000|  0%| F|  |TAMS 0x0000000094900000| PB 0x0000000094900000| Untracked 
| 330|0x0000000094a00000, 0x0000000094a00000, 0x0000000094b00000|  0%| F|  |TAMS 0x0000000094a00000| PB 0x0000000094a00000| Untracked 
| 331|0x0000000094b00000, 0x0000000094b00000, 0x0000000094c00000|  0%| F|  |TAMS 0x0000000094b00000| PB 0x0000000094b00000| Untracked 
| 332|0x0000000094c00000, 0x0000000094c00000, 0x0000000094d00000|  0%| F|  |TAMS 0x0000000094c00000| PB 0x0000000094c00000| Untracked 
| 333|0x0000000094d00000, 0x0000000094d00000, 0x0000000094e00000|  0%| F|  |TAMS 0x0000000094d00000| PB 0x0000000094d00000| Untracked 
| 334|0x0000000094e00000, 0x0000000094e00000, 0x0000000094f00000|  0%| F|  |TAMS 0x0000000094e00000| PB 0x0000000094e00000| Untracked 
| 335|0x0000000094f00000, 0x0000000094f00000, 0x0000000095000000|  0%| F|  |TAMS 0x0000000094f00000| PB 0x0000000094f00000| Untracked 
| 336|0x0000000095000000, 0x0000000095000000, 0x0000000095100000|  0%| F|  |TAMS 0x0000000095000000| PB 0x0000000095000000| Untracked 
| 337|0x0000000095100000, 0x0000000095100000, 0x0000000095200000|  0%| F|  |TAMS 0x0000000095100000| PB 0x0000000095100000| Untracked 
| 338|0x0000000095200000, 0x0000000095200000, 0x0000000095300000|  0%| F|  |TAMS 0x0000000095200000| PB 0x0000000095200000| Untracked 
| 339|0x0000000095300000, 0x0000000095300000, 0x0000000095400000|  0%| F|  |TAMS 0x0000000095300000| PB 0x0000000095300000| Untracked 
| 340|0x0000000095400000, 0x0000000095400000, 0x0000000095500000|  0%| F|  |TAMS 0x0000000095400000| PB 0x0000000095400000| Untracked 
|2030|0x00000000fee00000, 0x00000000fef00000, 0x00000000fef00000|100%| O|  |TAMS 0x00000000fee00000| PB 0x00000000fee00000| Untracked 
|2031|0x00000000fef00000, 0x00000000ff000000, 0x00000000ff000000|100%| O|  |TAMS 0x00000000fef00000| PB 0x00000000fef00000| Untracked 
|2032|0x00000000ff000000, 0x00000000ff000000, 0x00000000ff100000|  0%| F|  |TAMS 0x00000000ff000000| PB 0x00000000ff000000| Untracked 
|2033|0x00000000ff100000, 0x00000000ff200000, 0x00000000ff200000|100%| O|  |TAMS 0x00000000ff100000| PB 0x00000000ff100000| Untracked 
|2034|0x00000000ff200000, 0x00000000ff200000, 0x00000000ff300000|  0%| F|  |TAMS 0x00000000ff200000| PB 0x00000000ff200000| Untracked 
|2035|0x00000000ff300000, 0x00000000ff300000, 0x00000000ff400000|  0%| F|  |TAMS 0x00000000ff300000| PB 0x00000000ff300000| Untracked 
|2036|0x00000000ff400000, 0x00000000ff400000, 0x00000000ff500000|  0%| F|  |TAMS 0x00000000ff400000| PB 0x00000000ff400000| Untracked 
|2037|0x00000000ff500000, 0x00000000ff500000, 0x00000000ff600000|  0%| F|  |TAMS 0x00000000ff500000| PB 0x00000000ff500000| Untracked 
|2038|0x00000000ff600000, 0x00000000ff700000, 0x00000000ff700000|100%| O|  |TAMS 0x00000000ff600000| PB 0x00000000ff600000| Untracked 
|2039|0x00000000ff700000, 0x00000000ff700000, 0x00000000ff800000|  0%| F|  |TAMS 0x00000000ff700000| PB 0x00000000ff700000| Untracked 
|2040|0x00000000ff800000, 0x00000000ff900000, 0x00000000ff900000|100%| O|  |TAMS 0x00000000ff800000| PB 0x00000000ff800000| Untracked 
|2041|0x00000000ff900000, 0x00000000ffa00000, 0x00000000ffa00000|100%| O|  |TAMS 0x00000000ff900000| PB 0x00000000ff900000| Untracked 
|2042|0x00000000ffa00000, 0x00000000ffb00000, 0x00000000ffb00000|100%| O|  |TAMS 0x00000000ffa00000| PB 0x00000000ffa00000| Untracked 
|2043|0x00000000ffb00000, 0x00000000ffb00000, 0x00000000ffc00000|  0%| F|  |TAMS 0x00000000ffb00000| PB 0x00000000ffb00000| Untracked 
|2044|0x00000000ffc00000, 0x00000000ffd00000, 0x00000000ffd00000|100%| O|  |TAMS 0x00000000ffc00000| PB 0x00000000ffc00000| Untracked 
|2045|0x00000000ffd00000, 0x00000000ffe00000, 0x00000000ffe00000|100%| O|  |TAMS 0x00000000ffd00000| PB 0x00000000ffd00000| Untracked 
|2046|0x00000000ffe00000, 0x00000000fff00000, 0x00000000fff00000|100%| O|  |TAMS 0x00000000ffe00000| PB 0x00000000ffe00000| Untracked 
|2047|0x00000000fff00000, 0x0000000100000000, 0x0000000100000000|100%| O|  |TAMS 0x00000000fff00000| PB 0x00000000fff00000| Untracked 

Card table byte_map: [0x00000258e8d80000,0x00000258e9180000] _byte_map_base: 0x00000258e8980000

Marking Bits: (CMBitMap*) 0x00000258d686ef90
 Bits: [0x00000258e9180000, 0x00000258eb180000)

Polling page: 0x00000258d44f0000

Metaspace:

Usage:
  Non-class:    103.92 MB used.
      Class:     16.90 MB used.
       Both:    120.82 MB used.

Virtual space:
  Non-class space:      128.00 MB reserved,     105.12 MB ( 82%) committed,  2 nodes.
      Class space:        1.00 GB reserved,      18.06 MB (  2%) committed,  1 nodes.
             Both:        1.12 GB reserved,     123.19 MB ( 11%) committed. 

Chunk freelists:
   Non-Class:  6.89 MB
       Class:  13.98 MB
        Both:  20.87 MB

MaxMetaspaceSize: unlimited
CompressedClassSpaceSize: 1.00 GB
Initial GC threshold: 21.00 MB
Current GC threshold: 205.25 MB
CDS: off
 - commit_granule_bytes: 65536.
 - commit_granule_words: 8192.
 - virtual_space_node_default_size: 8388608.
 - enlarge_chunks_in_place: 1.
 - use_allocation_guard: 0.


Internal statistics:

num_allocs_failed_limit: 12.
num_arena_births: 4818.
num_arena_deaths: 0.
num_vsnodes_births: 3.
num_vsnodes_deaths: 0.
num_space_committed: 1969.
num_space_uncommitted: 0.
num_chunks_returned_to_freelist: 12.
num_chunks_taken_from_freelist: 10262.
num_chunk_merges: 12.
num_chunk_splits: 6650.
num_chunks_enlarged: 4101.
num_inconsistent_stats: 0.

CodeHeap 'non-profiled nmethods': size=120000Kb used=7711Kb max_used=7874Kb free=112288Kb
 bounds [0x00000258e1450000, 0x00000258e1c10000, 0x00000258e8980000]
CodeHeap 'profiled nmethods': size=120000Kb used=22769Kb max_used=23320Kb free=97230Kb
 bounds [0x00000258d9980000, 0x00000258db060000, 0x00000258e0eb0000]
CodeHeap 'non-nmethods': size=5760Kb used=2271Kb max_used=2310Kb free=3488Kb
 bounds [0x00000258e0eb0000, 0x00000258e1120000, 0x00000258e1450000]
CodeCache: size=245760Kb, used=32751Kb, max_used=33504Kb, free=213006Kb
 total_blobs=13183, nmethods=12257, adapters=830, full_count=0
Compilation: enabled, stopped_count=0, restarted_count=0

Compilation events (20 events):
Event: 23.315 Thread 0x00000258ed8a3970 nmethod 14903 0x00000258da1a1c10 code [0x00000258da1a1dc0, 0x00000258da1a1f18]
Event: 23.317 Thread 0x00000258ed89d5a0 nmethod 14901 0x00000258e1b1a390 code [0x00000258e1b1a560, 0x00000258e1b1a8d0]
Event: 23.317 Thread 0x00000258ed89d5a0 14904       4       org.objectweb.asm.ByteVector::putByteArray (49 bytes)
Event: 23.318 Thread 0x00000258ed89d5a0 nmethod 14904 0x00000258e1b19f10 code [0x00000258e1b1a0a0, 0x00000258e1b1a258]
Event: 23.351 Thread 0x00000258ed8a3970 14905       3       java.lang.ThreadLocal$ThreadLocalMap::expungeStaleEntries (47 bytes)
Event: 23.351 Thread 0x00000258ed8a3970 nmethod 14905 0x00000258da94a990 code [0x00000258da94ab80, 0x00000258da94af80]
Event: 23.372 Thread 0x00000258ed89d5a0 14906       4       org.gradle.internal.hash.HashCode$HashCode128::equals (57 bytes)
Event: 23.372 Thread 0x00000258ed89d5a0 nmethod 14906 0x00000258e1b19990 code [0x00000258e1b19b20, 0x00000258e1b19c50]
Event: 23.373 Thread 0x00000258ed89d5a0 14907  s    4       java.io.ByteArrayOutputStream::write (32 bytes)
Event: 23.375 Thread 0x00000258ed89d5a0 nmethod 14907 0x00000258e1a00f90 code [0x00000258e1a01140, 0x00000258e1a015c0]
Event: 23.384 Thread 0x00000258ed89d5a0 14908       4       org.gradle.cache.internal.btree.FileBackedBlockStore$BlockImpl::getPos (31 bytes)
Event: 23.384 Thread 0x00000258ed89d5a0 nmethod 14908 0x00000258e1621e10 code [0x00000258e1621fa0, 0x00000258e1622050]
Event: 23.409 Thread 0x00000258ed89d5a0 14909   !   4       org.gradle.internal.serialize.kryo.KryoBackedDecoder::readBytes (23 bytes)
Event: 23.413 Thread 0x00000258ed89d5a0 nmethod 14909 0x00000258e1a00690 code [0x00000258e1a00860, 0x00000258e1a00cb0]
Event: 23.443 Thread 0x00000258ed89d5a0 14910   !   4       java.util.concurrent.FutureTask::run (123 bytes)
Event: 23.453 Thread 0x00000258ed89d5a0 nmethod 14910 0x00000258e195d610 code [0x00000258e195d880, 0x00000258e195e238]
Event: 23.499 Thread 0x00000258ed89d5a0 14911   !   4       java.nio.file.Files::walkFileTree (297 bytes)
Event: 23.518 Thread 0x00000258ed89d5a0 nmethod 14911 0x00000258e1b51090 code [0x00000258e1b513c0, 0x00000258e1b52460]
Event: 23.614 Thread 0x00000258ed89d5a0 14912       4       org.gradle.internal.file.FileHierarchySet$Node::contains (101 bytes)
Event: 23.632 Thread 0x00000258ed89d5a0 nmethod 14912 0x00000258e163cd10 code [0x00000258e163d000, 0x00000258e163e1d0]

GC Heap History (20 events):
Event: 19.432 GC heap after
{Heap after GC invocations=50 (full 0):
 garbage-first heap   total 217088K, used 130865K [0x0000000080000000, 0x0000000100000000)
  region size 1024K, 8 young (8192K), 8 survivors (8192K)
 Metaspace       used 120925K, committed 123264K, reserved 1179648K
  class space    used 16915K, committed 18048K, reserved 1048576K
}
Event: 19.763 GC heap before
{Heap before GC invocations=50 (full 0):
 garbage-first heap   total 217088K, used 202545K [0x0000000080000000, 0x0000000100000000)
  region size 1024K, 79 young (80896K), 8 survivors (8192K)
 Metaspace       used 122433K, committed 124800K, reserved 1179648K
  class space    used 17122K, committed 18304K, reserved 1048576K
}
Event: 19.771 GC heap after
{Heap after GC invocations=51 (full 0):
 garbage-first heap   total 367616K, used 131462K [0x0000000080000000, 0x0000000100000000)
  region size 1024K, 8 young (8192K), 8 survivors (8192K)
 Metaspace       used 122433K, committed 124800K, reserved 1179648K
  class space    used 17122K, committed 18304K, reserved 1048576K
}
Event: 20.236 GC heap before
{Heap before GC invocations=51 (full 0):
 garbage-first heap   total 367616K, used 334214K [0x0000000080000000, 0x0000000100000000)
  region size 1024K, 207 young (211968K), 8 survivors (8192K)
 Metaspace       used 122480K, committed 124864K, reserved 1179648K
  class space    used 17128K, committed 18304K, reserved 1048576K
}
Event: 20.246 GC heap after
{Heap after GC invocations=52 (full 0):
 garbage-first heap   total 367616K, used 132992K [0x0000000080000000, 0x0000000100000000)
  region size 1024K, 9 young (9216K), 9 survivors (9216K)
 Metaspace       used 122480K, committed 124864K, reserved 1179648K
  class space    used 17128K, committed 18304K, reserved 1048576K
}
Event: 20.610 GC heap before
{Heap before GC invocations=52 (full 0):
 garbage-first heap   total 367616K, used 342912K [0x0000000080000000, 0x0000000100000000)
  region size 1024K, 215 young (220160K), 9 survivors (9216K)
 Metaspace       used 122480K, committed 124864K, reserved 1179648K
  class space    used 17128K, committed 18304K, reserved 1048576K
}
Event: 20.623 GC heap after
{Heap after GC invocations=53 (full 0):
 garbage-first heap   total 367616K, used 134187K [0x0000000080000000, 0x0000000100000000)
  region size 1024K, 10 young (10240K), 10 survivors (10240K)
 Metaspace       used 122480K, committed 124864K, reserved 1179648K
  class space    used 17128K, committed 18304K, reserved 1048576K
}
Event: 20.988 GC heap before
{Heap before GC invocations=53 (full 0):
 garbage-first heap   total 367616K, used 344107K [0x0000000080000000, 0x0000000100000000)
  region size 1024K, 215 young (220160K), 10 survivors (10240K)
 Metaspace       used 122530K, committed 124992K, reserved 1179648K
  class space    used 17130K, committed 18368K, reserved 1048576K
}
Event: 20.995 GC heap after
{Heap after GC invocations=54 (full 0):
 garbage-first heap   total 367616K, used 135656K [0x0000000080000000, 0x0000000100000000)
  region size 1024K, 12 young (12288K), 12 survivors (12288K)
 Metaspace       used 122530K, committed 124992K, reserved 1179648K
  class space    used 17130K, committed 18368K, reserved 1048576K
}
Event: 21.418 GC heap before
{Heap before GC invocations=55 (full 0):
 garbage-first heap   total 367616K, used 342504K [0x0000000080000000, 0x0000000100000000)
  region size 1024K, 215 young (220160K), 12 survivors (12288K)
 Metaspace       used 122907K, committed 125312K, reserved 1179648K
  class space    used 17176K, committed 18368K, reserved 1048576K
}
Event: 21.431 GC heap after
{Heap after GC invocations=56 (full 0):
 garbage-first heap   total 367616K, used 136229K [0x0000000080000000, 0x0000000100000000)
  region size 1024K, 12 young (12288K), 12 survivors (12288K)
 Metaspace       used 122907K, committed 125312K, reserved 1179648K
  class space    used 17176K, committed 18368K, reserved 1048576K
}
Event: 21.883 GC heap before
{Heap before GC invocations=56 (full 0):
 garbage-first heap   total 367616K, used 344101K [0x0000000080000000, 0x0000000100000000)
  region size 1024K, 215 young (220160K), 12 survivors (12288K)
 Metaspace       used 123559K, committed 126016K, reserved 1179648K
  class space    used 17287K, committed 18496K, reserved 1048576K
}
Event: 21.906 GC heap after
{Heap after GC invocations=57 (full 0):
 garbage-first heap   total 367616K, used 136566K [0x0000000080000000, 0x0000000100000000)
  region size 1024K, 14 young (14336K), 14 survivors (14336K)
 Metaspace       used 123559K, committed 126016K, reserved 1179648K
  class space    used 17287K, committed 18496K, reserved 1048576K
}
Event: 22.463 GC heap before
{Heap before GC invocations=57 (full 0):
 garbage-first heap   total 367616K, used 341366K [0x0000000080000000, 0x0000000100000000)
  region size 1024K, 215 young (220160K), 14 survivors (14336K)
 Metaspace       used 123614K, committed 126080K, reserved 1179648K
  class space    used 17295K, committed 18496K, reserved 1048576K
}
Event: 22.484 GC heap after
{Heap after GC invocations=58 (full 0):
 garbage-first heap   total 367616K, used 137590K [0x0000000080000000, 0x0000000100000000)
  region size 1024K, 15 young (15360K), 15 survivors (15360K)
 Metaspace       used 123614K, committed 126080K, reserved 1179648K
  class space    used 17295K, committed 18496K, reserved 1048576K
}
Event: 22.869 GC heap before
{Heap before GC invocations=58 (full 0):
 garbage-first heap   total 367616K, used 342390K [0x0000000080000000, 0x0000000100000000)
  region size 1024K, 215 young (220160K), 15 survivors (15360K)
 Metaspace       used 123633K, committed 126080K, reserved 1179648K
  class space    used 17295K, committed 18496K, reserved 1048576K
}
Event: 22.878 GC heap after
{Heap after GC invocations=59 (full 0):
 garbage-first heap   total 367616K, used 138726K [0x0000000080000000, 0x0000000100000000)
  region size 1024K, 15 young (15360K), 15 survivors (15360K)
 Metaspace       used 123633K, committed 126080K, reserved 1179648K
  class space    used 17295K, committed 18496K, reserved 1048576K
}
Event: 23.123 GC heap before
{Heap before GC invocations=60 (full 0):
 garbage-first heap   total 367616K, used 343526K [0x0000000080000000, 0x0000000100000000)
  region size 1024K, 215 young (220160K), 15 survivors (15360K)
 Metaspace       used 123635K, committed 126080K, reserved 1179648K
  class space    used 17295K, committed 18496K, reserved 1048576K
}
Event: 23.134 GC heap after
{Heap after GC invocations=61 (full 0):
 garbage-first heap   total 367616K, used 139649K [0x0000000080000000, 0x0000000100000000)
  region size 1024K, 16 young (16384K), 16 survivors (16384K)
 Metaspace       used 123635K, committed 126080K, reserved 1179648K
  class space    used 17295K, committed 18496K, reserved 1048576K
}
Event: 23.642 GC heap before
{Heap before GC invocations=61 (full 0):
 garbage-first heap   total 367616K, used 343425K [0x0000000080000000, 0x0000000100000000)
  region size 1024K, 215 young (220160K), 16 survivors (16384K)
 Metaspace       used 123722K, committed 126144K, reserved 1179648K
  class space    used 17305K, committed 18496K, reserved 1048576K
}

Dll operation events (3 events):
Event: 0.015 Loaded shared library C:\Program Files\Android\Android Studio\jbr\bin\java.dll
Event: 0.022 Loaded shared library C:\Program Files\Android\Android Studio\jbr\bin\zip.dll
Event: 0.831 Loaded shared library C:\Program Files\Android\Android Studio\jbr\bin\verify.dll

Deoptimization events (20 events):
Event: 21.804 Thread 0x00000258f71f1fc0 DEOPT PACKING pc=0x00000258e189eeb0 sp=0x000000aee20fd4b0
Event: 21.804 Thread 0x00000258f71f1fc0 DEOPT UNPACKING pc=0x00000258e0f07aa2 sp=0x000000aee20fd400 mode 2
Event: 21.805 Thread 0x00000258f71f1fc0 Uncommon trap: trap_request=0xffffff45 fr.pc=0x00000258e165a9b4 relative=0x0000000000000094
Event: 21.805 Thread 0x00000258f71f1fc0 Uncommon trap: reason=unstable_if action=reinterpret pc=0x00000258e165a9b4 method=java.io.BufferedOutputStream.growIfNeeded(I)V @ 24 c2
Event: 21.805 Thread 0x00000258f71f1fc0 DEOPT PACKING pc=0x00000258e165a9b4 sp=0x000000aee20fd030
Event: 21.805 Thread 0x00000258f71f1fc0 DEOPT UNPACKING pc=0x00000258e0f07aa2 sp=0x000000aee20fcfb0 mode 2
Event: 21.937 Thread 0x00000258fdc9cdc0 Uncommon trap: trap_request=0xffffffc6 fr.pc=0x00000258e1a6dfbc relative=0x000000000000095c
Event: 21.937 Thread 0x00000258fdc9cdc0 Uncommon trap: reason=bimorphic_or_optimized_type_check action=maybe_recompile pc=0x00000258e1a6dfbc method=java.util.Hashtable.put(Ljava/lang/Object;Ljava/lang/Object;)Ljava/lang/Object; @ 18 c2
Event: 21.937 Thread 0x00000258fdc9cdc0 DEOPT PACKING pc=0x00000258e1a6dfbc sp=0x000000aee2bfe8c0
Event: 21.937 Thread 0x00000258fdc9cdc0 DEOPT UNPACKING pc=0x00000258e0f07aa2 sp=0x000000aee2bfe888 mode 2
Event: 21.937 Thread 0x00000258fdc9cdc0 Uncommon trap: trap_request=0xffffffc6 fr.pc=0x00000258e1a6dfbc relative=0x000000000000095c
Event: 21.937 Thread 0x00000258fdc9cdc0 Uncommon trap: reason=bimorphic_or_optimized_type_check action=maybe_recompile pc=0x00000258e1a6dfbc method=java.util.Hashtable.put(Ljava/lang/Object;Ljava/lang/Object;)Ljava/lang/Object; @ 18 c2
Event: 21.937 Thread 0x00000258fdc9cdc0 DEOPT PACKING pc=0x00000258e1a6dfbc sp=0x000000aee2bfe8c0
Event: 21.937 Thread 0x00000258fdc9cdc0 DEOPT UNPACKING pc=0x00000258e0f07aa2 sp=0x000000aee2bfe888 mode 2
Event: 23.274 Thread 0x00000258f71ed100 Uncommon trap: trap_request=0xffffffde fr.pc=0x00000258e1be4244 relative=0x00000000000007e4
Event: 23.274 Thread 0x00000258f71ed100 Uncommon trap: reason=class_check action=maybe_recompile pc=0x00000258e1be4244 method=org.gradle.internal.snapshot.impl.AbstractValueProcessor.processValue(Ljava/lang/Object;Lorg/gradle/internal/snapshot/impl/AbstractValueProcessor$ValueVisitor;)Ljava/lan
Event: 23.274 Thread 0x00000258f71ed100 DEOPT PACKING pc=0x00000258e1be4244 sp=0x000000aee0ffce00
Event: 23.274 Thread 0x00000258f71ed100 DEOPT UNPACKING pc=0x00000258e0f07aa2 sp=0x000000aee0ffcd98 mode 2
Event: 23.297 Thread 0x00000258f71ed100 DEOPT PACKING pc=0x00000258dab323a1 sp=0x000000aee0ff8b80
Event: 23.297 Thread 0x00000258f71ed100 DEOPT UNPACKING pc=0x00000258e0f085e2 sp=0x000000aee0ff8080 mode 0

Classes loaded (20 events):
Event: 21.822 Loading class java/rmi/server/ServerNotActiveException
Event: 21.822 Loading class java/rmi/server/ServerNotActiveException done
Event: 21.830 Loading class sun/rmi/transport/DGCAckHandler
Event: 21.830 Loading class sun/rmi/transport/DGCAckHandler done
Event: 21.842 Loading class sun/rmi/transport/DGCAckHandler$1
Event: 21.843 Loading class sun/rmi/transport/DGCAckHandler$1 done
Event: 21.868 Loading class sun/rmi/transport/tcp/TCPTransport$ConnectionHandler
Event: 21.869 Loading class sun/rmi/transport/tcp/TCPTransport$ConnectionHandler done
Event: 21.926 Loading class sun/rmi/transport/Transport$1
Event: 21.933 Loading class sun/rmi/transport/Transport$1 done
Event: 21.937 Loading class sun/rmi/transport/DGCImpl$LeaseInfo
Event: 21.937 Loading class sun/rmi/transport/DGCImpl$LeaseInfo done
Event: 21.937 Loading class sun/rmi/transport/DGCImpl$1
Event: 21.937 Loading class sun/rmi/transport/DGCImpl$1 done
Event: 21.937 Loading class sun/rmi/transport/SequenceEntry
Event: 21.937 Loading class sun/rmi/transport/SequenceEntry done
Event: 23.275 Loading class java/util/concurrent/ConcurrentSkipListMap$KeySet
Event: 23.276 Loading class java/util/concurrent/ConcurrentSkipListMap$KeySet done
Event: 23.276 Loading class java/util/concurrent/ConcurrentSkipListMap$KeyIterator
Event: 23.276 Loading class java/util/concurrent/ConcurrentSkipListMap$KeyIterator done

Classes unloaded (0 events):
No events

Classes redefined (0 events):
No events

Internal exceptions (20 events):
Event: 23.408 Thread 0x00000258f2f10400 Exception <a 'sun/nio/fs/WindowsException'{0x000000008ca3afa8}> (0x000000008ca3afa8) 
thrown [s\src\hotspot\share\prims\jni.cpp, line 537]
Event: 23.413 Thread 0x00000258f71ed100 Exception <a 'sun/nio/fs/WindowsException'{0x000000008c8a06a8}> (0x000000008c8a06a8) 
thrown [s\src\hotspot\share\prims\jni.cpp, line 537]
Event: 23.420 Thread 0x00000258f2f10400 Exception <a 'sun/nio/fs/WindowsException'{0x000000008c542b68}> (0x000000008c542b68) 
thrown [s\src\hotspot\share\prims\jni.cpp, line 537]
Event: 23.428 Thread 0x00000258f71ed100 Exception <a 'sun/nio/fs/WindowsException'{0x000000008c028bc0}> (0x000000008c028bc0) 
thrown [s\src\hotspot\share\prims\jni.cpp, line 537]
Event: 23.433 Thread 0x00000258f2f10a90 Exception <a 'sun/nio/fs/WindowsException'{0x000000008bdae9b8}> (0x000000008bdae9b8) 
thrown [s\src\hotspot\share\prims\jni.cpp, line 537]
Event: 23.436 Thread 0x00000258f71ed100 Exception <a 'sun/nio/fs/WindowsException'{0x000000008bb157a8}> (0x000000008bb157a8) 
thrown [s\src\hotspot\share\prims\jni.cpp, line 537]
Event: 23.442 Thread 0x00000258f2f10400 Exception <a 'sun/nio/fs/WindowsException'{0x000000008c1dde68}> (0x000000008c1dde68) 
thrown [s\src\hotspot\share\prims\jni.cpp, line 537]
Event: 23.451 Thread 0x00000258f2f10a90 Exception <a 'sun/nio/fs/WindowsException'{0x000000008b871a20}> (0x000000008b871a20) 
thrown [s\src\hotspot\share\prims\jni.cpp, line 537]
Event: 23.457 Thread 0x00000258f71ed100 Exception <a 'sun/nio/fs/WindowsException'{0x000000008b6fe2b0}> (0x000000008b6fe2b0) 
thrown [s\src\hotspot\share\prims\jni.cpp, line 537]
Event: 23.479 Thread 0x00000258f71ed100 Exception <a 'sun/nio/fs/WindowsException'{0x000000008b1d6e18}> (0x000000008b1d6e18) 
thrown [s\src\hotspot\share\prims\jni.cpp, line 537]
Event: 23.480 Thread 0x00000258f2f10a90 Exception <a 'sun/nio/fs/WindowsException'{0x000000008b3c8c68}> (0x000000008b3c8c68) 
thrown [s\src\hotspot\share\prims\jni.cpp, line 537]
Event: 23.498 Thread 0x00000258f2f10400 Exception <a 'sun/nio/fs/WindowsException'{0x000000008aee8568}> (0x000000008aee8568) 
thrown [s\src\hotspot\share\prims\jni.cpp, line 537]
Event: 23.521 Thread 0x00000258f2f10400 Exception <a 'sun/nio/fs/WindowsException'{0x000000008ab86420}> (0x000000008ab86420) 
thrown [s\src\hotspot\share\prims\jni.cpp, line 537]
Event: 23.603 Thread 0x00000258f2f10a90 Exception <a 'sun/nio/fs/WindowsException'{0x000000008a7c8458}> (0x000000008a7c8458) 
thrown [s\src\hotspot\share\prims\jni.cpp, line 537]
Event: 23.605 Thread 0x00000258f2f10400 Exception <a 'sun/nio/fs/WindowsException'{0x000000008a658d80}> (0x000000008a658d80) 
thrown [s\src\hotspot\share\prims\jni.cpp, line 537]
Event: 23.611 Thread 0x00000258f2f10a90 Exception <a 'sun/nio/fs/WindowsException'{0x000000008a2325e0}> (0x000000008a2325e0) 
thrown [s\src\hotspot\share\prims\jni.cpp, line 537]
Event: 23.613 Thread 0x00000258f2f10400 Exception <a 'sun/nio/fs/WindowsException'{0x000000008a19d868}> (0x000000008a19d868) 
thrown [s\src\hotspot\share\prims\jni.cpp, line 537]
Event: 23.621 Thread 0x00000258f2f10400 Exception <a 'sun/nio/fs/WindowsException'{0x0000000089e2a8e8}> (0x0000000089e2a8e8) 
thrown [s\src\hotspot\share\prims\jni.cpp, line 537]
Event: 23.632 Thread 0x00000258f2f10a90 Exception <a 'sun/nio/fs/WindowsException'{0x0000000089cee210}> (0x0000000089cee210) 
thrown [s\src\hotspot\share\prims\jni.cpp, line 537]
Event: 23.635 Thread 0x00000258f2f10400 Exception <a 'sun/nio/fs/WindowsException'{0x0000000089946e88}> (0x0000000089946e88) 
thrown [s\src\hotspot\share\prims\jni.cpp, line 537]

ZGC Phase Switch (0 events):
No events

VM Operations (20 events):
Event: 21.193 Executing VM operation: G1PauseRemark done
Event: 21.280 Executing VM operation: G1PauseCleanup
Event: 21.281 Executing VM operation: G1PauseCleanup done
Event: 21.417 Executing VM operation: G1CollectForAllocation (G1 Evacuation Pause)
Event: 21.431 Executing VM operation: G1CollectForAllocation (G1 Evacuation Pause) done
Event: 21.483 Executing VM operation: HandshakeAllThreads (Deoptimize)
Event: 21.496 Executing VM operation: HandshakeAllThreads (Deoptimize) done
Event: 21.881 Executing VM operation: G1CollectForAllocation (G1 Evacuation Pause)
Event: 21.906 Executing VM operation: G1CollectForAllocation (G1 Evacuation Pause) done
Event: 22.462 Executing VM operation: G1CollectForAllocation (G1 Evacuation Pause)
Event: 22.484 Executing VM operation: G1CollectForAllocation (G1 Evacuation Pause) done
Event: 22.808 Executing VM operation: G1PauseRemark
Event: 22.813 Executing VM operation: G1PauseRemark done
Event: 22.869 Executing VM operation: G1CollectForAllocation (G1 Evacuation Pause)
Event: 22.879 Executing VM operation: G1CollectForAllocation (G1 Evacuation Pause) done
Event: 22.912 Executing VM operation: G1PauseCleanup
Event: 22.913 Executing VM operation: G1PauseCleanup done
Event: 23.123 Executing VM operation: G1CollectForAllocation (G1 Evacuation Pause)
Event: 23.134 Executing VM operation: G1CollectForAllocation (G1 Evacuation Pause) done
Event: 23.642 Executing VM operation: G1CollectForAllocation (G1 Evacuation Pause)

Memory protections (0 events):
No events

Nmethod flushes (20 events):
Event: 22.813 Thread 0x00000258ed661fb0 flushing  nmethod 0x00000258da633a90
Event: 22.813 Thread 0x00000258ed661fb0 flushing  nmethod 0x00000258da64f990
Event: 22.813 Thread 0x00000258ed661fb0 flushing  nmethod 0x00000258da651010
Event: 22.813 Thread 0x00000258ed661fb0 flushing  nmethod 0x00000258da719910
Event: 22.813 Thread 0x00000258ed661fb0 flushing  nmethod 0x00000258da773e10
Event: 22.813 Thread 0x00000258ed661fb0 flushing  nmethod 0x00000258da775b10
Event: 22.813 Thread 0x00000258ed661fb0 flushing  nmethod 0x00000258da800810
Event: 22.813 Thread 0x00000258ed661fb0 flushing  nmethod 0x00000258da889290
Event: 22.813 Thread 0x00000258ed661fb0 flushing  nmethod 0x00000258da889890
Event: 22.813 Thread 0x00000258ed661fb0 flushing  nmethod 0x00000258da889d90
Event: 22.813 Thread 0x00000258ed661fb0 flushing  nmethod 0x00000258da950b10
Event: 22.813 Thread 0x00000258ed661fb0 flushing  nmethod 0x00000258da950f90
Event: 22.813 Thread 0x00000258ed661fb0 flushing  nmethod 0x00000258da952710
Event: 22.813 Thread 0x00000258ed661fb0 flushing  nmethod 0x00000258da953f90
Event: 22.813 Thread 0x00000258ed661fb0 flushing  nmethod 0x00000258dac88610
Event: 22.813 Thread 0x00000258ed661fb0 flushing  nmethod 0x00000258dada0a90
Event: 22.813 Thread 0x00000258ed661fb0 flushing  nmethod 0x00000258dae05390
Event: 22.813 Thread 0x00000258ed661fb0 flushing  nmethod 0x00000258dae8c710
Event: 22.813 Thread 0x00000258ed661fb0 flushing  nmethod 0x00000258daf10a90
Event: 22.813 Thread 0x00000258ed661fb0 flushing  nmethod 0x00000258daffbb10

Events (20 events):
Event: 18.847 Thread 0x00000258f71ef860 Thread added: 0x00000258fdc68f20
Event: 18.859 Thread 0x00000258f71ef860 Thread added: 0x00000258fdc6a2d0
Event: 18.860 Thread 0x00000258f71ef860 Thread added: 0x00000258fdc6a960
Event: 18.860 Thread 0x00000258f71ef860 Thread added: 0x00000258fdc66130
Event: 19.118 Thread 0x00000258f71ef860 Thread added: 0x00000258f71ed790
Event: 19.572 Thread 0x00000258f71ef860 Thread added: 0x00000258f71f1fc0
Event: 19.612 Thread 0x00000258f71ed100 Thread added: 0x00000258f71ebd50
Event: 19.613 Thread 0x00000258f71ed100 Thread added: 0x00000258f71eca70
Event: 19.613 Thread 0x00000258f71ed100 Thread added: 0x00000258f71ee4b0
Event: 19.777 Thread 0x00000258f71f1fc0 Thread added: 0x00000258f8c30f40
Event: 19.967 Thread 0x00000258f71ed100 Thread added: 0x00000258f8c2c710
Event: 19.967 Thread 0x00000258f71ed100 Thread added: 0x00000258f8c2dac0
Event: 21.305 Thread 0x00000258f8c30f40 Thread exited: 0x00000258f8c30f40
Event: 21.568 Thread 0x00000258f71f1fc0 Thread added: 0x00000258fdc9f520
Event: 21.584 Thread 0x00000258f71f1fc0 Thread added: 0x00000258fdc9ee90
Event: 21.594 Loaded shared library C:\Program Files\Android\Android Studio\jbr\bin\rmi.dll
Event: 21.595 Thread 0x00000258f71f1fc0 Thread added: 0x00000258fdc9e170
Event: 21.707 Thread 0x00000258f71f1fc0 Thread added: 0x00000258fdc9c730
Event: 21.708 Thread 0x00000258f71f1fc0 Thread added: 0x00000258fdc9e800
Event: 21.870 Thread 0x00000258fdc9c730 Thread added: 0x00000258fdc9cdc0


Dynamic libraries:
0x00007ff7172e0000 - 0x00007ff7172ea000 	C:\Program Files\Android\Android Studio\jbr\bin\java.exe
0x00007ff88ccf0000 - 0x00007ff88cee9000 	C:\WINDOWS\SYSTEM32\ntdll.dll
0x00007ff84e0d0000 - 0x00007ff84e0f1000 	C:\Program Files\Avast Software\Avast\aswhook.dll
0x00007ff88be30000 - 0x00007ff88bef2000 	C:\WINDOWS\System32\KERNEL32.DLL
0x00007ff88a570000 - 0x00007ff88a867000 	C:\WINDOWS\System32\KERNELBASE.dll
0x00007ff88a9d0000 - 0x00007ff88aad0000 	C:\WINDOWS\System32\ucrtbase.dll
0x00007ff863b80000 - 0x00007ff863b98000 	C:\Program Files\Android\Android Studio\jbr\bin\jli.dll
0x00007ff881040000 - 0x00007ff88105b000 	C:\Program Files\Android\Android Studio\jbr\bin\VCRUNTIME140.dll
0x00007ff88ad30000 - 0x00007ff88aecd000 	C:\WINDOWS\System32\USER32.dll
0x00007ff88a400000 - 0x00007ff88a422000 	C:\WINDOWS\System32\win32u.dll
0x00007ff88acf0000 - 0x00007ff88ad1b000 	C:\WINDOWS\System32\GDI32.dll
0x00007ff873c20000 - 0x00007ff873ebb000 	C:\WINDOWS\WinSxS\amd64_microsoft.windows.common-controls_6595b64144ccf1df_6.0.19041.6926_none_60b5a53971f8f7e6\COMCTL32.dll
0x00007ff88aad0000 - 0x00007ff88abea000 	C:\WINDOWS\System32\gdi32full.dll
0x00007ff88aed0000 - 0x00007ff88af6e000 	C:\WINDOWS\System32\msvcrt.dll
0x00007ff88a360000 - 0x00007ff88a3fd000 	C:\WINDOWS\System32\msvcp_win.dll
0x00007ff88be00000 - 0x00007ff88be2f000 	C:\WINDOWS\System32\IMM32.DLL
0x00007ff884470000 - 0x00007ff88447c000 	C:\Program Files\Android\Android Studio\jbr\bin\vcruntime140_1.dll
0x00007ff84bce0000 - 0x00007ff84bd6d000 	C:\Program Files\Android\Android Studio\jbr\bin\msvcp140.dll
0x00007fffe6030000 - 0x00007fffe6cc6000 	C:\Program Files\Android\Android Studio\jbr\bin\server\jvm.dll
0x00007ff88cb40000 - 0x00007ff88cbf1000 	C:\WINDOWS\System32\ADVAPI32.dll
0x00007ff88c770000 - 0x00007ff88c80f000 	C:\WINDOWS\System32\sechost.dll
0x00007ff88b970000 - 0x00007ff88ba96000 	C:\WINDOWS\System32\RPCRT4.dll
0x00007ff88ac40000 - 0x00007ff88ac67000 	C:\WINDOWS\System32\bcrypt.dll
0x00007ff88b820000 - 0x00007ff88b88b000 	C:\WINDOWS\System32\WS2_32.dll
0x00007ff88a1b0000 - 0x00007ff88a1fb000 	C:\WINDOWS\SYSTEM32\POWRPROF.dll
0x00007ff8828c0000 - 0x00007ff8828ca000 	C:\WINDOWS\SYSTEM32\VERSION.dll
0x00007ff8813b0000 - 0x00007ff8813d7000 	C:\WINDOWS\SYSTEM32\WINMM.dll
0x00007ff88a190000 - 0x00007ff88a1a2000 	C:\WINDOWS\SYSTEM32\UMPDC.dll
0x00007ff888b30000 - 0x00007ff888b42000 	C:\WINDOWS\SYSTEM32\kernel.appcore.dll
0x00007ff881610000 - 0x00007ff88161a000 	C:\Program Files\Android\Android Studio\jbr\bin\jimage.dll
0x00007ff888050000 - 0x00007ff888251000 	C:\WINDOWS\SYSTEM32\DBGHELP.DLL
0x00007ff881f60000 - 0x00007ff881f94000 	C:\WINDOWS\SYSTEM32\dbgcore.DLL
0x00007ff88a430000 - 0x00007ff88a4b2000 	C:\WINDOWS\System32\bcryptPrimitives.dll
0x00007ff886b70000 - 0x00007ff886b7e000 	C:\Program Files\Android\Android Studio\jbr\bin\instrument.dll
0x00007ff87de00000 - 0x00007ff87de20000 	C:\Program Files\Android\Android Studio\jbr\bin\java.dll
0x00007ff877590000 - 0x00007ff8775a8000 	C:\Program Files\Android\Android Studio\jbr\bin\zip.dll
0x00007ff88bf00000 - 0x00007ff88c671000 	C:\WINDOWS\System32\SHELL32.dll
0x00007ff888370000 - 0x00007ff888b16000 	C:\WINDOWS\SYSTEM32\windows.storage.dll
0x00007ff88baa0000 - 0x00007ff88bdf3000 	C:\WINDOWS\System32\combase.dll
0x00007ff889bd0000 - 0x00007ff889bfb000 	C:\WINDOWS\SYSTEM32\Wldp.dll
0x00007ff88b890000 - 0x00007ff88b966000 	C:\WINDOWS\System32\OLEAUT32.dll
0x00007ff88b0f0000 - 0x00007ff88b19d000 	C:\WINDOWS\System32\SHCORE.dll
0x00007ff88c710000 - 0x00007ff88c76b000 	C:\WINDOWS\System32\shlwapi.dll
0x00007ff88a280000 - 0x00007ff88a2a4000 	C:\WINDOWS\SYSTEM32\profapi.dll
0x00007ff881010000 - 0x00007ff881020000 	C:\Program Files\Android\Android Studio\jbr\bin\net.dll
0x00007ff8821c0000 - 0x00007ff8822ca000 	C:\WINDOWS\SYSTEM32\WINHTTP.dll
0x00007ff889980000 - 0x00007ff8899ea000 	C:\WINDOWS\system32\mswsock.dll
0x00007ff877410000 - 0x00007ff877426000 	C:\Program Files\Android\Android Studio\jbr\bin\nio.dll
0x00007ff880420000 - 0x00007ff880430000 	C:\Program Files\Android\Android Studio\jbr\bin\verify.dll
0x00007ff876b10000 - 0x00007ff876b37000 	C:\Users\Administrador\.gradle\native\660c5614fbf4a5f2a75b1949f50a0caf5cd603558e7d8a26e50b933a0cfb79d1\windows-amd64\native-platform.dll
0x00007ff863b00000 - 0x00007ff863b77000 	C:\Users\Administrador\.gradle\native\0.2.8\x86_64-windows-gnu\gradle-fileevents.dll
0x00007ff880920000 - 0x00007ff880929000 	C:\Program Files\Android\Android Studio\jbr\bin\management.dll
0x00007ff8808e0000 - 0x00007ff8808eb000 	C:\Program Files\Android\Android Studio\jbr\bin\management_ext.dll
0x00007ff88c810000 - 0x00007ff88c818000 	C:\WINDOWS\System32\PSAPI.DLL
0x00007ff889680000 - 0x00007ff8896bb000 	C:\WINDOWS\SYSTEM32\IPHLPAPI.DLL
0x00007ff88ad20000 - 0x00007ff88ad28000 	C:\WINDOWS\System32\NSI.dll
0x00007ff880ac0000 - 0x00007ff880ac9000 	C:\Program Files\Android\Android Studio\jbr\bin\extnet.dll
0x00007ff889f40000 - 0x00007ff889f58000 	C:\WINDOWS\SYSTEM32\CRYPTSP.dll
0x00007ff8892c0000 - 0x00007ff8892f8000 	C:\WINDOWS\system32\rsaenh.dll
0x00007ff88a200000 - 0x00007ff88a22e000 	C:\WINDOWS\SYSTEM32\USERENV.dll
0x00007ff889b40000 - 0x00007ff889b4c000 	C:\WINDOWS\SYSTEM32\CRYPTBASE.dll
0x00007ff882460000 - 0x00007ff882467000 	C:\WINDOWS\system32\wshunix.dll
0x00007ff877540000 - 0x00007ff877547000 	C:\Program Files\Android\Android Studio\jbr\bin\rmi.dll

JVMTI agents:
C:\Users\Administrador\.gradle\wrapper\dists\gradle-9.3.1-bin\23ovyewtku6u96viwx3xl3oks\gradle-9.3.1\lib\agents\gradle-instrumentation-agent-9.3.1.jar path:C:\Program Files\Android\Android Studio\jbr\bin\instrument.dll, loaded, initialized, instrumentlib options:none

dbghelp: loaded successfully - version: 4.0.5 - missing functions: none
symbol engine: initialized successfully - sym options: 0x614 - pdb path: .;C:\Program Files\Android\Android Studio\jbr\bin;C:\WINDOWS\SYSTEM32;C:\Program Files\Avast Software\Avast;C:\WINDOWS\WinSxS\amd64_microsoft.windows.common-controls_6595b64144ccf1df_6.0.19041.6926_none_60b5a53971f8f7e6;C:\Program Files\Android\Android Studio\jbr\bin\server;C:\Users\Administrador\.gradle\native\660c5614fbf4a5f2a75b1949f50a0caf5cd603558e7d8a26e50b933a0cfb79d1\windows-amd64;C:\Users\Administrador\.gradle\native\0.2.8\x86_64-windows-gnu

VM Arguments:
jvm_args: --add-opens=java.base/java.lang=ALL-UNNAMED --add-opens=java.base/java.lang.invoke=ALL-UNNAMED --add-opens=java.base/java.util=ALL-UNNAMED --add-opens=java.prefs/java.util.prefs=ALL-UNNAMED --add-exports=jdk.compiler/com.sun.tools.javac.api=ALL-UNNAMED --add-exports=jdk.compiler/com.sun.tools.javac.util=ALL-UNNAMED --add-opens=java.base/java.util=ALL-UNNAMED --add-opens=java.prefs/java.util.prefs=ALL-UNNAMED --add-opens=java.base/java.nio.charset=ALL-UNNAMED --add-opens=java.base/java.net=ALL-UNNAMED --add-opens=java.base/java.util.concurrent=ALL-UNNAMED --add-opens=java.base/java.util.concurrent.atomic=ALL-UNNAMED --add-opens=java.xml/javax.xml.namespace=ALL-UNNAMED --add-opens=java.base/java.time=ALL-UNNAMED -Xmx2048m -Dfile.encoding=UTF-8 -Duser.country=BR -Duser.language=pt -Duser.variant -javaagent:C:\Users\Administrador\.gradle\wrapper\dists\gradle-9.3.1-bin\23ovyewtku6u96viwx3xl3oks\gradle-9.3.1\lib\agents\gradle-instrumentation-agent-9.3.1.jar 
java_command: org.gradle.launcher.daemon.bootstrap.GradleDaemon 9.3.1
java_class_path (initial): C:\Users\Administrador\.gradle\wrapper\dists\gradle-9.3.1-bin\23ovyewtku6u96viwx3xl3oks\gradle-9.3.1\lib\gradle-daemon-main-9.3.1.jar
Launcher Type: SUN_STANDARD

[Global flags]
     intx CICompilerCount                          = 3                                         {product} {ergonomic}
     uint ConcGCThreads                            = 1                                         {product} {ergonomic}
     uint G1ConcRefinementThreads                  = 4                                         {product} {ergonomic}
   size_t G1HeapRegionSize                         = 1048576                                   {product} {ergonomic}
    uintx GCDrainStackTargetSize                   = 64                                        {product} {ergonomic}
   size_t InitialHeapSize                          = 199229440                                 {product} {ergonomic}
   size_t MarkStackSize                            = 4194304                                   {product} {ergonomic}
   size_t MaxHeapSize                              = 2147483648                                {product} {command line}
   size_t MaxNewSize                               = 1287651328                                {product} {ergonomic}
   size_t MinHeapDeltaBytes                        = 1048576                                   {product} {ergonomic}
   size_t MinHeapSize                              = 8388608                                   {product} {ergonomic}
    uintx NonNMethodCodeHeapSize                   = 5832780                                {pd product} {ergonomic}
    uintx NonProfiledCodeHeapSize                  = 122912730                              {pd product} {ergonomic}
    uintx ProfiledCodeHeapSize                     = 122912730                              {pd product} {ergonomic}
    uintx ReservedCodeCacheSize                    = 251658240                              {pd product} {ergonomic}
     bool SegmentedCodeCache                       = true                                      {product} {ergonomic}
   size_t SoftMaxHeapSize                          = 2147483648                             {manageable} {ergonomic}
     bool UseCompressedOops                        = true                           {product lp64_product} {ergonomic}
     bool UseG1GC                                  = true                                      {product} {ergonomic}
     bool UseLargePagesIndividualAllocation        = false                                  {pd product} {ergonomic}

Logging:
Log output configuration:
 #0: stdout all=warning uptime,level,tags foldmultilines=false
 #1: stderr all=off uptime,level,tags foldmultilines=false

Release file:
JAVA_VERSION="21.0.9" 
MODULES="java.base java.compiler java.datatransfer java.xml java.prefs java.desktop java.instrument java.logging java.management java.security.sasl java.naming java.rmi java.management.rmi java.net.http java.scripting java.security.jgss java.transaction.xa java.sql java.sql.rowset java.xml.crypto java.se java.smartcardio jdk.accessibility jdk.internal.jvmstat jdk.attach jdk.charsets jdk.internal.opt jdk.zipfs jdk.compiler jdk.crypto.ec jdk.crypto.cryptoki jdk.dynalink jdk.hotspot.agent jdk.httpserver jdk.internal.ed jdk.internal.le jdk.internal.vm.ci jdk.jartool jdk.javadoc jdk.jcmd jdk.jdeps jdk.jdwp.agent jdk.jdi jdk.jfr jdk.jlink jdk.jsobject jdk.localedata jdk.management jdk.management.agent jdk.management.jfr jdk.naming.dns jdk.naming.rmi jdk.net jdk.sctp jdk.security.auth jdk.security.jgss jdk.unsupported jdk.unsupported.desktop jdk.xml.dom" 
IMPLEMENTOR="JetBrains s.r.o." 
JAVA_RUNTIME_VERSION="21.0.9+-14787801-b1163.94" 
LIBC="default" 
OS_ARCH="x86_64" 
OS_NAME="Windows" 
SOURCE=".:git:0c757ddc9f2f" 

Environment Variables:
PATH=C:\Program Files\Microsoft MPI\Bin\;C:\Program Files\Common Files\Oracle\Java\javapath;C:\Program Files (x86)\Common Files\Oracle\Java\java8path;C:\Program Files (x86)\Common Files\Oracle\Java\javapath;C:\WINDOWS\system32;C:\WINDOWS;C:\WINDOWS\System32\Wbem;C:\WINDOWS\System32\WindowsPowerShell\v1.0\;C:\WINDOWS\System32\OpenSSH\;C:\Program Files (x86)\Microsoft SQL Server\170\Tools\Binn\;C:\Program Files\Microsoft SQL Server\170\Tools\Binn\;C:\Program Files\Microsoft SQL Server\Client SDK\ODBC\180\Tools\Binn\;C:\Program Files\Microsoft SQL Server\170\DTS\Binn\;C:\Program Files\nodejs\;C:\Program Files\Git\cmd;C:\Users\Administrador\AppData\Local\Programs\Python\Python313\Scripts\;C:\Users\Administrador\AppData\Local\Programs\Python\Python313\;C:\Users\Administrador\AppData\Local\Microsoft\WindowsApps;C:\Users\Administrador\AppData\Local\Programs\Microsoft VS Code\bin;C:\Users\Administrador\AppData\Local\Python\bin;C:\Users\Administrador\AppData\Roaming\npm;C:\Users\Administrador\.lmstudio\bin
USERNAME=Administrador
OS=Windows_NT
PROCESSOR_IDENTIFIER=Intel64 Family 6 Model 126 Stepping 5, GenuineIntel
TMP=C:\Users\ADMINI~1\AppData\Local\Temp
TEMP=C:\Users\ADMINI~1\AppData\Local\Temp




Periodic native trim disabled

JNI global refs:
JNI global refs: 26, weak refs: 0

JNI global refs memory usage: 835, weak refs: 833

Process memory usage:
Resident Set Size: 649704K (5% of 12373236K total physical memory with 195744K free physical memory)

OOME stack traces (most recent first):
Classloader memory used:
Loader org.gradle.internal.classloader.VisitableURLClassLoader                         : 46228K
Loader org.gradle.internal.classloader.VisitableURLClassLoader$InstrumentingVisitableURLClassLoader: 33126K
Loader bootstrap                                                                       : 29750K
Loader org.gradle.initialization.MixInLegacyTypesClassLoader                           : 13306K
Loader jdk.internal.reflect.DelegatingClassLoader                                      : 556K
Loader jdk.internal.loader.ClassLoaders$AppClassLoader                                 : 231K
Loader org.gradle.internal.classloader.VisitableURLClassLoader                         : 212K
Loader jdk.internal.loader.ClassLoaders$PlatformClassLoader                            : 180K
Loader org.gradle.groovy.scripts.internal.DefaultScriptCompilationHandler$ScriptClassLoader: 128K

Classes loaded by more than one classloader:
Class Program                                                                         : loaded 5 times (x 72B)
Class Build_gradle                                                                    : loaded 3 times (x 126B)
Class com.google.common.collect.RegularImmutableMap$KeySet                            : loaded 2 times (x 152B)
Class org.gradle.internal.classloader.FilteringClassLoader                            : loaded 2 times (x 105B)
Class com.google.common.base.CharMatcher$IsEither                                     : loaded 2 times (x 111B)
Class org.gradle.internal.classloader.ClassLoaderHierarchy                            : loaded 2 times (x 70B)
Class com.google.common.collect.ImmutableEnumSet                                      : loaded 2 times (x 146B)
Class com.google.common.util.concurrent.ExecutionError                                : loaded 2 times (x 82B)
Class com.google.common.collect.ImmutableList$1                                       : loaded 2 times (x 97B)
Class org.gradle.api.internal.classpath.ManifestUtil                                  : loaded 2 times (x 71B)
Class com.google.common.collect.RegularImmutableMap                                   : loaded 2 times (x 121B)
Class com.google.common.collect.ImmutableMap$MapViewOfValuesAsSingletonSets           : loaded 2 times (x 126B)
Class [Lorg.objectweb.asm.Symbol;                                                     : loaded 2 times (x 69B)
Class org.objectweb.asm.ClassVisitor                                                  : loaded 2 times (x 88B)
Class com.google.common.collect.UnmodifiableListIterator                              : loaded 2 times (x 95B)
Class com.google.common.base.Platform$JdkPatternCompiler                              : loaded 2 times (x 75B)
Class org.objectweb.asm.MethodTooLargeException                                       : loaded 2 times (x 83B)
Class [Lcom.google.common.cache.CacheBuilder$OneWeigher;                              : loaded 2 times (x 69B)
Class com.google.common.base.Suppliers                                                : loaded 2 times (x 71B)
Class org.gradle.internal.classloader.DefaultClassLoaderFactory                       : loaded 2 times (x 82B)
Class org.gradle.internal.classloader.ClassLoaderVisitor                              : loaded 2 times (x 76B)
Class [Lcom.google.common.collect.ImmutableMapEntry;                                  : loaded 2 times (x 69B)
Class org.gradle.api.internal.classpath.EffectiveClassPath                            : loaded 2 times (x 90B)
Class com.google.common.collect.ListMultimap                                          : loaded 2 times (x 70B)
Class com.google.common.collect.ImmutableEnumMap                                      : loaded 2 times (x 126B)
Class com.google.common.collect.ImmutableSet$SerializedForm                           : loaded 2 times (x 73B)
Class com.google.common.collect.Sets$1                                                : loaded 2 times (x 139B)
Class org.objectweb.asm.AnnotationVisitor                                             : loaded 2 times (x 78B)
Class org.gradle.api.internal.DefaultClassPathProvider                                : loaded 2 times (x 76B)
Class com.google.common.collect.Sets$2                                                : loaded 2 times (x 139B)
Class [Lorg.gradle.api.internal.ClassPathProvider;                                    : loaded 2 times (x 69B)
Class org.gradle.api.internal.ClassPathProvider                                       : loaded 2 times (x 70B)
Class [Lorg.objectweb.asm.AnnotationVisitor;                                          : loaded 2 times (x 69B)
Class com.google.common.collect.Sets$3                                                : loaded 2 times (x 139B)
Class com.google.common.cache.LocalCache$LocalLoadingCache                            : loaded 2 times (x 134B)
Class org.gradle.internal.service.UnknownServiceException                             : loaded 2 times (x 83B)
Class com.google.common.collect.Sets$4                                                : loaded 2 times (x 139B)
Class org.objectweb.asm.ModuleVisitor                                                 : loaded 2 times (x 81B)
Class com.google.common.cache.LocalCache$Strength$1                                   : loaded 2 times (x 81B)
Class com.google.common.util.concurrent.SettableFuture                                : loaded 2 times (x 114B)
Class com.google.common.cache.LocalCache$Strength$2                                   : loaded 2 times (x 81B)
Class com.google.common.cache.LocalCache$Strength$3                                   : loaded 2 times (x 81B)
Class com.google.common.collect.MapDifference                                         : loaded 2 times (x 70B)
Class org.objectweb.asm.FieldWriter                                                   : loaded 2 times (x 78B)
Class com.google.common.cache.CacheBuilder$NullListener                               : loaded 2 times (x 82B)
Class org.gradle.internal.classpath.TransformedClassPath                              : loaded 2 times (x 96B)
Class org.gradle.internal.classloader.InstrumentingClassLoader                        : loaded 2 times (x 70B)
Class com.google.common.cache.CacheLoader$FunctionToCacheLoader                       : loaded 2 times (x 75B)
Class com.google.common.collect.Iterators$ArrayItr                                    : loaded 2 times (x 97B)
Class com.google.common.collect.ImmutableCollection$Builder                           : loaded 2 times (x 76B)
Class com.google.common.base.Joiner                                                   : loaded 2 times (x 79B)
Class com.google.common.base.MoreObjects                                              : loaded 2 times (x 71B)
Class com.google.common.collect.Platform                                              : loaded 2 times (x 71B)
Class com.google.common.base.Equivalence$Identity                                     : loaded 2 times (x 82B)
Class com.google.common.collect.UnmodifiableIterator                                  : loaded 2 times (x 80B)
Class org.gradle.internal.service.ServiceLocator                                      : loaded 2 times (x 70B)
Class com.google.common.base.Ascii                                                    : loaded 2 times (x 71B)
Class com.google.common.collect.SingletonImmutableBiMap                               : loaded 2 times (x 143B)
Class com.google.common.cache.LocalCache$1                                            : loaded 2 times (x 89B)
Class com.google.common.collect.Iterators$SingletonIterator                           : loaded 2 times (x 81B)
Class com.google.common.collect.AbstractMapEntry                                      : loaded 2 times (x 81B)
Class com.google.common.collect.Sets$ImprovedAbstractSet                              : loaded 2 times (x 135B)
Class com.google.common.collect.ImmutableList$Builder                                 : loaded 2 times (x 77B)
Class com.google.common.collect.AbstractMultimap                                      : loaded 2 times (x 123B)
Class com.google.common.cache.LocalCache$2                                            : loaded 2 times (x 142B)
Class com.google.common.collect.RegularImmutableAsList                                : loaded 2 times (x 217B)
Class com.google.common.util.concurrent.AbstractFuture$Trusted                        : loaded 2 times (x 70B)
Class com.google.common.collect.Iterators                                             : loaded 2 times (x 71B)
Class com.google.common.collect.Lists$StringAsImmutableList                           : loaded 2 times (x 207B)
Class com.google.common.util.concurrent.UncheckedExecutionException                   : loaded 2 times (x 82B)
Class org.gradle.kotlin.dsl.VersionCatalogAccessorsKt                                 : loaded 2 times (x 71B)
Class com.google.common.collect.AbstractMapBasedMultimap$KeySet$1                     : loaded 2 times (x 82B)
Class org.objectweb.asm.ClassWriter                                                   : loaded 2 times (x 106B)
Class com.google.common.base.CharMatcher$And                                          : loaded 2 times (x 112B)
Class com.google.common.cache.CacheLoader$UnsupportedLoadingOperationException        : loaded 2 times (x 82B)
Class org.gradle.internal.classloader.ClasspathUtil$1                                 : loaded 2 times (x 76B)
Class com.google.common.base.Objects                                                  : loaded 2 times (x 71B)
Class org.objectweb.asm.FieldVisitor                                                  : loaded 2 times (x 77B)
Class com.google.common.collect.IndexedImmutableSet                                   : loaded 2 times (x 152B)
Class com.google.common.collect.ImmutableMap$1                                        : loaded 2 times (x 81B)
Class com.google.common.collect.BiMap                                                 : loaded 2 times (x 70B)
Class org.gradle.api.internal.classpath.DefaultModuleRegistry$DefaultModule           : loaded 2 times (x 86B)
Class com.google.common.primitives.Ints                                               : loaded 2 times (x 71B)
Class com.google.common.collect.AbstractIterator                                      : loaded 2 times (x 82B)
Class com.google.common.collect.ObjectArrays                                          : loaded 2 times (x 71B)
Class com.google.common.math.MathPreconditions                                        : loaded 2 times (x 71B)
Class com.google.common.collect.Multiset                                              : loaded 2 times (x 70B)
Class com.google.common.collect.ArrayListMultimapGwtSerializationDependencies         : loaded 2 times (x 172B)
Class com.google.common.collect.AbstractIndexedListIterator                           : loaded 2 times (x 96B)
Class com.google.common.collect.ImmutableMapEntrySet                                  : loaded 2 times (x 152B)
Class org.gradle.api.internal.classpath.Module                                        : loaded 2 times (x 70B)
Class com.google.common.cache.Weigher                                                 : loaded 2 times (x 70B)
Class org.gradle.api.internal.classpath.UnknownModuleException                        : loaded 2 times (x 82B)
Class com.google.common.base.Stopwatch                                                : loaded 2 times (x 72B)
Class com.google.common.cache.LocalCache$Strength                                     : loaded 2 times (x 81B)
Class com.google.common.cache.Cache                                                   : loaded 2 times (x 70B)
Class com.google.common.util.concurrent.AbstractFuture$Cancellation                   : loaded 2 times (x 72B)
Class com.google.common.collect.ImmutableMap$Builder                                  : loaded 2 times (x 82B)
Class com.google.common.cache.RemovalListener                                         : loaded 2 times (x 70B)
Class org.gradle.api.internal.DefaultClassPathRegistry                                : loaded 2 times (x 76B)
Class com.google.common.primitives.IntsMethodsForWeb                                  : loaded 2 times (x 71B)
Class com.google.common.collect.Multimap                                              : loaded 2 times (x 70B)
Class org.gradle.api.internal.ClassPathRegistry                                       : loaded 2 times (x 70B)
Class org.gradle.internal.classpath.DefaultClassPath$ImmutableUniqueList              : loaded 2 times (x 199B)
Class com.google.common.base.ExtraObjectsMethodsForWeb                                : loaded 2 times (x 71B)
Class [Lorg.objectweb.asm.Type;                                                       : loaded 2 times (x 69B)
Class com.google.common.cache.CacheBuilder                                            : loaded 2 times (x 72B)
Class com.google.common.collect.SingletonImmutableList                                : loaded 2 times (x 207B)
Class Settings_gradle$1                                                               : loaded 2 times (x 74B)
Class org.gradle.internal.classpath.ClassPath                                         : loaded 2 times (x 70B)
Class com.google.common.base.JdkPattern                                               : loaded 2 times (x 75B)
Class com.google.common.collect.ImmutableList$ReverseImmutableList                    : loaded 2 times (x 209B)
Class org.objectweb.asm.SymbolTable$Entry                                             : loaded 2 times (x 74B)
Class org.objectweb.asm.Edge                                                          : loaded 2 times (x 72B)
Class com.google.common.base.Suppliers$SupplierOfInstance                             : loaded 2 times (x 79B)
Class com.google.common.collect.Iterators$1                                           : loaded 2 times (x 81B)
Class com.google.common.cache.LocalCache$ComputingValueReference                      : loaded 2 times (x 96B)
Class com.google.common.collect.SingletonImmutableSet                                 : loaded 2 times (x 146B)
Class com.google.common.collect.ImmutableMap$IteratorBasedImmutableMap                : loaded 2 times (x 126B)
Class com.google.common.cache.LocalCache$Segment                                      : loaded 2 times (x 154B)
Class com.google.common.collect.AbstractListMultimap                                  : loaded 2 times (x 172B)
Class [Lorg.objectweb.asm.SymbolTable$Entry;                                          : loaded 2 times (x 69B)
Class com.google.common.cache.CacheLoader                                             : loaded 2 times (x 74B)
Class com.google.common.collect.Iterators$4                                           : loaded 2 times (x 82B)
Class com.google.common.collect.ImmutableBiMap                                        : loaded 2 times (x 143B)
Class org.gradle.api.internal.classpath.ModuleRegistry                                : loaded 2 times (x 70B)
Class org.gradle.internal.installation.GradleInstallation$1                           : loaded 2 times (x 75B)
Class com.google.common.collect.ImmutableSet$JdkBackedSetBuilderImpl                  : loaded 2 times (x 76B)
Class com.google.common.util.concurrent.internal.InternalFutureFailureAccess          : loaded 2 times (x 72B)
Class com.google.common.collect.Iterators$5                                           : loaded 2 times (x 82B)
Class com.google.common.base.CharMatcher$ForPredicate                                 : loaded 2 times (x 112B)
Class com.google.common.cache.LocalCache$LocalManualCache$1                           : loaded 2 times (x 75B)
Class com.google.common.base.CharMatcher$AnyOf                                        : loaded 2 times (x 112B)
Class com.google.common.collect.ImmutableCollection                                   : loaded 2 times (x 125B)
Class org.gradle.api.internal.classpath.DefaultModuleRegistry                         : loaded 2 times (x 86B)
Class com.google.common.collect.Lists                                                 : loaded 2 times (x 71B)
Class com.google.common.util.concurrent.ListenableFuture                              : loaded 2 times (x 70B)
Class com.google.common.cache.ReferenceEntry                                          : loaded 2 times (x 70B)
Class com.google.common.base.Converter                                                : loaded 2 times (x 90B)
Class com.google.common.collect.ImmutableSet$CachingAsList                            : loaded 2 times (x 148B)
Class com.google.common.collect.AbstractMapBasedMultimap                              : loaded 2 times (x 139B)
Class com.google.common.util.concurrent.AbstractFuture                                : loaded 2 times (x 106B)
Class com.google.common.base.FunctionalEquivalence                                    : loaded 2 times (x 83B)
Class com.google.common.collect.Iterators$9                                           : loaded 2 times (x 81B)
Class com.google.common.collect.ImmutableAsList                                       : loaded 2 times (x 209B)
Class org.objectweb.asm.RecordComponentVisitor                                        : loaded 2 times (x 77B)
Class com.google.common.cache.CacheLoader$SupplierToCacheLoader                       : loaded 2 times (x 75B)
Class ijKotlinCoroutineJvmDebugInit1_9o2cbrquwz1eqzommbbn5c2ns$_run_closure1$_closure2: loaded 2 times (x 139B)
Class org.gradle.internal.service.ServiceLookupException                              : loaded 2 times (x 82B)
Class [Lcom.google.common.cache.LocalCache$EntryFactory;                              : loaded 2 times (x 69B)
Class ijJvmDebugger1_4a8v1as7prq4n9me1cnv7qcn4$_run_closure1$_closure2                : loaded 2 times (x 140B)
Class org.gradle.internal.classloader.ClassLoaderFactory                              : loaded 2 times (x 70B)
Class com.google.common.base.CommonPattern                                            : loaded 2 times (x 74B)
Class com.google.common.base.CharMatcher$IsNot                                        : loaded 2 times (x 111B)
Class com.google.common.cache.LocalCache$LocalManualCache                             : loaded 2 times (x 99B)
Class org.gradle.internal.service.CachingServiceLocator                               : loaded 2 times (x 82B)
Class com.google.common.collect.AbstractMapBasedMultimap$KeySet                       : loaded 2 times (x 137B)
Class com.google.common.math.IntMath                                                  : loaded 2 times (x 71B)
Class com.google.common.collect.ImmutableMapEntry                                     : loaded 2 times (x 85B)
Class com.google.common.base.Equivalence                                              : loaded 2 times (x 82B)
Class com.google.common.base.Function                                                 : loaded 2 times (x 70B)
Class com.google.common.collect.ImmutableMapEntry$NonTerminalImmutableMapEntry        : loaded 2 times (x 85B)
Class com.google.common.collect.IndexedImmutableSet$1                                 : loaded 2 times (x 213B)
Class com.google.common.cache.CacheBuilder$OneWeigher                                 : loaded 2 times (x 82B)
Class com.google.common.collect.RegularImmutableList                                  : loaded 2 times (x 213B)
Class ijJvmDebugger1_4a8v1as7prq4n9me1cnv7qcn4$_run_closure1                          : loaded 2 times (x 139B)
Class org.gradle.internal.classloader.ClasspathUtil                                   : loaded 2 times (x 71B)
Class com.google.common.util.concurrent.Uninterruptibles                              : loaded 2 times (x 71B)
Class com.google.common.util.concurrent.LazyLogger                                    : loaded 2 times (x 72B)
Class com.google.common.collect.Maps                                                  : loaded 2 times (x 71B)
Class org.gradle.api.specs.Spec                                                       : loaded 2 times (x 70B)
Class [Lcom.google.common.collect.ImmutableEntry;                                     : loaded 2 times (x 69B)
Class com.google.common.cache.LocalCache$LoadingValueReference                        : loaded 2 times (x 96B)
Class com.google.common.base.Platform                                                 : loaded 2 times (x 71B)
Class [Lorg.objectweb.asm.AnnotationWriter;                                           : loaded 2 times (x 69B)
Class com.google.common.collect.Maps$8                                                : loaded 2 times (x 82B)
Class com.google.common.collect.Sets$SetView                                          : loaded 2 times (x 138B)
Class com.google.common.cache.LocalCache$StrongValueReference                         : loaded 2 times (x 90B)
Class org.objectweb.asm.Type                                                          : loaded 2 times (x 72B)
Class org.gradle.internal.classloader.VisitableURLClassLoader$InstrumentingVisitableURLClassLoader: loaded 2 times (x 123B)
Class com.google.common.math.IntMath$1                                                : loaded 2 times (x 71B)
Class org.objectweb.asm.ByteVector                                                    : loaded 2 times (x 79B)
Class [Lcom.google.common.cache.CacheBuilder$NullListener;                            : loaded 2 times (x 69B)
Class org.gradle.internal.classloader.VisitableURLClassLoader$Spec                    : loaded 2 times (x 74B)
Class org.gradle.internal.classpath.DefaultClassPath                                  : loaded 2 times (x 90B)
Class org.objectweb.asm.Symbol                                                        : loaded 2 times (x 73B)
Class com.google.common.base.CharMatcher$BitSetMatcher                                : loaded 2 times (x 112B)
Class com.google.common.collect.RegularImmutableMap$Values                            : loaded 2 times (x 207B)
Class com.google.common.collect.ImmutableSet                                          : loaded 2 times (x 145B)
Class org.gradle.internal.classloader.ClassLoaderSpec                                 : loaded 2 times (x 71B)
Class org.objectweb.asm.AnnotationWriter                                              : loaded 2 times (x 79B)
Class com.google.common.cache.CacheStats                                              : loaded 2 times (x 71B)
Class org.objectweb.asm.RecordComponentWriter                                         : loaded 2 times (x 78B)
Class com.google.common.util.concurrent.AbstractFuture$Listener                       : loaded 2 times (x 72B)
Class com.google.common.base.CharMatcher$Or                                           : loaded 2 times (x 112B)
Class Settings_gradle$1$1                                                             : loaded 2 times (x 74B)
Class org.objectweb.asm.Attribute                                                     : loaded 2 times (x 77B)
Class com.google.common.base.Supplier                                                 : loaded 2 times (x 70B)
Class ijKotlinCoroutineJvmDebugInit1_9o2cbrquwz1eqzommbbn5c2ns$_run_closure1          : loaded 2 times (x 139B)
Class org.gradle.internal.classloader.VisitableURLClassLoader                         : loaded 2 times (x 117B)
Class Settings_gradle                                                                 : loaded 2 times (x 124B)
Class org.gradle.internal.Cast                                                        : loaded 2 times (x 71B)
Class org.gradle.api.Action                                                           : loaded 2 times (x 70B)
Class com.google.common.base.Strings                                                  : loaded 2 times (x 71B)
Class com.google.common.collect.Sets                                                  : loaded 2 times (x 71B)
Class org.objectweb.asm.Handler                                                       : loaded 2 times (x 72B)
Class com.google.common.base.CharMatcher$FastMatcher                                  : loaded 2 times (x 111B)
Class com.google.common.base.Ticker                                                   : loaded 2 times (x 72B)
Class [Lcom.google.common.cache.LocalCache$Segment;                                   : loaded 2 times (x 69B)
Class com.google.common.base.Predicate                                                : loaded 2 times (x 70B)
Class [Lcom.google.common.cache.LocalCache$Strength;                                  : loaded 2 times (x 69B)
Class com.google.common.cache.CacheBuilder$1                                          : loaded 2 times (x 85B)
Class com.google.common.collect.ImmutableMap                                          : loaded 2 times (x 120B)
Class org.gradle.internal.classpath.DefaultClassPath$ImmutableUniqueList$Builder      : loaded 2 times (x 75B)
Class com.google.common.base.CharMatcher$NegatedFastMatcher                           : loaded 2 times (x 113B)
Class com.google.common.cache.LocalCache                                              : loaded 2 times (x 187B)
Class com.google.common.cache.CacheBuilder$2                                          : loaded 2 times (x 79B)
Class com.google.common.collect.ArrayListMultimap                                     : loaded 2 times (x 172B)
Class com.google.common.cache.CacheBuilder$3                                          : loaded 2 times (x 72B)
Class [Lcom.google.common.collect.AbstractMapEntry;                                   : loaded 2 times (x 69B)
Class com.google.common.collect.ImmutableEntry                                        : loaded 2 times (x 82B)
Class org.gradle.api.GradleException                                                  : loaded 2 times (x 82B)
Class com.google.common.collect.CollectPreconditions                                  : loaded 2 times (x 71B)
Class com.google.common.collect.SortedMapDifference                                   : loaded 2 times (x 70B)
Class com.google.common.cache.LocalCache$EntryFactory                                 : loaded 2 times (x 83B)
Class com.google.common.cache.LocalCache$AbstractReferenceEntry                       : loaded 2 times (x 107B)
Class ijJvmDebugger1_4a8v1as7prq4n9me1cnv7qcn4                                        : loaded 2 times (x 171B)
Class org.gradle.internal.IoActions                                                   : loaded 2 times (x 71B)
Class org.objectweb.asm.SymbolTable                                                   : loaded 2 times (x 72B)
Class com.google.common.cache.CacheLoader$InvalidCacheLoadException                   : loaded 2 times (x 82B)
Class com.google.common.collect.ImmutableSet$RegularSetBuilderImpl                    : loaded 2 times (x 77B)
Class org.gradle.internal.classloader.SystemClassLoaderSpec                           : loaded 2 times (x 71B)
Class com.google.common.cache.LocalCache$StrongEntry                                  : loaded 2 times (x 108B)
Class com.google.common.util.concurrent.AbstractFuture$TrustedFuture                  : loaded 2 times (x 114B)
Class com.google.common.cache.LoadingCache                                            : loaded 2 times (x 70B)
Class org.objectweb.asm.MethodWriter                                                  : loaded 2 times (x 106B)
Class [Lcom.google.common.cache.Weigher;                                              : loaded 2 times (x 69B)
Class com.google.common.collect.RegularImmutableMap$BucketOverflowException           : loaded 2 times (x 82B)
Class com.google.common.collect.RegularImmutableBiMap                                 : loaded 2 times (x 149B)
Class com.google.common.base.CharMatcher$Negated                                      : loaded 2 times (x 113B)
Class com.google.common.base.CharMatcher$Is                                           : loaded 2 times (x 111B)
Class com.google.common.cache.LocalCache$ValueReference                               : loaded 2 times (x 70B)
Class com.google.common.base.PatternCompiler                                          : loaded 2 times (x 70B)
Class com.google.common.util.concurrent.AbstractFuture$Failure                        : loaded 2 times (x 72B)
Class com.google.common.base.Equivalence$Equals                                       : loaded 2 times (x 82B)
Class com.google.common.collect.Hashing                                               : loaded 2 times (x 71B)
Class com.google.common.base.Preconditions                                            : loaded 2 times (x 71B)
Class com.google.common.base.Joiner$1                                                 : loaded 2 times (x 80B)
Class org.objectweb.asm.Label                                                         : loaded 2 times (x 73B)
Class org.objectweb.asm.CurrentFrame                                                  : loaded 2 times (x 73B)
Class org.objectweb.asm.ClassTooLargeException                                        : loaded 2 times (x 83B)
Class com.google.common.base.CharMatcher                                              : loaded 2 times (x 111B)
Class com.google.common.collect.PeekingIterator                                       : loaded 2 times (x 70B)
Class com.google.common.collect.Maps$IteratorBasedAbstractMap                         : loaded 2 times (x 125B)
Class com.google.common.base.Joiner$2                                                 : loaded 2 times (x 79B)
Class org.objectweb.asm.Frame                                                         : loaded 2 times (x 73B)
Class org.objectweb.asm.MethodVisitor                                                 : loaded 2 times (x 105B)
Class com.google.common.base.CharMatcher$1                                            : loaded 2 times (x 113B)
Class com.google.common.base.CharMatcher$NamedFastMatcher                             : loaded 2 times (x 112B)
Class com.google.common.cache.LocalCache$EntryFactory$1                               : loaded 2 times (x 83B)
Class [Lcom.google.common.cache.RemovalListener;                                      : loaded 2 times (x 69B)
Class com.google.common.cache.LocalCache$EntryFactory$2                               : loaded 2 times (x 83B)
Class org.gradle.api.internal.classpath.GlobalCacheRootsProvider                      : loaded 2 times (x 70B)
Class org.objectweb.asm.ModuleWriter                                                  : loaded 2 times (x 82B)
Class com.google.common.cache.LocalCache$EntryFactory$3                               : loaded 2 times (x 83B)
Class com.google.common.base.Ticker$1                                                 : loaded 2 times (x 72B)
Class com.google.common.collect.Maps$BiMapConverter                                   : loaded 2 times (x 90B)
Class com.google.common.collect.ImmutableMapEntrySet$RegularEntrySet                  : loaded 2 times (x 152B)
Class com.google.common.collect.ImmutableSet$Builder                                  : loaded 2 times (x 85B)
Class com.google.common.base.CharMatcher$InRange                                      : loaded 2 times (x 111B)
Class com.google.common.cache.LocalCache$EntryFactory$4                               : loaded 2 times (x 83B)
Class com.google.common.cache.LocalCache$EntryFactory$5                               : loaded 2 times (x 83B)
Class com.google.common.base.PairwiseEquivalence                                      : loaded 2 times (x 83B)
Class com.google.common.cache.LocalCache$EntryFactory$6                               : loaded 2 times (x 83B)
Class org.gradle.internal.installation.CurrentGradleInstallationLocator               : loaded 2 times (x 71B)
Class com.google.common.collect.Maps$KeySet                                           : loaded 2 times (x 137B)
Class com.google.common.collect.ImmutableSet$EmptySetBuilderImpl                      : loaded 2 times (x 76B)
Class com.google.common.cache.LocalCache$EntryFactory$7                               : loaded 2 times (x 83B)
Class com.google.common.collect.ImmutableList                                         : loaded 2 times (x 206B)
Class ijKotlinCoroutineJvmDebugInit1_9o2cbrquwz1eqzommbbn5c2ns                        : loaded 2 times (x 171B)
Class org.gradle.internal.service.DefaultServiceLocator                               : loaded 2 times (x 83B)
Class com.google.common.cache.LocalCache$EntryFactory$8                               : loaded 2 times (x 83B)
Class com.google.common.collect.ImmutableSet$SetBuilderImpl                           : loaded 2 times (x 76B)
Class org.gradle.internal.installation.CurrentGradleInstallation                      : loaded 2 times (x 73B)
Class com.google.common.cache.CacheLoader$1                                           : loaded 2 times (x 75B)
Class com.google.common.collect.ForwardingObject                                      : loaded 2 times (x 72B)
Class com.google.common.collect.ImmutableList$SubList                                 : loaded 2 times (x 209B)
Class org.gradle.util.internal.GUtil                                                  : loaded 2 times (x 71B)
Class com.google.common.cache.AbstractCache$StatsCounter                              : loaded 2 times (x 70B)
Class com.google.common.collect.Iterators$MergingIterator                             : loaded 2 times (x 81B)
Class com.google.common.collect.RegularImmutableSet                                   : loaded 2 times (x 149B)
Class org.gradle.internal.installation.GradleInstallation                             : loaded 2 times (x 75B)
Class com.google.common.collect.Iterables                                             : loaded 2 times (x 71B)

---------------  S Y S T E M  ---------------

OS:
 Windows 10 , 64 bit Build 19041 (10.0.19041.7291)
OS uptime: 2 days 0:03 hours
Hyper-V role detected

CPU: total 4 (initial active 4) (4 cores per cpu, 2 threads per core) family 6 model 126 stepping 5 microcode 0xa6, cx8, cmov, fxsr, ht, mmx, 3dnowpref, sse, sse2, sse3, ssse3, sse4.1, sse4.2, popcnt, lzcnt, tsc, tscinvbit, avx, avx2, aes, erms, clmul, bmi1, bmi2, adx, avx512f, avx512dq, avx512cd, avx512bw, avx512vl, sha, fma, vzeroupper, avx512_vpopcntdq, avx512_vpclmulqdq, avx512_vaes, avx512_vnni, clflush, clflushopt, avx512_vbmi2, avx512_vbmi, hv, rdtscp, rdpid, fsrm, gfni, avx512_bitalg, f16c, avx512_ifma
Processor Information for the first 4 processors :
  Max Mhz: 1190, Current Mhz: 991, Mhz Limit: 987

Memory: 4k page, system-wide physical 12083M (171M free)
TotalPageFile size 48947M (AvailPageFile size 40M)
current process WorkingSet (physical memory assigned to process): 634M, peak: 634M
current process commit charge ("private bytes"): 695M, peak: 804M

vm_info: OpenJDK 64-Bit Server VM (21.0.9+-14787801-b1163.94) for windows-amd64 JRE (21.0.9+-14787801-b1163.94), built on 2026-01-27T21:15:44Z by "builder" with MS VC++ 16.10 / 16.11 (VS2019)

END.
