#
# There is insufficient memory for the Java Runtime Environment to continue.
# Native memory allocation (mmap) failed to map 206569472 bytes. Error detail: G1 virtual space
# Possible reasons:
#   The system is out of physical RAM or swap space
#   This process is running with CompressedOops enabled, and the Java Heap may be blocking the growth of the native heap
# Possible solutions:
#   Reduce memory load on the system
#   Increase physical memory or swap space
#   Check if swap backing store is full
#   Decrease Java heap size (-Xmx/-Xms)
#   Decrease number of Java threads
#   Decrease Java thread stack sizes (-Xss)
#   Set larger code cache with -XX:ReservedCodeCacheSize=
#   JVM is running with Unscaled Compressed Oops mode in which the Java heap is
#     placed in the first 4GB address space. The Java Heap base address is the
#     maximum limit for the native heap growth. Please use -XX:HeapBaseMinAddress
#     to set the Java Heap base and to place the Java Heap above 4GB virtual address.
# This output file may be truncated or incomplete.
#
#  Out of Memory Error (os_windows.cpp:3925), pid=6848, tid=15704
#
# JRE version: OpenJDK Runtime Environment (21.0.9) (build 21.0.9+-14787801-b1163.94)
# Java VM: OpenJDK 64-Bit Server VM (21.0.9+-14787801-b1163.94, mixed mode, tiered, compressed oops, compressed class ptrs, g1 gc, windows-amd64)
# No core dump will be written. Minidumps are not enabled by default on client versions of Windows
#

---------------  S U M M A R Y ------------

Command Line: --add-opens=java.base/java.lang=ALL-UNNAMED --add-opens=java.base/java.lang.invoke=ALL-UNNAMED --add-opens=java.base/java.util=ALL-UNNAMED --add-opens=java.prefs/java.util.prefs=ALL-UNNAMED --add-exports=jdk.compiler/com.sun.tools.javac.api=ALL-UNNAMED --add-exports=jdk.compiler/com.sun.tools.javac.util=ALL-UNNAMED --add-opens=java.base/java.util=ALL-UNNAMED --add-opens=java.prefs/java.util.prefs=ALL-UNNAMED --add-opens=java.base/java.nio.charset=ALL-UNNAMED --add-opens=java.base/java.net=ALL-UNNAMED --add-opens=java.base/java.util.concurrent=ALL-UNNAMED --add-opens=java.base/java.util.concurrent.atomic=ALL-UNNAMED --add-opens=java.xml/javax.xml.namespace=ALL-UNNAMED --add-opens=java.base/java.time=ALL-UNNAMED -Xmx2048m -Dfile.encoding=UTF-8 -Duser.country=BR -Duser.language=pt -Duser.variant -javaagent:C:\Users\Administrador\.gradle\wrapper\dists\gradle-9.3.1-bin\23ovyewtku6u96viwx3xl3oks\gradle-9.3.1\lib\agents\gradle-instrumentation-agent-9.3.1.jar org.gradle.launcher.daemon.bootstrap.GradleDaemon 9.3.1

Host: Intel(R) Core(TM) i5-1035G1 CPU @ 1.00GHz, 4 cores, 11G,  Windows 10 , 64 bit Build 19041 (10.0.19041.7291)
Time: Fri Jun 26 08:55:44 2026 Hora oficial do Brasil elapsed time: 20.674180 seconds (0d 0h 0m 20s)

---------------  T H R E A D  ---------------

Current thread (0x000002244b0483e0):  VMThread "VM Thread"          [id=15704, stack(0x000000aa0a700000,0x000000aa0a800000) (1024K)]

Stack: [0x000000aa0a700000,0x000000aa0a800000]
Native frames: (J=compiled Java code, j=interpreted, Vv=VM code, C=native code)
V  [jvm.dll+0x6d6c99]
V  [jvm.dll+0x866b83]
V  [jvm.dll+0x8691ae]
V  [jvm.dll+0x869893]
V  [jvm.dll+0x280776]
V  [jvm.dll+0x6d3555]
V  [jvm.dll+0x6c6bea]
V  [jvm.dll+0x3587fb]
V  [jvm.dll+0x360476]
V  [jvm.dll+0x3b2646]
V  [jvm.dll+0x3b2918]
V  [jvm.dll+0x32af0c]
V  [jvm.dll+0x32af97]
V  [jvm.dll+0x370e7c]
V  [jvm.dll+0x36f62e]
V  [jvm.dll+0x32a661]
V  [jvm.dll+0x36ed30]
V  [jvm.dll+0x86f618]
V  [jvm.dll+0x870994]
V  [jvm.dll+0x870ed0]
V  [jvm.dll+0x871163]
V  [jvm.dll+0x80f118]
V  [jvm.dll+0x6d54ed]
C  [ucrtbase.dll+0x21bb2]
C  [KERNEL32.DLL+0x17374]
C  [ntdll.dll+0x4cc91]

VM_Operation (0x000000aa0f9fc950): G1CollectForAllocation, mode: safepoint, requested by thread 0x000002244b513490


---------------  P R O C E S S  ---------------

Threads class SMR info:
_java_thread_list=0x00000224540ec1c0, length=80, elements={
0x0000022431dc0750, 0x000002244b08c630, 0x000002244b09b510, 0x000002244b090530,
0x000002244b0b6b10, 0x000002244b0b8580, 0x000002244b0b8fe0, 0x000002244b0b9a40,
0x000002244b0d2c90, 0x000002244b0f6850, 0x000002244b3d9590, 0x00000224513e15d0,
0x0000022450d9df00, 0x0000022450f944b0, 0x0000022451f1d2e0, 0x0000022451196030,
0x0000022450d53160, 0x000002245156da30, 0x000002245156fb00, 0x000002245156ede0,
0x0000022451570190, 0x000002245156cd10, 0x000002245156d3a0, 0x000002245156e0c0,
0x0000022452baee50, 0x0000022452bb22d0, 0x0000022452baf4e0, 0x0000022452bafb70,
0x0000022452bb2960, 0x0000022452bb2ff0, 0x0000022452bae7c0, 0x0000022452bb0200,
0x0000022452bb0890, 0x0000022452bb1c40, 0x0000022452bb3d10, 0x000002245363ea90,
0x0000022453640b60, 0x000002245363fe40, 0x00000224536404d0, 0x0000022453642c30,
0x000002245363e400, 0x00000224536411f0, 0x000002245363f120, 0x0000022453644670,
0x0000022453641f10, 0x000002245363f7b0, 0x0000022453641880, 0x000002245363dd70,
0x0000022453c18210, 0x0000022453c195c0, 0x0000022453c15ab0, 0x0000022453c14070,
0x0000022453c167d0, 0x0000022453c174f0, 0x0000022453c1a970, 0x0000022453c16140,
0x0000022453c16e60, 0x0000022453c14700, 0x0000022453c18f30, 0x00000224529e31d0,
0x00000224529dd5f0, 0x00000224529e1790, 0x00000224529e0a70, 0x00000224529de310,
0x00000224529de9a0, 0x00000224529df030, 0x0000022453c19c50, 0x0000022453c14d90,
0x0000022453c15420, 0x000002245ab10750, 0x000002245ab12820, 0x000002245ab0d2d0,
0x000002245ab0f3a0, 0x000002245ab148f0, 0x000002244b514840, 0x000002244b510d30,
0x000002244b510010, 0x000002244b514ed0, 0x000002244b516fa0, 0x000002244b513490
}

Java Threads: ( => current thread )
  0x0000022431dc0750 JavaThread "main"                              [_thread_blocked, id=15612, stack(0x000000aa0a000000,0x000000aa0a100000) (1024K)]
  0x000002244b08c630 JavaThread "Common-Cleaner"             daemon [_thread_blocked, id=11232, stack(0x000000aa0a800000,0x000000aa0a900000) (1024K)]
  0x000002244b09b510 JavaThread "Reference Handler"          daemon [_thread_blocked, id=20688, stack(0x000000aa0a900000,0x000000aa0aa00000) (1024K)]
  0x000002244b090530 JavaThread "Finalizer"                  daemon [_thread_blocked, id=13864, stack(0x000000aa0aa00000,0x000000aa0ab00000) (1024K)]
  0x000002244b0b6b10 JavaThread "Signal Dispatcher"          daemon [_thread_blocked, id=12996, stack(0x000000aa0ab00000,0x000000aa0ac00000) (1024K)]
  0x000002244b0b8580 JavaThread "Attach Listener"            daemon [_thread_blocked, id=8868, stack(0x000000aa0ac00000,0x000000aa0ad00000) (1024K)]
  0x000002244b0b8fe0 JavaThread "Service Thread"             daemon [_thread_blocked, id=16640, stack(0x000000aa0ad00000,0x000000aa0ae00000) (1024K)]
  0x000002244b0b9a40 JavaThread "Monitor Deflation Thread"   daemon [_thread_blocked, id=11688, stack(0x000000aa0ae00000,0x000000aa0af00000) (1024K)]
  0x000002244b0d2c90 JavaThread "C2 CompilerThread0"         daemon [_thread_blocked, id=22216, stack(0x000000aa0af00000,0x000000aa0b000000) (1024K)]
  0x000002244b0f6850 JavaThread "C1 CompilerThread0"         daemon [_thread_blocked, id=22748, stack(0x000000aa0b000000,0x000000aa0b100000) (1024K)]
  0x000002244b3d9590 JavaThread "Notification Thread"        daemon [_thread_blocked, id=14752, stack(0x000000aa0b100000,0x000000aa0b200000) (1024K)]
  0x00000224513e15d0 JavaThread "Daemon health stats"               [_thread_blocked, id=15636, stack(0x000000aa0b500000,0x000000aa0b600000) (1024K)]
  0x0000022450d9df00 JavaThread "Incoming local TCP Connector on port 61988"        [_thread_in_native, id=15644, stack(0x000000aa0b600000,0x000000aa0b700000) (1024K)]
  0x0000022450f944b0 JavaThread "Daemon periodic checks"            [_thread_blocked, id=560, stack(0x000000aa0b700000,0x000000aa0b800000) (1024K)]
  0x0000022451f1d2e0 JavaThread "Daemon"                            [_thread_blocked, id=10656, stack(0x000000aa0b800000,0x000000aa0b900000) (1024K)]
  0x0000022451196030 JavaThread "Handler for socket connection from /127.0.0.1:61988 to /127.0.0.1:61989"        [_thread_in_native, id=432, stack(0x000000aa0b900000,0x000000aa0ba00000) (1024K)]
  0x0000022450d53160 JavaThread "Cancel handler"                    [_thread_blocked, id=16124, stack(0x000000aa0ba00000,0x000000aa0bb00000) (1024K)]
  0x000002245156da30 JavaThread "Daemon worker"                     [_thread_blocked, id=16932, stack(0x000000aa0bb00000,0x000000aa0bc00000) (1024K)]
  0x000002245156fb00 JavaThread "Asynchronous log dispatcher for DefaultDaemonConnection: socket connection from /127.0.0.1:61988 to /127.0.0.1:61989"        [_thread_blocked, id=23348, stack(0x000000aa0bc00000,0x000000aa0bd00000) (1024K)]
  0x000002245156ede0 JavaThread "Stdin handler"                     [_thread_blocked, id=6732, stack(0x000000aa0bd00000,0x000000aa0be00000) (1024K)]
  0x0000022451570190 JavaThread "Daemon client event forwarder"        [_thread_blocked, id=11632, stack(0x000000aa0be00000,0x000000aa0bf00000) (1024K)]
  0x000002245156cd10 JavaThread "Cache worker for journal cache (C:\Users\Administrador\.gradle\caches\journal-1)"        [_thread_blocked, id=14660, stack(0x000000aa0bf00000,0x000000aa0c000000) (1024K)]
  0x000002245156d3a0 JavaThread "File lock request listener"        [_thread_in_native, id=6912, stack(0x000000aa0c000000,0x000000aa0c100000) (1024K)]
  0x000002245156e0c0 JavaThread "Cache worker for file hash cache (C:\Users\Administrador\.gradle\caches\9.3.1\fileHashes)"        [_thread_blocked, id=13376, stack(0x000000aa0c100000,0x000000aa0c200000) (1024K)]
  0x0000022452baee50 JavaThread "Cache worker for file hash cache (C:\Users\Administrador\AndroidStudioProjects\Transporte_Interiorano\.gradle\9.3.1\fileHashes)"        [_thread_blocked, id=18280, stack(0x000000aa0c200000,0x000000aa0c300000) (1024K)]
  0x0000022452bb22d0 JavaThread "Cache worker for Build Output Cleanup Cache (C:\Users\Administrador\AndroidStudioProjects\Transporte_Interiorano\.gradle\buildOutputCleanup)"        [_thread_blocked, id=16304, stack(0x000000aa0c300000,0x000000aa0c400000) (1024K)]
  0x0000022452baf4e0 JavaThread "File watcher server"        daemon [_thread_blocked, id=21540, stack(0x000000aa0c400000,0x000000aa0c500000) (1024K)]
  0x0000022452bafb70 JavaThread "File watcher consumer"      daemon [_thread_blocked, id=13348, stack(0x000000aa0c500000,0x000000aa0c600000) (1024K)]
  0x0000022452bb2960 JavaThread "Cache worker for checksums cache (C:\Users\Administrador\AndroidStudioProjects\Transporte_Interiorano\.gradle\9.3.1\checksums)"        [_thread_blocked, id=11760, stack(0x000000aa0c600000,0x000000aa0c700000) (1024K)]
  0x0000022452bb2ff0 JavaThread "Cache worker for file content cache (C:\Users\Administrador\.gradle\caches\9.3.1\fileContent)"        [_thread_blocked, id=5232, stack(0x000000aa0c700000,0x000000aa0c800000) (1024K)]
  0x0000022452bae7c0 JavaThread "Cache worker for cache directory md-supplier (C:\Users\Administrador\.gradle\caches\9.3.1\md-supplier)"        [_thread_blocked, id=11496, stack(0x000000aa0c800000,0x000000aa0c900000) (1024K)]
  0x0000022452bb0200 JavaThread "Cache worker for cache directory md-rule (C:\Users\Administrador\.gradle\caches\9.3.1\md-rule)"        [_thread_blocked, id=11416, stack(0x000000aa0c900000,0x000000aa0ca00000) (1024K)]
  0x0000022452bb0890 JavaThread "jar transforms"                    [_thread_blocked, id=18388, stack(0x000000aa0ca00000,0x000000aa0cb00000) (1024K)]
  0x0000022452bb1c40 JavaThread "jar transforms Thread 2"           [_thread_blocked, id=12056, stack(0x000000aa0cb00000,0x000000aa0cc00000) (1024K)]
  0x0000022452bb3d10 JavaThread "jar transforms Thread 3"           [_thread_blocked, id=14728, stack(0x000000aa0cc00000,0x000000aa0cd00000) (1024K)]
  0x000002245363ea90 JavaThread "Unconstrained build operations"        [_thread_blocked, id=5816, stack(0x000000aa0cd00000,0x000000aa0ce00000) (1024K)]
  0x0000022453640b60 JavaThread "Unconstrained build operations Thread 2"        [_thread_blocked, id=23444, stack(0x000000aa0ce00000,0x000000aa0cf00000) (1024K)]
  0x000002245363fe40 JavaThread "Unconstrained build operations Thread 3"        [_thread_blocked, id=22788, stack(0x000000aa0cf00000,0x000000aa0d000000) (1024K)]
  0x00000224536404d0 JavaThread "Unconstrained build operations Thread 4"        [_thread_blocked, id=18940, stack(0x000000aa0d000000,0x000000aa0d100000) (1024K)]
  0x0000022453642c30 JavaThread "Unconstrained build operations Thread 5"        [_thread_blocked, id=20276, stack(0x000000aa0d100000,0x000000aa0d200000) (1024K)]
  0x000002245363e400 JavaThread "Unconstrained build operations Thread 6"        [_thread_blocked, id=3644, stack(0x000000aa0d200000,0x000000aa0d300000) (1024K)]
  0x00000224536411f0 JavaThread "jar transforms Thread 4"           [_thread_blocked, id=1460, stack(0x000000aa0d300000,0x000000aa0d400000) (1024K)]
  0x000002245363f120 JavaThread "Unconstrained build operations Thread 7"        [_thread_blocked, id=18108, stack(0x000000aa0d400000,0x000000aa0d500000) (1024K)]
  0x0000022453644670 JavaThread "Unconstrained build operations Thread 8"        [_thread_blocked, id=18256, stack(0x000000aa0d500000,0x000000aa0d600000) (1024K)]
  0x0000022453641f10 JavaThread "Unconstrained build operations Thread 9"        [_thread_blocked, id=12572, stack(0x000000aa0d600000,0x000000aa0d700000) (1024K)]
  0x000002245363f7b0 JavaThread "Unconstrained build operations Thread 10"        [_thread_blocked, id=15196, stack(0x000000aa0d700000,0x000000aa0d800000) (1024K)]
  0x0000022453641880 JavaThread "Unconstrained build operations Thread 11"        [_thread_blocked, id=21588, stack(0x000000aa0d800000,0x000000aa0d900000) (1024K)]
  0x000002245363dd70 JavaThread "Unconstrained build operations Thread 12"        [_thread_blocked, id=17480, stack(0x000000aa0d900000,0x000000aa0da00000) (1024K)]
  0x0000022453c18210 JavaThread "Unconstrained build operations Thread 13"        [_thread_blocked, id=11452, stack(0x000000aa0da00000,0x000000aa0db00000) (1024K)]
  0x0000022453c195c0 JavaThread "Unconstrained build operations Thread 14"        [_thread_blocked, id=11948, stack(0x000000aa0db00000,0x000000aa0dc00000) (1024K)]
  0x0000022453c15ab0 JavaThread "Unconstrained build operations Thread 15"        [_thread_blocked, id=15120, stack(0x000000aa0dc00000,0x000000aa0dd00000) (1024K)]
  0x0000022453c14070 JavaThread "Unconstrained build operations Thread 16"        [_thread_blocked, id=13644, stack(0x000000aa0dd00000,0x000000aa0de00000) (1024K)]
  0x0000022453c167d0 JavaThread "Unconstrained build operations Thread 17"        [_thread_blocked, id=22280, stack(0x000000aa0de00000,0x000000aa0df00000) (1024K)]
  0x0000022453c174f0 JavaThread "Unconstrained build operations Thread 18"        [_thread_blocked, id=5844, stack(0x000000aa0df00000,0x000000aa0e000000) (1024K)]
  0x0000022453c1a970 JavaThread "Unconstrained build operations Thread 19"        [_thread_blocked, id=20764, stack(0x000000aa0e000000,0x000000aa0e100000) (1024K)]
  0x0000022453c16140 JavaThread "Unconstrained build operations Thread 20"        [_thread_blocked, id=18528, stack(0x000000aa0e100000,0x000000aa0e200000) (1024K)]
  0x0000022453c16e60 JavaThread "Unconstrained build operations Thread 21"        [_thread_blocked, id=9072, stack(0x000000aa0e200000,0x000000aa0e300000) (1024K)]
  0x0000022453c14700 JavaThread "build event listener"              [_thread_blocked, id=10048, stack(0x000000aa0e300000,0x000000aa0e400000) (1024K)]
  0x0000022453c18f30 JavaThread "Memory manager"                    [_thread_blocked, id=2388, stack(0x000000aa0e400000,0x000000aa0e500000) (1024K)]
  0x00000224529e31d0 JavaThread "build event listener"              [_thread_blocked, id=16232, stack(0x000000aa0e500000,0x000000aa0e600000) (1024K)]
  0x00000224529dd5f0 JavaThread "pool-3-thread-1"                   [_thread_blocked, id=19560, stack(0x000000aa0e600000,0x000000aa0e700000) (1024K)]
  0x00000224529e1790 JavaThread "build event listener"              [_thread_blocked, id=19404, stack(0x000000aa0e700000,0x000000aa0e800000) (1024K)]
  0x00000224529e0a70 JavaThread "included builds"                   [_thread_blocked, id=17108, stack(0x000000aa0e800000,0x000000aa0e900000) (1024K)]
  0x00000224529de310 JavaThread "Execution worker"                  [_thread_blocked, id=8416, stack(0x000000aa0e900000,0x000000aa0ea00000) (1024K)]
  0x00000224529de9a0 JavaThread "Execution worker Thread 2"         [_thread_blocked, id=23420, stack(0x000000aa0ea00000,0x000000aa0eb00000) (1024K)]
  0x00000224529df030 JavaThread "Execution worker Thread 3"         [_thread_blocked, id=15664, stack(0x000000aa0eb00000,0x000000aa0ec00000) (1024K)]
  0x0000022453c19c50 JavaThread "Cache worker for execution history cache (C:\Users\Administrador\AndroidStudioProjects\Transporte_Interiorano\.gradle\9.3.1\executionHistory)"        [_thread_blocked, id=4268, stack(0x000000aa0ec00000,0x000000aa0ed00000) (1024K)]
  0x0000022453c14d90 JavaThread "Unconstrained build operations Thread 22"        [_thread_blocked, id=2680, stack(0x000000aa0ed00000,0x000000aa0ee00000) (1024K)]
  0x0000022453c15420 JavaThread "Unconstrained build operations Thread 23"        [_thread_blocked, id=16952, stack(0x000000aa0ee00000,0x000000aa0ef00000) (1024K)]
  0x000002245ab10750 JavaThread "Unconstrained build operations Thread 24"        [_thread_blocked, id=10484, stack(0x000000aa0ef00000,0x000000aa0f000000) (1024K)]
  0x000002245ab12820 JavaThread "Unconstrained build operations Thread 25"        [_thread_blocked, id=1132, stack(0x000000aa0f000000,0x000000aa0f100000) (1024K)]
  0x000002245ab0d2d0 JavaThread "Unconstrained build operations Thread 26"        [_thread_blocked, id=18700, stack(0x000000aa0f100000,0x000000aa0f200000) (1024K)]
  0x000002245ab0f3a0 JavaThread "Unconstrained build operations Thread 27"        [_thread_blocked, id=22212, stack(0x000000aa0f200000,0x000000aa0f300000) (1024K)]
  0x000002245ab148f0 JavaThread "Unconstrained build operations Thread 28"        [_thread_blocked, id=21944, stack(0x000000aa0f300000,0x000000aa0f400000) (1024K)]
  0x000002244b514840 JavaThread "Unconstrained build operations Thread 29"        [_thread_blocked, id=14884, stack(0x000000aa0f400000,0x000000aa0f500000) (1024K)]
  0x000002244b510d30 JavaThread "Unconstrained build operations Thread 30"        [_thread_blocked, id=6976, stack(0x000000aa0f500000,0x000000aa0f600000) (1024K)]
  0x000002244b510010 JavaThread "Unconstrained build operations Thread 31"        [_thread_blocked, id=8660, stack(0x000000aa0f600000,0x000000aa0f700000) (1024K)]
  0x000002244b514ed0 JavaThread "Unconstrained build operations Thread 32"        [_thread_blocked, id=18788, stack(0x000000aa0f700000,0x000000aa0f800000) (1024K)]
  0x000002244b516fa0 JavaThread "Unconstrained build operations Thread 33"        [_thread_blocked, id=13764, stack(0x000000aa0f800000,0x000000aa0f900000) (1024K)]
  0x000002244b513490 JavaThread "Unconstrained build operations Thread 34"        [_thread_blocked, id=460, stack(0x000000aa0f900000,0x000000aa0fa00000) (1024K)]
Total: 80

Other Threads:
=>0x000002244b0483e0 VMThread "VM Thread"                           [id=15704, stack(0x000000aa0a700000,0x000000aa0a800000) (1024K)]
  0x000002244ae7e230 WatcherThread "VM Periodic Task Thread"        [id=1512, stack(0x000000aa0a600000,0x000000aa0a700000) (1024K)]
  0x000002243409bf40 WorkerThread "GC Thread#0"                     [id=17588, stack(0x000000aa0a100000,0x000000aa0a200000) (1024K)]
  0x000002244b778250 WorkerThread "GC Thread#1"                     [id=9832, stack(0x000000aa0b200000,0x000000aa0b300000) (1024K)]
  0x000002244b7785f0 WorkerThread "GC Thread#2"                     [id=3412, stack(0x000000aa0b300000,0x000000aa0b400000) (1024K)]
  0x000002244b6ab1b0 WorkerThread "GC Thread#3"                     [id=16588, stack(0x000000aa0b400000,0x000000aa0b500000) (1024K)]
  0x00000224340ae0a0 ConcurrentGCThread "G1 Main Marker"            [id=23076, stack(0x000000aa0a200000,0x000000aa0a300000) (1024K)]
  0x00000224340b1750 WorkerThread "G1 Conc#0"                       [id=14684, stack(0x000000aa0a300000,0x000000aa0a400000) (1024K)]
  0x000002243410ead0 ConcurrentGCThread "G1 Refine#0"               [id=4196, stack(0x000000aa0a400000,0x000000aa0a500000) (1024K)]
  0x000002244ad50930 ConcurrentGCThread "G1 Service"                [id=11512, stack(0x000000aa0a500000,0x000000aa0a600000) (1024K)]
Total: 10

Threads with active compile tasks:
C2 CompilerThread0  20713 13791       4       org.gradle.cache.internal.btree.FileBackedBlockStore$BlockImpl::setPos (34 bytes)
Total: 1

VM state: at safepoint (normal execution)

VM Mutex/Monitor currently owned by a thread:  ([mutex/lock_event])
[0x00007fffe6be8690] Threads_lock - owner thread: 0x000002244b0483e0
[0x00007fffe6be8790] Heap_lock - owner thread: 0x000002244b513490

Heap address: 0x0000000080000000, size: 2048 MB, Compressed Oops mode: 32-bit

CDS archive(s) not mapped
Compressed class space mapped at: 0x0000000100000000-0x0000000140000000, reserved size: 1073741824
Narrow klass base: 0x0000000000000000, Narrow klass shift: 3, Narrow klass range: 0x140000000

GC Precious Log:
 CardTable entry size: 512
 Card Set container configuration: InlinePtr #cards 5 size 8 Array Of Cards #cards 12 size 40 Howl #buckets 4 coarsen threshold 1843 Howl Bitmap #cards 512 size 80 coarsen threshold 460 Card regions per heap region 1 cards per card region 2048
 CPUs: 4 total, 4 available
 Memory: 12083M
 Large Page Support: Disabled
 NUMA Support: Disabled
 Compressed Oops: Enabled (32-bit)
 Heap Region Size: 1M
 Heap Min Capacity: 8M
 Heap Initial Capacity: 190M
 Heap Max Capacity: 2G
 Pre-touch: Disabled
 Parallel Workers: 4
 Concurrent Workers: 1
 Concurrent Refinement Workers: 4
 Periodic GC: Disabled

Heap:
 garbage-first heap   total 222208K, used 126076K [0x0000000080000000, 0x0000000100000000)
  region size 1024K, 6 young (6144K), 6 survivors (6144K)
 Metaspace       used 118780K, committed 121088K, reserved 1179648K
  class space    used 16631K, committed 17728K, reserved 1048576K

Heap Regions: E=young(eden), S=young(survivor), O=old, HS=humongous(starts), HC=humongous(continues), CS=collection set, F=free, TAMS=top-at-mark-start, PB=parsable bottom
|   0|0x0000000080000000, 0x0000000080100000, 0x0000000080100000|100%|HS|  |TAMS 0x0000000080000000| PB 0x0000000080000000| Complete 
|   1|0x0000000080100000, 0x0000000080200000, 0x0000000080200000|100%|HC|  |TAMS 0x0000000080100000| PB 0x0000000080100000| Complete 
|   2|0x0000000080200000, 0x0000000080300000, 0x0000000080300000|100%|HC|  |TAMS 0x0000000080200000| PB 0x0000000080200000| Complete 
|   3|0x0000000080300000, 0x0000000080400000, 0x0000000080400000|100%|HC|  |TAMS 0x0000000080300000| PB 0x0000000080300000| Complete 
|   4|0x0000000080400000, 0x0000000080500000, 0x0000000080500000|100%|HS|  |TAMS 0x0000000080400000| PB 0x0000000080400000| Complete 
|   5|0x0000000080500000, 0x0000000080600000, 0x0000000080600000|100%| O|  |TAMS 0x0000000080500000| PB 0x0000000080500000| Untracked 
|   6|0x0000000080600000, 0x0000000080700000, 0x0000000080700000|100%| O|  |TAMS 0x0000000080600000| PB 0x0000000080600000| Untracked 
|   7|0x0000000080700000, 0x0000000080800000, 0x0000000080800000|100%| O|  |TAMS 0x0000000080700000| PB 0x0000000080700000| Untracked 
|   8|0x0000000080800000, 0x0000000080900000, 0x0000000080900000|100%| O|  |TAMS 0x0000000080800000| PB 0x0000000080800000| Untracked 
|   9|0x0000000080900000, 0x0000000080a00000, 0x0000000080a00000|100%| O|  |TAMS 0x0000000080900000| PB 0x0000000080900000| Untracked 
|  10|0x0000000080a00000, 0x0000000080b00000, 0x0000000080b00000|100%| O|  |TAMS 0x0000000080a00000| PB 0x0000000080a00000| Untracked 
|  11|0x0000000080b00000, 0x0000000080c00000, 0x0000000080c00000|100%| O|  |TAMS 0x0000000080b00000| PB 0x0000000080b00000| Untracked 
|  12|0x0000000080c00000, 0x0000000080d00000, 0x0000000080d00000|100%| O|  |TAMS 0x0000000080c00000| PB 0x0000000080c00000| Untracked 
|  13|0x0000000080d00000, 0x0000000080e00000, 0x0000000080e00000|100%| O|  |TAMS 0x0000000080d00000| PB 0x0000000080d00000| Untracked 
|  14|0x0000000080e00000, 0x0000000080f00000, 0x0000000080f00000|100%| O|  |TAMS 0x0000000080e00000| PB 0x0000000080e00000| Untracked 
|  15|0x0000000080f00000, 0x0000000081000000, 0x0000000081000000|100%| O|  |TAMS 0x0000000080f00000| PB 0x0000000080f00000| Untracked 
|  16|0x0000000081000000, 0x0000000081100000, 0x0000000081100000|100%| O|  |TAMS 0x0000000081000000| PB 0x0000000081000000| Untracked 
|  17|0x0000000081100000, 0x0000000081200000, 0x0000000081200000|100%| O|  |TAMS 0x0000000081100000| PB 0x0000000081100000| Untracked 
|  18|0x0000000081200000, 0x0000000081300000, 0x0000000081300000|100%| O|  |TAMS 0x0000000081200000| PB 0x0000000081200000| Untracked 
|  19|0x0000000081300000, 0x0000000081400000, 0x0000000081400000|100%| O|  |TAMS 0x0000000081300000| PB 0x0000000081300000| Untracked 
|  20|0x0000000081400000, 0x0000000081500000, 0x0000000081500000|100%| O|  |TAMS 0x0000000081400000| PB 0x0000000081400000| Untracked 
|  21|0x0000000081500000, 0x0000000081600000, 0x0000000081600000|100%| O|  |TAMS 0x0000000081500000| PB 0x0000000081500000| Untracked 
|  22|0x0000000081600000, 0x0000000081700000, 0x0000000081700000|100%| O|  |TAMS 0x0000000081600000| PB 0x0000000081600000| Untracked 
|  23|0x0000000081700000, 0x0000000081800000, 0x0000000081800000|100%| O|  |TAMS 0x0000000081700000| PB 0x0000000081700000| Untracked 
|  24|0x0000000081800000, 0x0000000081900000, 0x0000000081900000|100%| O|  |TAMS 0x0000000081800000| PB 0x0000000081800000| Untracked 
|  25|0x0000000081900000, 0x0000000081a00000, 0x0000000081a00000|100%| O|  |TAMS 0x0000000081900000| PB 0x0000000081900000| Untracked 
|  26|0x0000000081a00000, 0x0000000081b00000, 0x0000000081b00000|100%| O|  |TAMS 0x0000000081a00000| PB 0x0000000081a00000| Untracked 
|  27|0x0000000081b00000, 0x0000000081c00000, 0x0000000081c00000|100%| O|  |TAMS 0x0000000081b00000| PB 0x0000000081b00000| Untracked 
|  28|0x0000000081c00000, 0x0000000081d00000, 0x0000000081d00000|100%|HS|  |TAMS 0x0000000081c00000| PB 0x0000000081c00000| Complete 
|  29|0x0000000081d00000, 0x0000000081e00000, 0x0000000081e00000|100%|HC|  |TAMS 0x0000000081d00000| PB 0x0000000081d00000| Complete 
|  30|0x0000000081e00000, 0x0000000081f00000, 0x0000000081f00000|100%| O|  |TAMS 0x0000000081e00000| PB 0x0000000081e00000| Untracked 
|  31|0x0000000081f00000, 0x0000000082000000, 0x0000000082000000|100%|HS|  |TAMS 0x0000000081f00000| PB 0x0000000081f00000| Complete 
|  32|0x0000000082000000, 0x0000000082100000, 0x0000000082100000|100%| O|  |TAMS 0x0000000082000000| PB 0x0000000082000000| Untracked 
|  33|0x0000000082100000, 0x0000000082200000, 0x0000000082200000|100%| O|  |TAMS 0x0000000082100000| PB 0x0000000082100000| Untracked 
|  34|0x0000000082200000, 0x0000000082300000, 0x0000000082300000|100%| O|  |TAMS 0x0000000082200000| PB 0x0000000082200000| Untracked 
|  35|0x0000000082300000, 0x0000000082400000, 0x0000000082400000|100%| O|  |TAMS 0x0000000082300000| PB 0x0000000082300000| Untracked 
|  36|0x0000000082400000, 0x0000000082500000, 0x0000000082500000|100%| O|  |TAMS 0x0000000082400000| PB 0x0000000082400000| Untracked 
|  37|0x0000000082500000, 0x0000000082600000, 0x0000000082600000|100%| O|  |TAMS 0x0000000082500000| PB 0x0000000082500000| Untracked 
|  38|0x0000000082600000, 0x0000000082700000, 0x0000000082700000|100%| O|  |TAMS 0x0000000082600000| PB 0x0000000082600000| Untracked 
|  39|0x0000000082700000, 0x0000000082800000, 0x0000000082800000|100%| O|  |TAMS 0x0000000082700000| PB 0x0000000082700000| Untracked 
|  40|0x0000000082800000, 0x0000000082900000, 0x0000000082900000|100%| O|  |TAMS 0x0000000082800000| PB 0x0000000082800000| Untracked 
|  41|0x0000000082900000, 0x0000000082a00000, 0x0000000082a00000|100%| O|  |TAMS 0x0000000082900000| PB 0x0000000082900000| Untracked 
|  42|0x0000000082a00000, 0x0000000082b00000, 0x0000000082b00000|100%| O|  |TAMS 0x0000000082a00000| PB 0x0000000082a00000| Untracked 
|  43|0x0000000082b00000, 0x0000000082c00000, 0x0000000082c00000|100%| O|  |TAMS 0x0000000082b00000| PB 0x0000000082b00000| Untracked 
|  44|0x0000000082c00000, 0x0000000082d00000, 0x0000000082d00000|100%| O|  |TAMS 0x0000000082c00000| PB 0x0000000082c00000| Untracked 
|  45|0x0000000082d00000, 0x0000000082e00000, 0x0000000082e00000|100%| O|  |TAMS 0x0000000082d00000| PB 0x0000000082d00000| Untracked 
|  46|0x0000000082e00000, 0x0000000082f00000, 0x0000000082f00000|100%|HS|  |TAMS 0x0000000082e00000| PB 0x0000000082e00000| Complete 
|  47|0x0000000082f00000, 0x0000000083000000, 0x0000000083000000|100%|HS|  |TAMS 0x0000000082f00000| PB 0x0000000082f00000| Complete 
|  48|0x0000000083000000, 0x0000000083100000, 0x0000000083100000|100%| O|  |TAMS 0x0000000083000000| PB 0x0000000083000000| Untracked 
|  49|0x0000000083100000, 0x0000000083200000, 0x0000000083200000|100%| O|  |TAMS 0x0000000083100000| PB 0x0000000083100000| Untracked 
|  50|0x0000000083200000, 0x0000000083300000, 0x0000000083300000|100%| O|  |TAMS 0x0000000083200000| PB 0x0000000083200000| Untracked 
|  51|0x0000000083300000, 0x0000000083400000, 0x0000000083400000|100%| O|  |TAMS 0x0000000083300000| PB 0x0000000083300000| Untracked 
|  52|0x0000000083400000, 0x0000000083500000, 0x0000000083500000|100%| O|  |TAMS 0x0000000083400000| PB 0x0000000083400000| Untracked 
|  53|0x0000000083500000, 0x0000000083600000, 0x0000000083600000|100%|HS|  |TAMS 0x0000000083500000| PB 0x0000000083500000| Complete 
|  54|0x0000000083600000, 0x0000000083700000, 0x0000000083700000|100%|HC|  |TAMS 0x0000000083600000| PB 0x0000000083600000| Complete 
|  55|0x0000000083700000, 0x0000000083800000, 0x0000000083800000|100%|HS|  |TAMS 0x0000000083700000| PB 0x0000000083700000| Complete 
|  56|0x0000000083800000, 0x0000000083900000, 0x0000000083900000|100%| O|  |TAMS 0x0000000083800000| PB 0x0000000083800000| Untracked 
|  57|0x0000000083900000, 0x0000000083900000, 0x0000000083a00000|  0%| F|  |TAMS 0x0000000083900000| PB 0x0000000083900000| Untracked 
|  58|0x0000000083a00000, 0x0000000083b00000, 0x0000000083b00000|100%|HS|  |TAMS 0x0000000083a00000| PB 0x0000000083a00000| Complete 
|  59|0x0000000083b00000, 0x0000000083c00000, 0x0000000083c00000|100%|HS|  |TAMS 0x0000000083b00000| PB 0x0000000083b00000| Complete 
|  60|0x0000000083c00000, 0x0000000083d00000, 0x0000000083d00000|100%| O|  |TAMS 0x0000000083c00000| PB 0x0000000083c00000| Untracked 
|  61|0x0000000083d00000, 0x0000000083e00000, 0x0000000083e00000|100%| O|  |TAMS 0x0000000083d00000| PB 0x0000000083d00000| Untracked 
|  62|0x0000000083e00000, 0x0000000083f00000, 0x0000000083f00000|100%| O|  |TAMS 0x0000000083e00000| PB 0x0000000083e00000| Untracked 
|  63|0x0000000083f00000, 0x0000000084000000, 0x0000000084000000|100%| O|  |TAMS 0x0000000083f00000| PB 0x0000000083f00000| Untracked 
|  64|0x0000000084000000, 0x0000000084100000, 0x0000000084100000|100%|HS|  |TAMS 0x0000000084000000| PB 0x0000000084000000| Complete 
|  65|0x0000000084100000, 0x0000000084200000, 0x0000000084200000|100%|HC|  |TAMS 0x0000000084100000| PB 0x0000000084100000| Complete 
|  66|0x0000000084200000, 0x0000000084300000, 0x0000000084300000|100%|HS|  |TAMS 0x0000000084200000| PB 0x0000000084200000| Complete 
|  67|0x0000000084300000, 0x0000000084400000, 0x0000000084400000|100%| O|  |TAMS 0x0000000084300000| PB 0x0000000084300000| Untracked 
|  68|0x0000000084400000, 0x0000000084500000, 0x0000000084500000|100%| O|  |TAMS 0x0000000084400000| PB 0x0000000084400000| Untracked 
|  69|0x0000000084500000, 0x0000000084600000, 0x0000000084600000|100%| O|  |TAMS 0x0000000084500000| PB 0x0000000084500000| Untracked 
|  70|0x0000000084600000, 0x0000000084700000, 0x0000000084700000|100%| O|  |TAMS 0x0000000084600000| PB 0x0000000084600000| Untracked 
|  71|0x0000000084700000, 0x0000000084800000, 0x0000000084800000|100%| O|  |TAMS 0x0000000084700000| PB 0x0000000084700000| Untracked 
|  72|0x0000000084800000, 0x0000000084900000, 0x0000000084900000|100%| O|  |TAMS 0x0000000084800000| PB 0x0000000084800000| Untracked 
|  73|0x0000000084900000, 0x0000000084900000, 0x0000000084a00000|  0%| F|  |TAMS 0x0000000084900000| PB 0x0000000084900000| Untracked 
|  74|0x0000000084a00000, 0x0000000084b00000, 0x0000000084b00000|100%| O|  |TAMS 0x0000000084a00000| PB 0x0000000084a00000| Untracked 
|  75|0x0000000084b00000, 0x0000000084c00000, 0x0000000084c00000|100%| O|  |TAMS 0x0000000084b00000| PB 0x0000000084b00000| Untracked 
|  76|0x0000000084c00000, 0x0000000084d00000, 0x0000000084d00000|100%| O|  |TAMS 0x0000000084c00000| PB 0x0000000084c00000| Untracked 
|  77|0x0000000084d00000, 0x0000000084e00000, 0x0000000084e00000|100%| O|  |TAMS 0x0000000084d00000| PB 0x0000000084d00000| Untracked 
|  78|0x0000000084e00000, 0x0000000084f00000, 0x0000000084f00000|100%| O|  |TAMS 0x0000000084e00000| PB 0x0000000084e00000| Untracked 
|  79|0x0000000084f00000, 0x0000000085000000, 0x0000000085000000|100%| O|  |TAMS 0x0000000084f00000| PB 0x0000000084f00000| Untracked 
|  80|0x0000000085000000, 0x0000000085100000, 0x0000000085100000|100%| O|  |TAMS 0x0000000085000000| PB 0x0000000085000000| Untracked 
|  81|0x0000000085100000, 0x0000000085200000, 0x0000000085200000|100%| O|  |TAMS 0x0000000085100000| PB 0x0000000085100000| Untracked 
|  82|0x0000000085200000, 0x0000000085300000, 0x0000000085300000|100%| O|  |TAMS 0x0000000085200000| PB 0x0000000085200000| Untracked 
|  83|0x0000000085300000, 0x0000000085400000, 0x0000000085400000|100%| O|  |TAMS 0x0000000085300000| PB 0x0000000085300000| Untracked 
|  84|0x0000000085400000, 0x0000000085500000, 0x0000000085500000|100%| O|  |TAMS 0x0000000085400000| PB 0x0000000085400000| Untracked 
|  85|0x0000000085500000, 0x0000000085600000, 0x0000000085600000|100%| O|  |TAMS 0x0000000085500000| PB 0x0000000085500000| Untracked 
|  86|0x0000000085600000, 0x0000000085700000, 0x0000000085700000|100%| O|  |TAMS 0x0000000085600000| PB 0x0000000085600000| Untracked 
|  87|0x0000000085700000, 0x0000000085800000, 0x0000000085800000|100%| O|  |TAMS 0x0000000085700000| PB 0x0000000085700000| Untracked 
|  88|0x0000000085800000, 0x0000000085900000, 0x0000000085900000|100%| O|  |TAMS 0x0000000085800000| PB 0x0000000085800000| Untracked 
|  89|0x0000000085900000, 0x0000000085900000, 0x0000000085a00000|  0%| F|  |TAMS 0x0000000085900000| PB 0x0000000085900000| Untracked 
|  90|0x0000000085a00000, 0x0000000085b00000, 0x0000000085b00000|100%| O|  |TAMS 0x0000000085a00000| PB 0x0000000085a00000| Untracked 
|  91|0x0000000085b00000, 0x0000000085c00000, 0x0000000085c00000|100%| O|  |TAMS 0x0000000085b00000| PB 0x0000000085b00000| Untracked 
|  92|0x0000000085c00000, 0x0000000085d00000, 0x0000000085d00000|100%| O|  |TAMS 0x0000000085c00000| PB 0x0000000085c00000| Untracked 
|  93|0x0000000085d00000, 0x0000000085e00000, 0x0000000085e00000|100%| O|  |TAMS 0x0000000085d00000| PB 0x0000000085d00000| Untracked 
|  94|0x0000000085e00000, 0x0000000085f00000, 0x0000000085f00000|100%| O|  |TAMS 0x0000000085e00000| PB 0x0000000085e00000| Untracked 
|  95|0x0000000085f00000, 0x0000000086000000, 0x0000000086000000|100%| O|  |TAMS 0x0000000085f00000| PB 0x0000000085f00000| Untracked 
|  96|0x0000000086000000, 0x0000000086100000, 0x0000000086100000|100%| O|  |TAMS 0x0000000086000000| PB 0x0000000086000000| Untracked 
|  97|0x0000000086100000, 0x000000008611f020, 0x0000000086200000| 12%| O|  |TAMS 0x0000000086100000| PB 0x0000000086100000| Untracked 
|  98|0x0000000086200000, 0x0000000086200000, 0x0000000086300000|  0%| F|  |TAMS 0x0000000086200000| PB 0x0000000086200000| Untracked 
|  99|0x0000000086300000, 0x0000000086400000, 0x0000000086400000|100%| O|  |TAMS 0x0000000086300000| PB 0x0000000086300000| Untracked 
| 100|0x0000000086400000, 0x0000000086500000, 0x0000000086500000|100%| O|  |TAMS 0x0000000086400000| PB 0x0000000086400000| Untracked 
| 101|0x0000000086500000, 0x0000000086600000, 0x0000000086600000|100%| O|  |TAMS 0x0000000086500000| PB 0x0000000086500000| Untracked 
| 102|0x0000000086600000, 0x0000000086700000, 0x0000000086700000|100%| O|  |TAMS 0x0000000086600000| PB 0x0000000086600000| Untracked 
| 103|0x0000000086700000, 0x0000000086700000, 0x0000000086800000|  0%| F|  |TAMS 0x0000000086700000| PB 0x0000000086700000| Untracked 
| 104|0x0000000086800000, 0x0000000086900000, 0x0000000086900000|100%| S|CS|TAMS 0x0000000086800000| PB 0x0000000086800000| Complete 
| 105|0x0000000086900000, 0x0000000086a00000, 0x0000000086a00000|100%| S|CS|TAMS 0x0000000086900000| PB 0x0000000086900000| Complete 
| 106|0x0000000086a00000, 0x0000000086b00000, 0x0000000086b00000|100%| S|CS|TAMS 0x0000000086a00000| PB 0x0000000086a00000| Complete 
| 107|0x0000000086b00000, 0x0000000086c00000, 0x0000000086c00000|100%| S|CS|TAMS 0x0000000086b00000| PB 0x0000000086b00000| Complete 
| 108|0x0000000086c00000, 0x0000000086c00000, 0x0000000086d00000|  0%| F|  |TAMS 0x0000000086c00000| PB 0x0000000086c00000| Untracked 
| 109|0x0000000086d00000, 0x0000000086d00000, 0x0000000086e00000|  0%| F|  |TAMS 0x0000000086d00000| PB 0x0000000086d00000| Untracked 
| 110|0x0000000086e00000, 0x0000000086e00000, 0x0000000086f00000|  0%| F|  |TAMS 0x0000000086e00000| PB 0x0000000086e00000| Untracked 
| 111|0x0000000086f00000, 0x0000000086f00000, 0x0000000087000000|  0%| F|  |TAMS 0x0000000086f00000| PB 0x0000000086f00000| Untracked 
| 112|0x0000000087000000, 0x0000000087000000, 0x0000000087100000|  0%| F|  |TAMS 0x0000000087000000| PB 0x0000000087000000| Untracked 
| 113|0x0000000087100000, 0x0000000087200000, 0x0000000087200000|100%| S|CS|TAMS 0x0000000087100000| PB 0x0000000087100000| Complete 
| 114|0x0000000087200000, 0x0000000087300000, 0x0000000087300000|100%| S|CS|TAMS 0x0000000087200000| PB 0x0000000087200000| Complete 
| 115|0x0000000087300000, 0x0000000087300000, 0x0000000087400000|  0%| F|  |TAMS 0x0000000087300000| PB 0x0000000087300000| Untracked 
| 116|0x0000000087400000, 0x0000000087400000, 0x0000000087500000|  0%| F|  |TAMS 0x0000000087400000| PB 0x0000000087400000| Untracked 
| 117|0x0000000087500000, 0x0000000087500000, 0x0000000087600000|  0%| F|  |TAMS 0x0000000087500000| PB 0x0000000087500000| Untracked 
| 118|0x0000000087600000, 0x0000000087600000, 0x0000000087700000|  0%| F|  |TAMS 0x0000000087600000| PB 0x0000000087600000| Untracked 
| 119|0x0000000087700000, 0x0000000087700000, 0x0000000087800000|  0%| F|  |TAMS 0x0000000087700000| PB 0x0000000087700000| Untracked 
| 120|0x0000000087800000, 0x0000000087800000, 0x0000000087900000|  0%| F|  |TAMS 0x0000000087800000| PB 0x0000000087800000| Untracked 
| 121|0x0000000087900000, 0x0000000087900000, 0x0000000087a00000|  0%| F|  |TAMS 0x0000000087900000| PB 0x0000000087900000| Untracked 
| 122|0x0000000087a00000, 0x0000000087a00000, 0x0000000087b00000|  0%| F|  |TAMS 0x0000000087a00000| PB 0x0000000087a00000| Untracked 
| 123|0x0000000087b00000, 0x0000000087b00000, 0x0000000087c00000|  0%| F|  |TAMS 0x0000000087b00000| PB 0x0000000087b00000| Untracked 
| 124|0x0000000087c00000, 0x0000000087c00000, 0x0000000087d00000|  0%| F|  |TAMS 0x0000000087c00000| PB 0x0000000087c00000| Untracked 
| 125|0x0000000087d00000, 0x0000000087d00000, 0x0000000087e00000|  0%| F|  |TAMS 0x0000000087d00000| PB 0x0000000087d00000| Untracked 
| 126|0x0000000087e00000, 0x0000000087e00000, 0x0000000087f00000|  0%| F|  |TAMS 0x0000000087e00000| PB 0x0000000087e00000| Untracked 
| 127|0x0000000087f00000, 0x0000000087f00000, 0x0000000088000000|  0%| F|  |TAMS 0x0000000087f00000| PB 0x0000000087f00000| Untracked 
| 128|0x0000000088000000, 0x0000000088000000, 0x0000000088100000|  0%| F|  |TAMS 0x0000000088000000| PB 0x0000000088000000| Untracked 
| 129|0x0000000088100000, 0x0000000088100000, 0x0000000088200000|  0%| F|  |TAMS 0x0000000088100000| PB 0x0000000088100000| Untracked 
| 130|0x0000000088200000, 0x0000000088200000, 0x0000000088300000|  0%| F|  |TAMS 0x0000000088200000| PB 0x0000000088200000| Untracked 
| 131|0x0000000088300000, 0x0000000088300000, 0x0000000088400000|  0%| F|  |TAMS 0x0000000088300000| PB 0x0000000088300000| Untracked 
| 132|0x0000000088400000, 0x0000000088400000, 0x0000000088500000|  0%| F|  |TAMS 0x0000000088400000| PB 0x0000000088400000| Untracked 
| 133|0x0000000088500000, 0x0000000088500000, 0x0000000088600000|  0%| F|  |TAMS 0x0000000088500000| PB 0x0000000088500000| Untracked 
| 134|0x0000000088600000, 0x0000000088600000, 0x0000000088700000|  0%| F|  |TAMS 0x0000000088600000| PB 0x0000000088600000| Untracked 
| 135|0x0000000088700000, 0x0000000088700000, 0x0000000088800000|  0%| F|  |TAMS 0x0000000088700000| PB 0x0000000088700000| Untracked 
| 136|0x0000000088800000, 0x0000000088800000, 0x0000000088900000|  0%| F|  |TAMS 0x0000000088800000| PB 0x0000000088800000| Untracked 
| 137|0x0000000088900000, 0x0000000088900000, 0x0000000088a00000|  0%| F|  |TAMS 0x0000000088900000| PB 0x0000000088900000| Untracked 
| 138|0x0000000088a00000, 0x0000000088a00000, 0x0000000088b00000|  0%| F|  |TAMS 0x0000000088a00000| PB 0x0000000088a00000| Untracked 
| 139|0x0000000088b00000, 0x0000000088b00000, 0x0000000088c00000|  0%| F|  |TAMS 0x0000000088b00000| PB 0x0000000088b00000| Untracked 
| 140|0x0000000088c00000, 0x0000000088c00000, 0x0000000088d00000|  0%| F|  |TAMS 0x0000000088c00000| PB 0x0000000088c00000| Untracked 
| 141|0x0000000088d00000, 0x0000000088d00000, 0x0000000088e00000|  0%| F|  |TAMS 0x0000000088d00000| PB 0x0000000088d00000| Untracked 
| 142|0x0000000088e00000, 0x0000000088e00000, 0x0000000088f00000|  0%| F|  |TAMS 0x0000000088e00000| PB 0x0000000088e00000| Untracked 
| 143|0x0000000088f00000, 0x0000000088f00000, 0x0000000089000000|  0%| F|  |TAMS 0x0000000088f00000| PB 0x0000000088f00000| Untracked 
| 144|0x0000000089000000, 0x0000000089000000, 0x0000000089100000|  0%| F|  |TAMS 0x0000000089000000| PB 0x0000000089000000| Untracked 
| 145|0x0000000089100000, 0x0000000089100000, 0x0000000089200000|  0%| F|  |TAMS 0x0000000089100000| PB 0x0000000089100000| Untracked 
| 146|0x0000000089200000, 0x0000000089200000, 0x0000000089300000|  0%| F|  |TAMS 0x0000000089200000| PB 0x0000000089200000| Untracked 
| 147|0x0000000089300000, 0x0000000089300000, 0x0000000089400000|  0%| F|  |TAMS 0x0000000089300000| PB 0x0000000089300000| Untracked 
| 148|0x0000000089400000, 0x0000000089400000, 0x0000000089500000|  0%| F|  |TAMS 0x0000000089400000| PB 0x0000000089400000| Untracked 
| 149|0x0000000089500000, 0x0000000089500000, 0x0000000089600000|  0%| F|  |TAMS 0x0000000089500000| PB 0x0000000089500000| Untracked 
| 150|0x0000000089600000, 0x0000000089600000, 0x0000000089700000|  0%| F|  |TAMS 0x0000000089600000| PB 0x0000000089600000| Untracked 
| 151|0x0000000089700000, 0x0000000089700000, 0x0000000089800000|  0%| F|  |TAMS 0x0000000089700000| PB 0x0000000089700000| Untracked 
| 152|0x0000000089800000, 0x0000000089800000, 0x0000000089900000|  0%| F|  |TAMS 0x0000000089800000| PB 0x0000000089800000| Untracked 
| 153|0x0000000089900000, 0x0000000089900000, 0x0000000089a00000|  0%| F|  |TAMS 0x0000000089900000| PB 0x0000000089900000| Untracked 
| 154|0x0000000089a00000, 0x0000000089a00000, 0x0000000089b00000|  0%| F|  |TAMS 0x0000000089a00000| PB 0x0000000089a00000| Untracked 
| 155|0x0000000089b00000, 0x0000000089b00000, 0x0000000089c00000|  0%| F|  |TAMS 0x0000000089b00000| PB 0x0000000089b00000| Untracked 
| 156|0x0000000089c00000, 0x0000000089c00000, 0x0000000089d00000|  0%| F|  |TAMS 0x0000000089c00000| PB 0x0000000089c00000| Untracked 
| 157|0x0000000089d00000, 0x0000000089d00000, 0x0000000089e00000|  0%| F|  |TAMS 0x0000000089d00000| PB 0x0000000089d00000| Untracked 
| 158|0x0000000089e00000, 0x0000000089e00000, 0x0000000089f00000|  0%| F|  |TAMS 0x0000000089e00000| PB 0x0000000089e00000| Untracked 
| 159|0x0000000089f00000, 0x0000000089f00000, 0x000000008a000000|  0%| F|  |TAMS 0x0000000089f00000| PB 0x0000000089f00000| Untracked 
| 160|0x000000008a000000, 0x000000008a000000, 0x000000008a100000|  0%| F|  |TAMS 0x000000008a000000| PB 0x000000008a000000| Untracked 
| 161|0x000000008a100000, 0x000000008a100000, 0x000000008a200000|  0%| F|  |TAMS 0x000000008a100000| PB 0x000000008a100000| Untracked 
| 162|0x000000008a200000, 0x000000008a200000, 0x000000008a300000|  0%| F|  |TAMS 0x000000008a200000| PB 0x000000008a200000| Untracked 
| 163|0x000000008a300000, 0x000000008a300000, 0x000000008a400000|  0%| F|  |TAMS 0x000000008a300000| PB 0x000000008a300000| Untracked 
| 164|0x000000008a400000, 0x000000008a400000, 0x000000008a500000|  0%| F|  |TAMS 0x000000008a400000| PB 0x000000008a400000| Untracked 
| 165|0x000000008a500000, 0x000000008a500000, 0x000000008a600000|  0%| F|  |TAMS 0x000000008a500000| PB 0x000000008a500000| Untracked 
| 166|0x000000008a600000, 0x000000008a600000, 0x000000008a700000|  0%| F|  |TAMS 0x000000008a600000| PB 0x000000008a600000| Untracked 
| 167|0x000000008a700000, 0x000000008a700000, 0x000000008a800000|  0%| F|  |TAMS 0x000000008a700000| PB 0x000000008a700000| Untracked 
| 168|0x000000008a800000, 0x000000008a800000, 0x000000008a900000|  0%| F|  |TAMS 0x000000008a800000| PB 0x000000008a800000| Untracked 
| 169|0x000000008a900000, 0x000000008a900000, 0x000000008aa00000|  0%| F|  |TAMS 0x000000008a900000| PB 0x000000008a900000| Untracked 
| 170|0x000000008aa00000, 0x000000008aa00000, 0x000000008ab00000|  0%| F|  |TAMS 0x000000008aa00000| PB 0x000000008aa00000| Untracked 
| 171|0x000000008ab00000, 0x000000008ab00000, 0x000000008ac00000|  0%| F|  |TAMS 0x000000008ab00000| PB 0x000000008ab00000| Untracked 
| 172|0x000000008ac00000, 0x000000008ac00000, 0x000000008ad00000|  0%| F|  |TAMS 0x000000008ac00000| PB 0x000000008ac00000| Untracked 
| 173|0x000000008ad00000, 0x000000008ad00000, 0x000000008ae00000|  0%| F|  |TAMS 0x000000008ad00000| PB 0x000000008ad00000| Untracked 
| 174|0x000000008ae00000, 0x000000008ae00000, 0x000000008af00000|  0%| F|  |TAMS 0x000000008ae00000| PB 0x000000008ae00000| Untracked 
| 175|0x000000008af00000, 0x000000008af00000, 0x000000008b000000|  0%| F|  |TAMS 0x000000008af00000| PB 0x000000008af00000| Untracked 
| 176|0x000000008b000000, 0x000000008b000000, 0x000000008b100000|  0%| F|  |TAMS 0x000000008b000000| PB 0x000000008b000000| Untracked 
| 177|0x000000008b100000, 0x000000008b100000, 0x000000008b200000|  0%| F|  |TAMS 0x000000008b100000| PB 0x000000008b100000| Untracked 
| 178|0x000000008b200000, 0x000000008b200000, 0x000000008b300000|  0%| F|  |TAMS 0x000000008b200000| PB 0x000000008b200000| Untracked 
| 179|0x000000008b300000, 0x000000008b300000, 0x000000008b400000|  0%| F|  |TAMS 0x000000008b300000| PB 0x000000008b300000| Untracked 
| 180|0x000000008b400000, 0x000000008b400000, 0x000000008b500000|  0%| F|  |TAMS 0x000000008b400000| PB 0x000000008b400000| Untracked 
| 181|0x000000008b500000, 0x000000008b500000, 0x000000008b600000|  0%| F|  |TAMS 0x000000008b500000| PB 0x000000008b500000| Untracked 
| 182|0x000000008b600000, 0x000000008b600000, 0x000000008b700000|  0%| F|  |TAMS 0x000000008b600000| PB 0x000000008b600000| Untracked 
| 183|0x000000008b700000, 0x000000008b700000, 0x000000008b800000|  0%| F|  |TAMS 0x000000008b700000| PB 0x000000008b700000| Untracked 
| 184|0x000000008b800000, 0x000000008b800000, 0x000000008b900000|  0%| F|  |TAMS 0x000000008b800000| PB 0x000000008b800000| Untracked 
| 185|0x000000008b900000, 0x000000008b900000, 0x000000008ba00000|  0%| F|  |TAMS 0x000000008b900000| PB 0x000000008b900000| Untracked 
| 186|0x000000008ba00000, 0x000000008ba00000, 0x000000008bb00000|  0%| F|  |TAMS 0x000000008ba00000| PB 0x000000008ba00000| Untracked 
| 187|0x000000008bb00000, 0x000000008bb00000, 0x000000008bc00000|  0%| F|  |TAMS 0x000000008bb00000| PB 0x000000008bb00000| Untracked 
| 188|0x000000008bc00000, 0x000000008bc00000, 0x000000008bd00000|  0%| F|  |TAMS 0x000000008bc00000| PB 0x000000008bc00000| Untracked 
| 189|0x000000008bd00000, 0x000000008bd00000, 0x000000008be00000|  0%| F|  |TAMS 0x000000008bd00000| PB 0x000000008bd00000| Untracked 
|2021|0x00000000fe500000, 0x00000000fe600000, 0x00000000fe600000|100%| O|  |TAMS 0x00000000fe500000| PB 0x00000000fe500000| Untracked 
|2022|0x00000000fe600000, 0x00000000fe600000, 0x00000000fe700000|  0%| F|  |TAMS 0x00000000fe600000| PB 0x00000000fe600000| Untracked 
|2023|0x00000000fe700000, 0x00000000fe800000, 0x00000000fe800000|100%| O|  |TAMS 0x00000000fe700000| PB 0x00000000fe700000| Untracked 
|2024|0x00000000fe800000, 0x00000000fe900000, 0x00000000fe900000|100%| O|  |TAMS 0x00000000fe800000| PB 0x00000000fe800000| Untracked 
|2025|0x00000000fe900000, 0x00000000fea00000, 0x00000000fea00000|100%| O|  |TAMS 0x00000000fe900000| PB 0x00000000fe900000| Untracked 
|2026|0x00000000fea00000, 0x00000000feb00000, 0x00000000feb00000|100%| O|  |TAMS 0x00000000fea00000| PB 0x00000000fea00000| Untracked 
|2027|0x00000000feb00000, 0x00000000feb00000, 0x00000000fec00000|  0%| F|  |TAMS 0x00000000feb00000| PB 0x00000000feb00000| Untracked 
|2028|0x00000000fec00000, 0x00000000fed00000, 0x00000000fed00000|100%| O|  |TAMS 0x00000000fec00000| PB 0x00000000fec00000| Untracked 
|2029|0x00000000fed00000, 0x00000000fee00000, 0x00000000fee00000|100%| O|  |TAMS 0x00000000fed00000| PB 0x00000000fed00000| Untracked 
|2030|0x00000000fee00000, 0x00000000fef00000, 0x00000000fef00000|100%| O|  |TAMS 0x00000000fee00000| PB 0x00000000fee00000| Untracked 
|2031|0x00000000fef00000, 0x00000000fef00000, 0x00000000ff000000|  0%| F|  |TAMS 0x00000000fef00000| PB 0x00000000fef00000| Untracked 
|2032|0x00000000ff000000, 0x00000000ff100000, 0x00000000ff100000|100%| O|  |TAMS 0x00000000ff000000| PB 0x00000000ff000000| Untracked 
|2033|0x00000000ff100000, 0x00000000ff200000, 0x00000000ff200000|100%| O|  |TAMS 0x00000000ff100000| PB 0x00000000ff100000| Untracked 
|2034|0x00000000ff200000, 0x00000000ff200000, 0x00000000ff300000|  0%| F|  |TAMS 0x00000000ff200000| PB 0x00000000ff200000| Untracked 
|2035|0x00000000ff300000, 0x00000000ff300000, 0x00000000ff400000|  0%| F|  |TAMS 0x00000000ff300000| PB 0x00000000ff300000| Untracked 
|2036|0x00000000ff400000, 0x00000000ff400000, 0x00000000ff500000|  0%| F|  |TAMS 0x00000000ff400000| PB 0x00000000ff400000| Untracked 
|2037|0x00000000ff500000, 0x00000000ff500000, 0x00000000ff600000|  0%| F|  |TAMS 0x00000000ff500000| PB 0x00000000ff500000| Untracked 
|2038|0x00000000ff600000, 0x00000000ff700000, 0x00000000ff700000|100%| O|  |TAMS 0x00000000ff600000| PB 0x00000000ff600000| Untracked 
|2039|0x00000000ff700000, 0x00000000ff800000, 0x00000000ff800000|100%| O|  |TAMS 0x00000000ff700000| PB 0x00000000ff700000| Untracked 
|2040|0x00000000ff800000, 0x00000000ff900000, 0x00000000ff900000|100%| O|  |TAMS 0x00000000ff800000| PB 0x00000000ff800000| Untracked 
|2041|0x00000000ff900000, 0x00000000ffa00000, 0x00000000ffa00000|100%| O|  |TAMS 0x00000000ff900000| PB 0x00000000ff900000| Untracked 
|2042|0x00000000ffa00000, 0x00000000ffb00000, 0x00000000ffb00000|100%| O|  |TAMS 0x00000000ffa00000| PB 0x00000000ffa00000| Untracked 
|2043|0x00000000ffb00000, 0x00000000ffb00000, 0x00000000ffc00000|  0%| F|  |TAMS 0x00000000ffb00000| PB 0x00000000ffb00000| Untracked 
|2044|0x00000000ffc00000, 0x00000000ffd00000, 0x00000000ffd00000|100%| O|  |TAMS 0x00000000ffc00000| PB 0x00000000ffc00000| Untracked 
|2045|0x00000000ffd00000, 0x00000000ffe00000, 0x00000000ffe00000|100%| O|  |TAMS 0x00000000ffd00000| PB 0x00000000ffd00000| Untracked 
|2046|0x00000000ffe00000, 0x00000000fff00000, 0x00000000fff00000|100%| O|  |TAMS 0x00000000ffe00000| PB 0x00000000ffe00000| Untracked 
|2047|0x00000000fff00000, 0x0000000100000000, 0x0000000100000000|100%| O|  |TAMS 0x00000000fff00000| PB 0x00000000fff00000| Untracked 

Card table byte_map: [0x00000224465b0000,0x00000224469b0000] _byte_map_base: 0x00000224461b0000

Marking Bits: (CMBitMap*) 0x000002243409c640
 Bits: [0x00000224469b0000, 0x00000224489b0000)

Polling page: 0x0000022431ef0000

Metaspace:

Usage:
  Non-class:     99.75 MB used.
      Class:     16.24 MB used.
       Both:    116.00 MB used.

Virtual space:
  Non-class space:      128.00 MB reserved,     100.94 MB ( 79%) committed,  2 nodes.
      Class space:        1.00 GB reserved,      17.31 MB (  2%) committed,  1 nodes.
             Both:        1.12 GB reserved,     118.25 MB ( 10%) committed. 

Chunk freelists:
   Non-Class:  10.41 MB
       Class:  14.58 MB
        Both:  24.98 MB

MaxMetaspaceSize: unlimited
CompressedClassSpaceSize: 1.00 GB
Initial GC threshold: 21.00 MB
Current GC threshold: 197.00 MB
CDS: off
 - commit_granule_bytes: 65536.
 - commit_granule_words: 8192.
 - virtual_space_node_default_size: 8388608.
 - enlarge_chunks_in_place: 1.
 - use_allocation_guard: 0.


Internal statistics:

num_allocs_failed_limit: 12.
num_arena_births: 4630.
num_arena_deaths: 0.
num_vsnodes_births: 3.
num_vsnodes_deaths: 0.
num_space_committed: 1890.
num_space_uncommitted: 0.
num_chunks_returned_to_freelist: 12.
num_chunks_taken_from_freelist: 9802.
num_chunk_merges: 6.
num_chunk_splits: 6388.
num_chunks_enlarged: 3984.
num_inconsistent_stats: 0.

CodeHeap 'non-profiled nmethods': size=120000Kb used=6492Kb max_used=6492Kb free=113508Kb
 bounds [0x000002243ec80000, 0x000002243f2e0000, 0x00000224461b0000]
CodeHeap 'profiled nmethods': size=120000Kb used=21103Kb max_used=21891Kb free=98896Kb
 bounds [0x00000224371b0000, 0x0000022438720000, 0x000002243e6e0000]
CodeHeap 'non-nmethods': size=5760Kb used=2231Kb max_used=2288Kb free=3528Kb
 bounds [0x000002243e6e0000, 0x000002243e950000, 0x000002243ec80000]
CodeCache: size=245760Kb, used=29826Kb, max_used=30671Kb, free=215932Kb
 total_blobs=12311, nmethods=11419, adapters=795, full_count=0
Compilation: enabled, stopped_count=0, restarted_count=0

Compilation events (20 events):
Event: 20.592 Thread 0x000002244b0f6850 13783       3       java.nio.HeapByteBuffer::compact (85 bytes)
Event: 20.592 Thread 0x000002244b0f6850 nmethod 13783 0x0000022437283e90 code [0x00000224372840a0, 0x00000224372846b0]
Event: 20.618 Thread 0x000002244b0d2c90 nmethod 13777 0x000002243efd2390 code [0x000002243efd2660, 0x000002243efd4580]
Event: 20.618 Thread 0x000002244b0d2c90 13784       4       java.lang.ThreadLocal::getCarrierThreadLocal (29 bytes)
Event: 20.620 Thread 0x000002244b0d2c90 nmethod 13784 0x000002243edbe090 code [0x000002243edbe240, 0x000002243edbe3e0]
Event: 20.620 Thread 0x000002244b0d2c90 13775       4       org.gradle.internal.hash.HashCode::fromBytes (65 bytes)
Event: 20.623 Thread 0x000002244b0d2c90 nmethod 13775 0x000002243ef27b10 code [0x000002243ef27cc0, 0x000002243ef281b0]
Event: 20.624 Thread 0x000002244b0d2c90 13785       4       sun.nio.ch.Util::getTemporaryDirectBuffer (55 bytes)
Event: 20.631 Thread 0x000002244b0d2c90 nmethod 13785 0x000002243f051090 code [0x000002243f0512e0, 0x000002243f051aa8]
Event: 20.631 Thread 0x000002244b0d2c90 13773       4       org.gradle.internal.snapshot.LargeChildMap::withNode (45 bytes)
Event: 20.646 Thread 0x000002244b0d2c90 nmethod 13773 0x000002243f2db790 code [0x000002243f2dba60, 0x000002243f2dca30]
Event: 20.647 Thread 0x000002244b0d2c90 13787       4       org.gradle.tooling.internal.provider.runner.TaskOperationMapper$PostProcessors::finished (43 bytes)
Event: 20.648 Thread 0x000002244b0d2c90 nmethod 13787 0x000002243f039e90 code [0x000002243f03a040, 0x000002243f03a208]
Event: 20.648 Thread 0x000002244b0d2c90 13788   !   4       java.util.concurrent.locks.AbstractQueuedSynchronizer$ConditionObject::newConditionNode (78 bytes)
Event: 20.652 Thread 0x000002244b0d2c90 nmethod 13788 0x000002243f039510 code [0x000002243f039700, 0x000002243f039bd0]
Event: 20.652 Thread 0x000002244b0d2c90 13786       4       org.gradle.tooling.internal.provider.runner.PluginApplicationTracker::started (152 bytes)
Event: 20.664 Thread 0x000002244b0d2c90 nmethod 13786 0x000002243ee63010 code [0x000002243ee632c0, 0x000002243ee63c78]
Event: 20.664 Thread 0x000002244b0d2c90 13790       4       org.gradle.tooling.internal.provider.runner.TaskOperationMapper$PostProcessors::started (43 bytes)
Event: 20.665 Thread 0x000002244b0d2c90 nmethod 13790 0x000002243f039090 code [0x000002243f039220, 0x000002243f039330]
Event: 20.665 Thread 0x000002244b0d2c90 13791       4       org.gradle.cache.internal.btree.FileBackedBlockStore$BlockImpl::setPos (34 bytes)

GC Heap History (20 events):
Event: 14.969 GC heap after
{Heap after GC invocations=37 (full 0):
 garbage-first heap   total 195584K, used 93989K [0x0000000080000000, 0x0000000100000000)
  region size 1024K, 8 young (8192K), 8 survivors (8192K)
 Metaspace       used 99092K, committed 101248K, reserved 1179648K
  class space    used 13860K, committed 14912K, reserved 1048576K
}
Event: 15.966 GC heap before
{Heap before GC invocations=37 (full 0):
 garbage-first heap   total 195584K, used 180005K [0x0000000080000000, 0x0000000100000000)
  region size 1024K, 92 young (94208K), 8 survivors (8192K)
 Metaspace       used 105248K, committed 107456K, reserved 1179648K
  class space    used 14858K, committed 15936K, reserved 1048576K
}
Event: 15.974 GC heap after
{Heap after GC invocations=38 (full 0):
 garbage-first heap   total 195584K, used 96381K [0x0000000080000000, 0x0000000100000000)
  region size 1024K, 7 young (7168K), 7 survivors (7168K)
 Metaspace       used 105248K, committed 107456K, reserved 1179648K
  class space    used 14858K, committed 15936K, reserved 1048576K
}
Event: 17.058 GC heap before
{Heap before GC invocations=38 (full 0):
 garbage-first heap   total 195584K, used 181373K [0x0000000080000000, 0x0000000100000000)
  region size 1024K, 90 young (92160K), 7 survivors (7168K)
 Metaspace       used 111776K, committed 114112K, reserved 1179648K
  class space    used 15793K, committed 16896K, reserved 1048576K
}
Event: 17.066 GC heap after
{Heap after GC invocations=39 (full 0):
 garbage-first heap   total 195584K, used 100578K [0x0000000080000000, 0x0000000100000000)
  region size 1024K, 8 young (8192K), 8 survivors (8192K)
 Metaspace       used 111776K, committed 114112K, reserved 1179648K
  class space    used 15793K, committed 16896K, reserved 1048576K
}
Event: 17.860 GC heap before
{Heap before GC invocations=40 (full 0):
 garbage-first heap   total 195584K, used 180450K [0x0000000080000000, 0x0000000100000000)
  region size 1024K, 87 young (89088K), 8 survivors (8192K)
 Metaspace       used 113654K, committed 115968K, reserved 1179648K
  class space    used 16045K, committed 17152K, reserved 1048576K
}
Event: 17.873 GC heap after
{Heap after GC invocations=41 (full 0):
 garbage-first heap   total 200704K, used 111482K [0x0000000080000000, 0x0000000100000000)
  region size 1024K, 11 young (11264K), 11 survivors (11264K)
 Metaspace       used 113654K, committed 115968K, reserved 1179648K
  class space    used 16045K, committed 17152K, reserved 1048576K
}
Event: 19.223 GC heap before
{Heap before GC invocations=41 (full 0):
 garbage-first heap   total 200704K, used 186234K [0x0000000080000000, 0x0000000100000000)
  region size 1024K, 80 young (81920K), 11 survivors (11264K)
 Metaspace       used 118369K, committed 120704K, reserved 1179648K
  class space    used 16581K, committed 17664K, reserved 1048576K
}
Event: 19.239 GC heap after
{Heap after GC invocations=42 (full 0):
 garbage-first heap   total 210944K, used 120832K [0x0000000080000000, 0x0000000100000000)
  region size 1024K, 10 young (10240K), 10 survivors (10240K)
 Metaspace       used 118369K, committed 120704K, reserved 1179648K
  class space    used 16581K, committed 17664K, reserved 1048576K
}
Event: 19.485 GC heap before
{Heap before GC invocations=42 (full 0):
 garbage-first heap   total 210944K, used 187392K [0x0000000080000000, 0x0000000100000000)
  region size 1024K, 76 young (77824K), 10 survivors (10240K)
 Metaspace       used 118374K, committed 120704K, reserved 1179648K
  class space    used 16581K, committed 17664K, reserved 1048576K
}
Event: 19.493 GC heap after
{Heap after GC invocations=43 (full 0):
 garbage-first heap   total 210944K, used 124374K [0x0000000080000000, 0x0000000100000000)
  region size 1024K, 4 young (4096K), 4 survivors (4096K)
 Metaspace       used 118374K, committed 120704K, reserved 1179648K
  class space    used 16581K, committed 17664K, reserved 1048576K
}
Event: 19.725 GC heap before
{Heap before GC invocations=44 (full 0):
 garbage-first heap   total 210944K, used 191958K [0x0000000080000000, 0x0000000100000000)
  region size 1024K, 70 young (71680K), 4 survivors (4096K)
 Metaspace       used 118376K, committed 120704K, reserved 1179648K
  class space    used 16581K, committed 17664K, reserved 1048576K
}
Event: 19.728 GC heap after
{Heap after GC invocations=45 (full 0):
 garbage-first heap   total 210944K, used 124928K [0x0000000080000000, 0x0000000100000000)
  region size 1024K, 4 young (4096K), 4 survivors (4096K)
 Metaspace       used 118376K, committed 120704K, reserved 1179648K
  class space    used 16581K, committed 17664K, reserved 1048576K
}
Event: 19.913 GC heap before
{Heap before GC invocations=45 (full 0):
 garbage-first heap   total 210944K, used 194560K [0x0000000080000000, 0x0000000100000000)
  region size 1024K, 72 young (73728K), 4 survivors (4096K)
 Metaspace       used 118378K, committed 120704K, reserved 1179648K
  class space    used 16581K, committed 17664K, reserved 1048576K
}
Event: 19.917 GC heap after
{Heap after GC invocations=46 (full 0):
 garbage-first heap   total 210944K, used 124232K [0x0000000080000000, 0x0000000100000000)
  region size 1024K, 5 young (5120K), 5 survivors (5120K)
 Metaspace       used 118378K, committed 120704K, reserved 1179648K
  class space    used 16581K, committed 17664K, reserved 1048576K
}
Event: 20.267 GC heap before
{Heap before GC invocations=46 (full 0):
 garbage-first heap   total 210944K, used 194888K [0x0000000080000000, 0x0000000100000000)
  region size 1024K, 75 young (76800K), 5 survivors (5120K)
 Metaspace       used 118718K, committed 121024K, reserved 1179648K
  class space    used 16626K, committed 17728K, reserved 1048576K
}
Event: 20.272 GC heap after
{Heap after GC invocations=47 (full 0):
 garbage-first heap   total 210944K, used 126359K [0x0000000080000000, 0x0000000100000000)
  region size 1024K, 7 young (7168K), 7 survivors (7168K)
 Metaspace       used 118718K, committed 121024K, reserved 1179648K
  class space    used 16626K, committed 17728K, reserved 1048576K
}
Event: 20.503 GC heap before
{Heap before GC invocations=48 (full 0):
 garbage-first heap   total 211968K, used 197015K [0x0000000080000000, 0x0000000100000000)
  region size 1024K, 77 young (78848K), 7 survivors (7168K)
 Metaspace       used 118719K, committed 121024K, reserved 1179648K
  class space    used 16626K, committed 17728K, reserved 1048576K
}
Event: 20.507 GC heap after
{Heap after GC invocations=49 (full 0):
 garbage-first heap   total 211968K, used 126423K [0x0000000080000000, 0x0000000100000000)
  region size 1024K, 6 young (6144K), 6 survivors (6144K)
 Metaspace       used 118719K, committed 121024K, reserved 1179648K
  class space    used 16626K, committed 17728K, reserved 1048576K
}
Event: 20.666 GC heap before
{Heap before GC invocations=49 (full 0):
 garbage-first heap   total 211968K, used 199127K [0x0000000080000000, 0x0000000100000000)
  region size 1024K, 78 young (79872K), 6 survivors (6144K)
 Metaspace       used 118780K, committed 121088K, reserved 1179648K
  class space    used 16631K, committed 17728K, reserved 1048576K
}

Dll operation events (3 events):
Event: 0.019 Loaded shared library C:\Program Files\Android\Android Studio\jbr\bin\java.dll
Event: 0.027 Loaded shared library C:\Program Files\Android\Android Studio\jbr\bin\zip.dll
Event: 0.668 Loaded shared library C:\Program Files\Android\Android Studio\jbr\bin\verify.dll

Deoptimization events (20 events):
Event: 20.569 Thread 0x00000224529e0a70 Uncommon trap: trap_request=0xffffffd6 fr.pc=0x000002243f11d4e4 relative=0x0000000000001884
Event: 20.569 Thread 0x00000224529e0a70 Uncommon trap: reason=array_check action=maybe_recompile pc=0x000002243f11d4e4 method=java.util.TimSort.binarySort([Ljava/lang/Object;IIILjava/util/Comparator;)V @ 193 c2
Event: 20.569 Thread 0x00000224529e0a70 DEOPT PACKING pc=0x000002243f11d4e4 sp=0x000000aa0e8f90f0
Event: 20.569 Thread 0x00000224529e0a70 DEOPT UNPACKING pc=0x000002243e737aa2 sp=0x000000aa0e8f8ff0 mode 2
Event: 20.569 Thread 0x00000224529e0a70 Uncommon trap: trap_request=0xffffffd6 fr.pc=0x000002243f11d4e4 relative=0x0000000000001884
Event: 20.569 Thread 0x00000224529e0a70 Uncommon trap: reason=array_check action=maybe_recompile pc=0x000002243f11d4e4 method=java.util.TimSort.binarySort([Ljava/lang/Object;IIILjava/util/Comparator;)V @ 193 c2
Event: 20.569 Thread 0x00000224529e0a70 DEOPT PACKING pc=0x000002243f11d4e4 sp=0x000000aa0e8f90f0
Event: 20.569 Thread 0x00000224529e0a70 DEOPT UNPACKING pc=0x000002243e737aa2 sp=0x000000aa0e8f8ff0 mode 2
Event: 20.573 Thread 0x00000224529e0a70 Uncommon trap: trap_request=0xffffffd6 fr.pc=0x000002243f11d644 relative=0x00000000000019e4
Event: 20.573 Thread 0x00000224529e0a70 Uncommon trap: reason=array_check action=maybe_recompile pc=0x000002243f11d644 method=java.util.TimSort.binarySort([Ljava/lang/Object;IIILjava/util/Comparator;)V @ 183 c2
Event: 20.573 Thread 0x00000224529e0a70 DEOPT PACKING pc=0x000002243f11d644 sp=0x000000aa0e8f8d50
Event: 20.573 Thread 0x00000224529e0a70 DEOPT UNPACKING pc=0x000002243e737aa2 sp=0x000000aa0e8f8c50 mode 2
Event: 20.573 Thread 0x00000224529e0a70 Uncommon trap: trap_request=0xffffffd6 fr.pc=0x000002243f11d644 relative=0x00000000000019e4
Event: 20.573 Thread 0x00000224529e0a70 Uncommon trap: reason=array_check action=maybe_recompile pc=0x000002243f11d644 method=java.util.TimSort.binarySort([Ljava/lang/Object;IIILjava/util/Comparator;)V @ 183 c2
Event: 20.573 Thread 0x00000224529e0a70 DEOPT PACKING pc=0x000002243f11d644 sp=0x000000aa0e8f8d50
Event: 20.573 Thread 0x00000224529e0a70 DEOPT UNPACKING pc=0x000002243e737aa2 sp=0x000000aa0e8f8c50 mode 2
Event: 20.577 Thread 0x00000224529e0a70 Uncommon trap: trap_request=0xffffff45 fr.pc=0x000002243f2ba828 relative=0x0000000000000688
Event: 20.577 Thread 0x00000224529e0a70 Uncommon trap: reason=unstable_if action=reinterpret pc=0x000002243f2ba828 method=sun.security.provider.DigestBase.engineUpdate(B)V @ 4 c2
Event: 20.577 Thread 0x00000224529e0a70 DEOPT PACKING pc=0x000002243f2ba828 sp=0x000000aa0e8f97f0
Event: 20.577 Thread 0x00000224529e0a70 DEOPT UNPACKING pc=0x000002243e737aa2 sp=0x000000aa0e8f97c0 mode 2

Classes loaded (20 events):
Event: 18.380 Loading class java/time/Instant$1
Event: 18.380 Loading class java/time/Instant$1 done
Event: 18.471 Loading class java/util/stream/ReferencePipeline$4
Event: 18.472 Loading class java/util/stream/IntPipeline$StatelessOp
Event: 18.472 Loading class java/util/stream/IntPipeline$StatelessOp done
Event: 18.472 Loading class java/util/stream/ReferencePipeline$4 done
Event: 18.472 Loading class java/util/stream/ReduceOps$6
Event: 18.472 Loading class java/util/stream/ReduceOps$6 done
Event: 18.472 Loading class java/util/stream/ReduceOps$5ReducingSink
Event: 18.472 Loading class java/util/stream/ReduceOps$5ReducingSink done
Event: 18.472 Loading class java/util/stream/ReferencePipeline$4$1
Event: 18.472 Loading class java/util/stream/ReferencePipeline$4$1 done
Event: 18.579 Loading class java/io/CharArrayWriter
Event: 18.579 Loading class java/io/CharArrayWriter done
Event: 18.584 Loading class java/io/SequenceInputStream
Event: 18.584 Loading class java/io/SequenceInputStream done
Event: 18.590 Loading class java/util/function/IntUnaryOperator
Event: 18.590 Loading class java/util/function/IntUnaryOperator done
Event: 20.051 Loading class java/nio/file/FileTreeWalker$1
Event: 20.052 Loading class java/nio/file/FileTreeWalker$1 done

Classes unloaded (0 events):
No events

Classes redefined (0 events):
No events

Internal exceptions (20 events):
Event: 20.630 Thread 0x000002244b516fa0 Exception <a 'sun/nio/fs/WindowsException'{0x0000000088e0c3a0}> (0x0000000088e0c3a0) 
thrown [s\src\hotspot\share\prims\jni.cpp, line 537]
Event: 20.630 Thread 0x000002244b514ed0 Exception <a 'sun/nio/fs/WindowsException'{0x0000000088eb7120}> (0x0000000088eb7120) 
thrown [s\src\hotspot\share\prims\jni.cpp, line 537]
Event: 20.632 Thread 0x00000224529e0a70 Exception <a 'sun/nio/fs/WindowsException'{0x0000000088d926a0}> (0x0000000088d926a0) 
thrown [s\src\hotspot\share\prims\jni.cpp, line 537]
Event: 20.635 Thread 0x000002244b514ed0 Exception <a 'sun/nio/fs/WindowsException'{0x0000000088ab21b0}> (0x0000000088ab21b0) 
thrown [s\src\hotspot\share\prims\jni.cpp, line 537]
Event: 20.635 Thread 0x000002244b513490 Exception <a 'sun/nio/fs/WindowsException'{0x000000008891ab88}> (0x000000008891ab88) 
thrown [s\src\hotspot\share\prims\jni.cpp, line 537]
Event: 20.636 Thread 0x000002244b516fa0 Exception <a 'sun/nio/fs/WindowsException'{0x00000000889a3f48}> (0x00000000889a3f48) 
thrown [s\src\hotspot\share\prims\jni.cpp, line 537]
Event: 20.641 Thread 0x000002244b513490 Exception <a 'sun/nio/fs/WindowsException'{0x00000000886b1ad8}> (0x00000000886b1ad8) 
thrown [s\src\hotspot\share\prims\jni.cpp, line 537]
Event: 20.643 Thread 0x00000224529e0a70 Exception <a 'sun/nio/fs/WindowsException'{0x00000000885a69c0}> (0x00000000885a69c0) 
thrown [s\src\hotspot\share\prims\jni.cpp, line 537]
Event: 20.644 Thread 0x000002244b514ed0 Exception <a 'sun/nio/fs/WindowsException'{0x000000008849a280}> (0x000000008849a280) 
thrown [s\src\hotspot\share\prims\jni.cpp, line 537]
Event: 20.646 Thread 0x000002244b516fa0 Exception <a 'sun/nio/fs/WindowsException'{0x00000000883899d8}> (0x00000000883899d8) 
thrown [s\src\hotspot\share\prims\jni.cpp, line 537]
Event: 20.648 Thread 0x00000224529e0a70 Exception <a 'sun/nio/fs/WindowsException'{0x0000000088167b28}> (0x0000000088167b28) 
thrown [s\src\hotspot\share\prims\jni.cpp, line 537]
Event: 20.651 Thread 0x000002244b516fa0 Exception <a 'sun/nio/fs/WindowsException'{0x0000000087ea5240}> (0x0000000087ea5240) 
thrown [s\src\hotspot\share\prims\jni.cpp, line 537]
Event: 20.651 Thread 0x000002244b514ed0 Exception <a 'sun/nio/fs/WindowsException'{0x0000000087e8dd50}> (0x0000000087e8dd50) 
thrown [s\src\hotspot\share\prims\jni.cpp, line 537]
Event: 20.653 Thread 0x000002244b513490 Exception <a 'sun/nio/fs/WindowsException'{0x0000000087c19078}> (0x0000000087c19078) 
thrown [s\src\hotspot\share\prims\jni.cpp, line 537]
Event: 20.653 Thread 0x00000224529e0a70 Exception <a 'sun/nio/fs/WindowsException'{0x0000000087c6b008}> (0x0000000087c6b008) 
thrown [s\src\hotspot\share\prims\jni.cpp, line 537]
Event: 20.657 Thread 0x000002244b514ed0 Exception <a 'sun/nio/fs/WindowsException'{0x0000000087a242a8}> (0x0000000087a242a8) 
thrown [s\src\hotspot\share\prims\jni.cpp, line 537]
Event: 20.660 Thread 0x000002244b516fa0 Exception <a 'sun/nio/fs/WindowsException'{0x00000000878066b8}> (0x00000000878066b8) 
thrown [s\src\hotspot\share\prims\jni.cpp, line 537]
Event: 20.661 Thread 0x00000224529e0a70 Exception <a 'sun/nio/fs/WindowsException'{0x00000000877653a8}> (0x00000000877653a8) 
thrown [s\src\hotspot\share\prims\jni.cpp, line 537]
Event: 20.663 Thread 0x000002244b513490 Exception <a 'sun/nio/fs/WindowsException'{0x000000008768fbb8}> (0x000000008768fbb8) 
thrown [s\src\hotspot\share\prims\jni.cpp, line 537]
Event: 20.665 Thread 0x000002244b514ed0 Exception <a 'sun/nio/fs/WindowsException'{0x000000008732a508}> (0x000000008732a508) 
thrown [s\src\hotspot\share\prims\jni.cpp, line 537]

ZGC Phase Switch (0 events):
No events

VM Operations (20 events):
Event: 19.698 Executing VM operation: G1PauseCleanup done
Event: 19.725 Executing VM operation: G1CollectForAllocation (G1 Evacuation Pause)
Event: 19.728 Executing VM operation: G1CollectForAllocation (G1 Evacuation Pause) done
Event: 19.913 Executing VM operation: G1CollectForAllocation (G1 Evacuation Pause)
Event: 19.917 Executing VM operation: G1CollectForAllocation (G1 Evacuation Pause) done
Event: 20.051 Executing VM operation: HandshakeAllThreads (Deoptimize)
Event: 20.051 Executing VM operation: HandshakeAllThreads (Deoptimize) done
Event: 20.060 Executing VM operation: HandshakeAllThreads (Deoptimize)
Event: 20.060 Executing VM operation: HandshakeAllThreads (Deoptimize) done
Event: 20.133 Executing VM operation: ICBufferFull
Event: 20.133 Executing VM operation: ICBufferFull done
Event: 20.267 Executing VM operation: G1CollectForAllocation (G1 Evacuation Pause)
Event: 20.272 Executing VM operation: G1CollectForAllocation (G1 Evacuation Pause) done
Event: 20.418 Executing VM operation: G1PauseRemark
Event: 20.424 Executing VM operation: G1PauseRemark done
Event: 20.493 Executing VM operation: G1PauseCleanup
Event: 20.493 Executing VM operation: G1PauseCleanup done
Event: 20.503 Executing VM operation: G1CollectForAllocation (G1 Evacuation Pause)
Event: 20.507 Executing VM operation: G1CollectForAllocation (G1 Evacuation Pause) done
Event: 20.666 Executing VM operation: G1CollectForAllocation (G1 Evacuation Pause)

Memory protections (0 events):
No events

Nmethod flushes (20 events):
Event: 20.423 Thread 0x000002244b0483e0 flushing  nmethod 0x0000022437d1fb90
Event: 20.423 Thread 0x000002244b0483e0 flushing  nmethod 0x0000022437d35010
Event: 20.423 Thread 0x000002244b0483e0 flushing  nmethod 0x0000022437d36c90
Event: 20.423 Thread 0x000002244b0483e0 flushing  nmethod 0x0000022437d5a310
Event: 20.423 Thread 0x000002244b0483e0 flushing  nmethod 0x0000022437d5aa90
Event: 20.423 Thread 0x000002244b0483e0 flushing  nmethod 0x0000022437d5b090
Event: 20.423 Thread 0x000002244b0483e0 flushing  nmethod 0x0000022437d8e110
Event: 20.423 Thread 0x000002244b0483e0 flushing  nmethod 0x0000022437d8ea10
Event: 20.423 Thread 0x000002244b0483e0 flushing  nmethod 0x0000022437dba290
Event: 20.423 Thread 0x000002244b0483e0 flushing  nmethod 0x0000022437de2e90
Event: 20.423 Thread 0x000002244b0483e0 flushing  nmethod 0x0000022437eb1d90
Event: 20.423 Thread 0x000002244b0483e0 flushing  nmethod 0x0000022437eb2f90
Event: 20.423 Thread 0x000002244b0483e0 flushing  nmethod 0x0000022437eb5810
Event: 20.423 Thread 0x000002244b0483e0 flushing  nmethod 0x0000022437f1ba10
Event: 20.423 Thread 0x000002244b0483e0 flushing  nmethod 0x0000022437f20410
Event: 20.423 Thread 0x000002244b0483e0 flushing  nmethod 0x00000224380bea10
Event: 20.423 Thread 0x000002244b0483e0 flushing  nmethod 0x0000022438205c10
Event: 20.423 Thread 0x000002244b0483e0 flushing  nmethod 0x0000022438553e10
Event: 20.423 Thread 0x000002244b0483e0 flushing  nmethod 0x00000224385b4910
Event: 20.423 Thread 0x000002244b0483e0 flushing  nmethod 0x00000224385c4c10

Events (20 events):
Event: 18.138 Thread 0x000002245156da30 Thread added: 0x00000224529dd5f0
Event: 18.139 Thread 0x000002245156da30 Thread added: 0x00000224529e1790
Event: 18.226 Thread 0x000002245156da30 Thread added: 0x00000224529e0a70
Event: 18.240 Thread 0x00000224529e0a70 Thread added: 0x00000224529de310
Event: 18.240 Thread 0x00000224529e0a70 Thread added: 0x00000224529de9a0
Event: 18.240 Thread 0x00000224529e0a70 Thread added: 0x00000224529df030
Event: 18.269 Thread 0x00000224529e0a70 Thread added: 0x0000022453c19c50
Event: 19.197 Thread 0x00000224529e0a70 Thread added: 0x0000022453c14d90
Event: 19.198 Thread 0x00000224529e0a70 Thread added: 0x0000022453c15420
Event: 19.198 Thread 0x00000224529e0a70 Thread added: 0x000002245ab10750
Event: 20.011 Thread 0x00000224529e0a70 Thread added: 0x000002245ab12820
Event: 20.206 Thread 0x00000224529e0a70 Thread added: 0x000002245ab0d2d0
Event: 20.206 Thread 0x00000224529e0a70 Thread added: 0x000002245ab0f3a0
Event: 20.206 Thread 0x00000224529e0a70 Thread added: 0x000002245ab148f0
Event: 20.562 Thread 0x00000224529e0a70 Thread added: 0x000002244b514840
Event: 20.562 Thread 0x00000224529e0a70 Thread added: 0x000002244b510d30
Event: 20.562 Thread 0x00000224529e0a70 Thread added: 0x000002244b510010
Event: 20.577 Thread 0x00000224529e0a70 Thread added: 0x000002244b514ed0
Event: 20.578 Thread 0x00000224529e0a70 Thread added: 0x000002244b516fa0
Event: 20.578 Thread 0x00000224529e0a70 Thread added: 0x000002244b513490


Dynamic libraries:
0x00007ff7172e0000 - 0x00007ff7172ea000 	C:\Program Files\Android\Android Studio\jbr\bin\java.exe
0x00007ff88ccf0000 - 0x00007ff88cee9000 	C:\WINDOWS\SYSTEM32\ntdll.dll
0x00007ff84e0d0000 - 0x00007ff84e0f1000 	C:\Program Files\Avast Software\Avast\aswhook.dll
0x00007ff88be30000 - 0x00007ff88bef2000 	C:\WINDOWS\System32\KERNEL32.DLL
0x00007ff88a570000 - 0x00007ff88a867000 	C:\WINDOWS\System32\KERNELBASE.dll
0x00007ff88a9d0000 - 0x00007ff88aad0000 	C:\WINDOWS\System32\ucrtbase.dll
0x00007ff881040000 - 0x00007ff88105b000 	C:\Program Files\Android\Android Studio\jbr\bin\VCRUNTIME140.dll
0x00007ff863b80000 - 0x00007ff863b98000 	C:\Program Files\Android\Android Studio\jbr\bin\jli.dll
0x00007ff88ad30000 - 0x00007ff88aecd000 	C:\WINDOWS\System32\USER32.dll
0x00007ff88a400000 - 0x00007ff88a422000 	C:\WINDOWS\System32\win32u.dll
0x00007ff88acf0000 - 0x00007ff88ad1b000 	C:\WINDOWS\System32\GDI32.dll
0x00007ff873c20000 - 0x00007ff873ebb000 	C:\WINDOWS\WinSxS\amd64_microsoft.windows.common-controls_6595b64144ccf1df_6.0.19041.6926_none_60b5a53971f8f7e6\COMCTL32.dll
0x00007ff88aad0000 - 0x00007ff88abea000 	C:\WINDOWS\System32\gdi32full.dll
0x00007ff88aed0000 - 0x00007ff88af6e000 	C:\WINDOWS\System32\msvcrt.dll
0x00007ff88a360000 - 0x00007ff88a3fd000 	C:\WINDOWS\System32\msvcp_win.dll
0x00007ff88be00000 - 0x00007ff88be2f000 	C:\WINDOWS\System32\IMM32.DLL
0x00007ff884470000 - 0x00007ff88447c000 	C:\Program Files\Android\Android Studio\jbr\bin\vcruntime140_1.dll
0x00007ff84bce0000 - 0x00007ff84bd6d000 	C:\Program Files\Android\Android Studio\jbr\bin\msvcp140.dll
0x00007fffe6030000 - 0x00007fffe6cc6000 	C:\Program Files\Android\Android Studio\jbr\bin\server\jvm.dll
0x00007ff88cb40000 - 0x00007ff88cbf1000 	C:\WINDOWS\System32\ADVAPI32.dll
0x00007ff88c770000 - 0x00007ff88c80f000 	C:\WINDOWS\System32\sechost.dll
0x00007ff88b970000 - 0x00007ff88ba96000 	C:\WINDOWS\System32\RPCRT4.dll
0x00007ff88ac40000 - 0x00007ff88ac67000 	C:\WINDOWS\System32\bcrypt.dll
0x00007ff88b820000 - 0x00007ff88b88b000 	C:\WINDOWS\System32\WS2_32.dll
0x00007ff88a1b0000 - 0x00007ff88a1fb000 	C:\WINDOWS\SYSTEM32\POWRPROF.dll
0x00007ff8813b0000 - 0x00007ff8813d7000 	C:\WINDOWS\SYSTEM32\WINMM.dll
0x00007ff8828c0000 - 0x00007ff8828ca000 	C:\WINDOWS\SYSTEM32\VERSION.dll
0x00007ff88a190000 - 0x00007ff88a1a2000 	C:\WINDOWS\SYSTEM32\UMPDC.dll
0x00007ff888b30000 - 0x00007ff888b42000 	C:\WINDOWS\SYSTEM32\kernel.appcore.dll
0x00007ff881610000 - 0x00007ff88161a000 	C:\Program Files\Android\Android Studio\jbr\bin\jimage.dll
0x00007ff888050000 - 0x00007ff888251000 	C:\WINDOWS\SYSTEM32\DBGHELP.DLL
0x00007ff881f60000 - 0x00007ff881f94000 	C:\WINDOWS\SYSTEM32\dbgcore.DLL
0x00007ff88a430000 - 0x00007ff88a4b2000 	C:\WINDOWS\System32\bcryptPrimitives.dll
0x00007ff886b70000 - 0x00007ff886b7e000 	C:\Program Files\Android\Android Studio\jbr\bin\instrument.dll
0x00007ff87de00000 - 0x00007ff87de20000 	C:\Program Files\Android\Android Studio\jbr\bin\java.dll
0x00007ff877590000 - 0x00007ff8775a8000 	C:\Program Files\Android\Android Studio\jbr\bin\zip.dll
0x00007ff88bf00000 - 0x00007ff88c671000 	C:\WINDOWS\System32\SHELL32.dll
0x00007ff888370000 - 0x00007ff888b16000 	C:\WINDOWS\SYSTEM32\windows.storage.dll
0x00007ff88baa0000 - 0x00007ff88bdf3000 	C:\WINDOWS\System32\combase.dll
0x00007ff889bd0000 - 0x00007ff889bfb000 	C:\WINDOWS\SYSTEM32\Wldp.dll
0x00007ff88b890000 - 0x00007ff88b966000 	C:\WINDOWS\System32\OLEAUT32.dll
0x00007ff88b0f0000 - 0x00007ff88b19d000 	C:\WINDOWS\System32\SHCORE.dll
0x00007ff88c710000 - 0x00007ff88c76b000 	C:\WINDOWS\System32\shlwapi.dll
0x00007ff88a280000 - 0x00007ff88a2a4000 	C:\WINDOWS\SYSTEM32\profapi.dll
0x00007ff881010000 - 0x00007ff881020000 	C:\Program Files\Android\Android Studio\jbr\bin\net.dll
0x00007ff8821c0000 - 0x00007ff8822ca000 	C:\WINDOWS\SYSTEM32\WINHTTP.dll
0x00007ff889980000 - 0x00007ff8899ea000 	C:\WINDOWS\system32\mswsock.dll
0x00007ff877410000 - 0x00007ff877426000 	C:\Program Files\Android\Android Studio\jbr\bin\nio.dll
0x00007ff880420000 - 0x00007ff880430000 	C:\Program Files\Android\Android Studio\jbr\bin\verify.dll
0x00007ff858240000 - 0x00007ff858267000 	C:\Users\Administrador\.gradle\native\660c5614fbf4a5f2a75b1949f50a0caf5cd603558e7d8a26e50b933a0cfb79d1\windows-amd64\native-platform.dll
0x00007ff84bc60000 - 0x00007ff84bcd7000 	C:\Users\Administrador\.gradle\native\0.2.8\x86_64-windows-gnu\gradle-fileevents.dll
0x00007ff880920000 - 0x00007ff880929000 	C:\Program Files\Android\Android Studio\jbr\bin\management.dll
0x00007ff8808e0000 - 0x00007ff8808eb000 	C:\Program Files\Android\Android Studio\jbr\bin\management_ext.dll
0x00007ff88c810000 - 0x00007ff88c818000 	C:\WINDOWS\System32\PSAPI.DLL
0x00007ff889680000 - 0x00007ff8896bb000 	C:\WINDOWS\SYSTEM32\IPHLPAPI.DLL
0x00007ff88ad20000 - 0x00007ff88ad28000 	C:\WINDOWS\System32\NSI.dll
0x00007ff880ac0000 - 0x00007ff880ac9000 	C:\Program Files\Android\Android Studio\jbr\bin\extnet.dll
0x00007ff889f40000 - 0x00007ff889f58000 	C:\WINDOWS\SYSTEM32\CRYPTSP.dll
0x00007ff8892c0000 - 0x00007ff8892f8000 	C:\WINDOWS\system32\rsaenh.dll
0x00007ff88a200000 - 0x00007ff88a22e000 	C:\WINDOWS\SYSTEM32\USERENV.dll
0x00007ff889b40000 - 0x00007ff889b4c000 	C:\WINDOWS\SYSTEM32\CRYPTBASE.dll
0x00007ff882460000 - 0x00007ff882467000 	C:\WINDOWS\system32\wshunix.dll

JVMTI agents:
C:\Users\Administrador\.gradle\wrapper\dists\gradle-9.3.1-bin\23ovyewtku6u96viwx3xl3oks\gradle-9.3.1\lib\agents\gradle-instrumentation-agent-9.3.1.jar path:C:\Program Files\Android\Android Studio\jbr\bin\instrument.dll, loaded, initialized, instrumentlib options:none

dbghelp: loaded successfully - version: 4.0.5 - missing functions: none
symbol engine: initialized successfully - sym options: 0x614 - pdb path: .;C:\Program Files\Android\Android Studio\jbr\bin;C:\WINDOWS\SYSTEM32;C:\Program Files\Avast Software\Avast;C:\WINDOWS\WinSxS\amd64_microsoft.windows.common-controls_6595b64144ccf1df_6.0.19041.6926_none_60b5a53971f8f7e6;C:\Program Files\Android\Android Studio\jbr\bin\server;C:\Users\Administrador\.gradle\native\660c5614fbf4a5f2a75b1949f50a0caf5cd603558e7d8a26e50b933a0cfb79d1\windows-amd64;C:\Users\Administrador\.gradle\native\0.2.8\x86_64-windows-gnu

VM Arguments:
jvm_args: --add-opens=java.base/java.lang=ALL-UNNAMED --add-opens=java.base/java.lang.invoke=ALL-UNNAMED --add-opens=java.base/java.util=ALL-UNNAMED --add-opens=java.prefs/java.util.prefs=ALL-UNNAMED --add-exports=jdk.compiler/com.sun.tools.javac.api=ALL-UNNAMED --add-exports=jdk.compiler/com.sun.tools.javac.util=ALL-UNNAMED --add-opens=java.base/java.util=ALL-UNNAMED --add-opens=java.prefs/java.util.prefs=ALL-UNNAMED --add-opens=java.base/java.nio.charset=ALL-UNNAMED --add-opens=java.base/java.net=ALL-UNNAMED --add-opens=java.base/java.util.concurrent=ALL-UNNAMED --add-opens=java.base/java.util.concurrent.atomic=ALL-UNNAMED --add-opens=java.xml/javax.xml.namespace=ALL-UNNAMED --add-opens=java.base/java.time=ALL-UNNAMED -Xmx2048m -Dfile.encoding=UTF-8 -Duser.country=BR -Duser.language=pt -Duser.variant -javaagent:C:\Users\Administrador\.gradle\wrapper\dists\gradle-9.3.1-bin\23ovyewtku6u96viwx3xl3oks\gradle-9.3.1\lib\agents\gradle-instrumentation-agent-9.3.1.jar 
java_command: org.gradle.launcher.daemon.bootstrap.GradleDaemon 9.3.1
java_class_path (initial): C:\Users\Administrador\.gradle\wrapper\dists\gradle-9.3.1-bin\23ovyewtku6u96viwx3xl3oks\gradle-9.3.1\lib\gradle-daemon-main-9.3.1.jar
Launcher Type: SUN_STANDARD

[Global flags]
     intx CICompilerCount                          = 3                                         {product} {ergonomic}
     uint ConcGCThreads                            = 1                                         {product} {ergonomic}
     uint G1ConcRefinementThreads                  = 4                                         {product} {ergonomic}
   size_t G1HeapRegionSize                         = 1048576                                   {product} {ergonomic}
    uintx GCDrainStackTargetSize                   = 64                                        {product} {ergonomic}
   size_t InitialHeapSize                          = 199229440                                 {product} {ergonomic}
   size_t MarkStackSize                            = 4194304                                   {product} {ergonomic}
   size_t MaxHeapSize                              = 2147483648                                {product} {command line}
   size_t MaxNewSize                               = 1287651328                                {product} {ergonomic}
   size_t MinHeapDeltaBytes                        = 1048576                                   {product} {ergonomic}
   size_t MinHeapSize                              = 8388608                                   {product} {ergonomic}
    uintx NonNMethodCodeHeapSize                   = 5832780                                {pd product} {ergonomic}
    uintx NonProfiledCodeHeapSize                  = 122912730                              {pd product} {ergonomic}
    uintx ProfiledCodeHeapSize                     = 122912730                              {pd product} {ergonomic}
    uintx ReservedCodeCacheSize                    = 251658240                              {pd product} {ergonomic}
     bool SegmentedCodeCache                       = true                                      {product} {ergonomic}
   size_t SoftMaxHeapSize                          = 2147483648                             {manageable} {ergonomic}
     bool UseCompressedOops                        = true                           {product lp64_product} {ergonomic}
     bool UseG1GC                                  = true                                      {product} {ergonomic}
     bool UseLargePagesIndividualAllocation        = false                                  {pd product} {ergonomic}

Logging:
Log output configuration:
 #0: stdout all=warning uptime,level,tags foldmultilines=false
 #1: stderr all=off uptime,level,tags foldmultilines=false

Release file:
JAVA_VERSION="21.0.9" 
MODULES="java.base java.compiler java.datatransfer java.xml java.prefs java.desktop java.instrument java.logging java.management java.security.sasl java.naming java.rmi java.management.rmi java.net.http java.scripting java.security.jgss java.transaction.xa java.sql java.sql.rowset java.xml.crypto java.se java.smartcardio jdk.accessibility jdk.internal.jvmstat jdk.attach jdk.charsets jdk.internal.opt jdk.zipfs jdk.compiler jdk.crypto.ec jdk.crypto.cryptoki jdk.dynalink jdk.hotspot.agent jdk.httpserver jdk.internal.ed jdk.internal.le jdk.internal.vm.ci jdk.jartool jdk.javadoc jdk.jcmd jdk.jdeps jdk.jdwp.agent jdk.jdi jdk.jfr jdk.jlink jdk.jsobject jdk.localedata jdk.management jdk.management.agent jdk.management.jfr jdk.naming.dns jdk.naming.rmi jdk.net jdk.sctp jdk.security.auth jdk.security.jgss jdk.unsupported jdk.unsupported.desktop jdk.xml.dom" 
IMPLEMENTOR="JetBrains s.r.o." 
JAVA_RUNTIME_VERSION="21.0.9+-14787801-b1163.94" 
LIBC="default" 
OS_ARCH="x86_64" 
OS_NAME="Windows" 
SOURCE=".:git:0c757ddc9f2f" 

Environment Variables:
PATH=C:\Program Files\Microsoft MPI\Bin\;C:\Program Files\Common Files\Oracle\Java\javapath;C:\Program Files (x86)\Common Files\Oracle\Java\java8path;C:\Program Files (x86)\Common Files\Oracle\Java\javapath;C:\WINDOWS\system32;C:\WINDOWS;C:\WINDOWS\System32\Wbem;C:\WINDOWS\System32\WindowsPowerShell\v1.0\;C:\WINDOWS\System32\OpenSSH\;C:\Program Files (x86)\Microsoft SQL Server\170\Tools\Binn\;C:\Program Files\Microsoft SQL Server\170\Tools\Binn\;C:\Program Files\Microsoft SQL Server\Client SDK\ODBC\180\Tools\Binn\;C:\Program Files\Microsoft SQL Server\170\DTS\Binn\;C:\Program Files\nodejs\;C:\Program Files\Git\cmd;C:\Users\Administrador\AppData\Local\Programs\Python\Python313\Scripts\;C:\Users\Administrador\AppData\Local\Programs\Python\Python313\;C:\Users\Administrador\AppData\Local\Microsoft\WindowsApps;C:\Users\Administrador\AppData\Local\Programs\Microsoft VS Code\bin;C:\Users\Administrador\AppData\Local\Python\bin;C:\Users\Administrador\AppData\Roaming\npm;C:\Users\Administrador\.lmstudio\bin
USERNAME=Administrador
OS=Windows_NT
PROCESSOR_IDENTIFIER=Intel64 Family 6 Model 126 Stepping 5, GenuineIntel
TMP=C:\Users\ADMINI~1\AppData\Local\Temp
TEMP=C:\Users\ADMINI~1\AppData\Local\Temp




Periodic native trim disabled

JNI global refs:
JNI global refs: 27, weak refs: 2

JNI global refs memory usage: 835, weak refs: 833

Process memory usage:
Resident Set Size: 509684K (4% of 12373236K total physical memory with 120204K free physical memory)

OOME stack traces (most recent first):
Classloader memory used:
Loader org.gradle.internal.classloader.VisitableURLClassLoader                         : 43838K
Loader org.gradle.internal.classloader.VisitableURLClassLoader$InstrumentingVisitableURLClassLoader: 31909K
Loader bootstrap                                                                       : 28730K
Loader org.gradle.initialization.MixInLegacyTypesClassLoader                           : 13197K
Loader jdk.internal.reflect.DelegatingClassLoader                                      : 350K
Loader jdk.internal.loader.ClassLoaders$AppClassLoader                                 : 232K
Loader org.gradle.internal.classloader.VisitableURLClassLoader                         : 212K
Loader jdk.internal.loader.ClassLoaders$PlatformClassLoader                            : 180K
Loader org.gradle.groovy.scripts.internal.DefaultScriptCompilationHandler$ScriptClassLoader: 128K

Classes loaded by more than one classloader:
Class Program                                                                         : loaded 5 times (x 72B)
Class Build_gradle                                                                    : loaded 3 times (x 126B)
Class com.google.common.collect.RegularImmutableMap$KeySet                            : loaded 2 times (x 152B)
Class org.gradle.internal.classloader.FilteringClassLoader                            : loaded 2 times (x 105B)
Class com.google.common.base.CharMatcher$IsEither                                     : loaded 2 times (x 111B)
Class org.gradle.internal.classloader.ClassLoaderHierarchy                            : loaded 2 times (x 70B)
Class com.google.common.collect.ImmutableEnumSet                                      : loaded 2 times (x 146B)
Class com.google.common.util.concurrent.ExecutionError                                : loaded 2 times (x 82B)
Class com.google.common.collect.ImmutableList$1                                       : loaded 2 times (x 97B)
Class org.gradle.api.internal.classpath.ManifestUtil                                  : loaded 2 times (x 71B)
Class com.google.common.collect.RegularImmutableMap                                   : loaded 2 times (x 121B)
Class com.google.common.collect.ImmutableMap$MapViewOfValuesAsSingletonSets           : loaded 2 times (x 126B)
Class [Lorg.objectweb.asm.Symbol;                                                     : loaded 2 times (x 69B)
Class org.objectweb.asm.ClassVisitor                                                  : loaded 2 times (x 88B)
Class com.google.common.collect.UnmodifiableListIterator                              : loaded 2 times (x 95B)
Class com.google.common.base.Platform$JdkPatternCompiler                              : loaded 2 times (x 75B)
Class org.objectweb.asm.MethodTooLargeException                                       : loaded 2 times (x 83B)
Class [Lcom.google.common.cache.CacheBuilder$OneWeigher;                              : loaded 2 times (x 69B)
Class com.google.common.base.Suppliers                                                : loaded 2 times (x 71B)
Class org.gradle.internal.classloader.DefaultClassLoaderFactory                       : loaded 2 times (x 82B)
Class org.gradle.internal.classloader.ClassLoaderVisitor                              : loaded 2 times (x 76B)
Class [Lcom.google.common.collect.ImmutableMapEntry;                                  : loaded 2 times (x 69B)
Class org.gradle.api.internal.classpath.EffectiveClassPath                            : loaded 2 times (x 90B)
Class com.google.common.collect.ListMultimap                                          : loaded 2 times (x 70B)
Class com.google.common.collect.ImmutableEnumMap                                      : loaded 2 times (x 126B)
Class com.google.common.collect.Sets$1                                                : loaded 2 times (x 139B)
Class org.objectweb.asm.AnnotationVisitor                                             : loaded 2 times (x 78B)
Class org.gradle.api.internal.DefaultClassPathProvider                                : loaded 2 times (x 76B)
Class com.google.common.collect.Sets$2                                                : loaded 2 times (x 139B)
Class [Lorg.gradle.api.internal.ClassPathProvider;                                    : loaded 2 times (x 69B)
Class org.gradle.api.internal.ClassPathProvider                                       : loaded 2 times (x 70B)
Class [Lorg.objectweb.asm.AnnotationVisitor;                                          : loaded 2 times (x 69B)
Class com.google.common.collect.Sets$3                                                : loaded 2 times (x 139B)
Class com.google.common.cache.LocalCache$LocalLoadingCache                            : loaded 2 times (x 134B)
Class org.gradle.internal.service.UnknownServiceException                             : loaded 2 times (x 83B)
Class com.google.common.collect.Sets$4                                                : loaded 2 times (x 139B)
Class org.objectweb.asm.ModuleVisitor                                                 : loaded 2 times (x 81B)
Class com.google.common.cache.LocalCache$Strength$1                                   : loaded 2 times (x 81B)
Class com.google.common.util.concurrent.SettableFuture                                : loaded 2 times (x 114B)
Class com.google.common.cache.LocalCache$Strength$2                                   : loaded 2 times (x 81B)
Class com.google.common.cache.LocalCache$Strength$3                                   : loaded 2 times (x 81B)
Class com.google.common.collect.MapDifference                                         : loaded 2 times (x 70B)
Class org.objectweb.asm.FieldWriter                                                   : loaded 2 times (x 78B)
Class com.google.common.cache.CacheBuilder$NullListener                               : loaded 2 times (x 82B)
Class org.gradle.internal.classpath.TransformedClassPath                              : loaded 2 times (x 96B)
Class org.gradle.internal.classloader.InstrumentingClassLoader                        : loaded 2 times (x 70B)
Class com.google.common.cache.CacheLoader$FunctionToCacheLoader                       : loaded 2 times (x 75B)
Class com.google.common.collect.Iterators$ArrayItr                                    : loaded 2 times (x 97B)
Class com.google.common.collect.ImmutableCollection$Builder                           : loaded 2 times (x 76B)
Class com.google.common.base.Joiner                                                   : loaded 2 times (x 79B)
Class com.google.common.base.MoreObjects                                              : loaded 2 times (x 71B)
Class com.google.common.collect.Platform                                              : loaded 2 times (x 71B)
Class com.google.common.base.Equivalence$Identity                                     : loaded 2 times (x 82B)
Class com.google.common.collect.UnmodifiableIterator                                  : loaded 2 times (x 80B)
Class org.gradle.internal.service.ServiceLocator                                      : loaded 2 times (x 70B)
Class com.google.common.base.Ascii                                                    : loaded 2 times (x 71B)
Class com.google.common.collect.SingletonImmutableBiMap                               : loaded 2 times (x 143B)
Class com.google.common.cache.LocalCache$1                                            : loaded 2 times (x 89B)
Class com.google.common.collect.Iterators$SingletonIterator                           : loaded 2 times (x 81B)
Class com.google.common.collect.AbstractMapEntry                                      : loaded 2 times (x 81B)
Class com.google.common.collect.Sets$ImprovedAbstractSet                              : loaded 2 times (x 135B)
Class com.google.common.collect.ImmutableList$Builder                                 : loaded 2 times (x 77B)
Class com.google.common.collect.AbstractMultimap                                      : loaded 2 times (x 123B)
Class com.google.common.cache.LocalCache$2                                            : loaded 2 times (x 142B)
Class com.google.common.collect.RegularImmutableAsList                                : loaded 2 times (x 217B)
Class com.google.common.util.concurrent.AbstractFuture$Trusted                        : loaded 2 times (x 70B)
Class com.google.common.collect.Iterators                                             : loaded 2 times (x 71B)
Class com.google.common.collect.Lists$StringAsImmutableList                           : loaded 2 times (x 207B)
Class com.google.common.util.concurrent.UncheckedExecutionException                   : loaded 2 times (x 82B)
Class org.gradle.kotlin.dsl.VersionCatalogAccessorsKt                                 : loaded 2 times (x 71B)
Class com.google.common.collect.AbstractMapBasedMultimap$KeySet$1                     : loaded 2 times (x 82B)
Class org.objectweb.asm.ClassWriter                                                   : loaded 2 times (x 106B)
Class com.google.common.base.CharMatcher$And                                          : loaded 2 times (x 112B)
Class com.google.common.cache.CacheLoader$UnsupportedLoadingOperationException        : loaded 2 times (x 82B)
Class org.gradle.internal.classloader.ClasspathUtil$1                                 : loaded 2 times (x 76B)
Class com.google.common.base.Objects                                                  : loaded 2 times (x 71B)
Class org.objectweb.asm.FieldVisitor                                                  : loaded 2 times (x 77B)
Class com.google.common.collect.IndexedImmutableSet                                   : loaded 2 times (x 152B)
Class com.google.common.collect.ImmutableMap$1                                        : loaded 2 times (x 81B)
Class com.google.common.collect.BiMap                                                 : loaded 2 times (x 70B)
Class org.gradle.api.internal.classpath.DefaultModuleRegistry$DefaultModule           : loaded 2 times (x 86B)
Class com.google.common.primitives.Ints                                               : loaded 2 times (x 71B)
Class com.google.common.collect.AbstractIterator                                      : loaded 2 times (x 82B)
Class com.google.common.collect.ObjectArrays                                          : loaded 2 times (x 71B)
Class com.google.common.math.MathPreconditions                                        : loaded 2 times (x 71B)
Class com.google.common.collect.Multiset                                              : loaded 2 times (x 70B)
Class com.google.common.collect.ArrayListMultimapGwtSerializationDependencies         : loaded 2 times (x 172B)
Class com.google.common.collect.AbstractIndexedListIterator                           : loaded 2 times (x 96B)
Class com.google.common.collect.ImmutableMapEntrySet                                  : loaded 2 times (x 152B)
Class org.gradle.api.internal.classpath.Module                                        : loaded 2 times (x 70B)
Class com.google.common.cache.Weigher                                                 : loaded 2 times (x 70B)
Class org.gradle.api.internal.classpath.UnknownModuleException                        : loaded 2 times (x 82B)
Class com.google.common.base.Stopwatch                                                : loaded 2 times (x 72B)
Class com.google.common.cache.LocalCache$Strength                                     : loaded 2 times (x 81B)
Class com.google.common.cache.Cache                                                   : loaded 2 times (x 70B)
Class com.google.common.util.concurrent.AbstractFuture$Cancellation                   : loaded 2 times (x 72B)
Class com.google.common.collect.ImmutableMap$Builder                                  : loaded 2 times (x 82B)
Class com.google.common.cache.RemovalListener                                         : loaded 2 times (x 70B)
Class org.gradle.api.internal.DefaultClassPathRegistry                                : loaded 2 times (x 76B)
Class com.google.common.primitives.IntsMethodsForWeb                                  : loaded 2 times (x 71B)
Class com.google.common.collect.Multimap                                              : loaded 2 times (x 70B)
Class org.gradle.api.internal.ClassPathRegistry                                       : loaded 2 times (x 70B)
Class org.gradle.internal.classpath.DefaultClassPath$ImmutableUniqueList              : loaded 2 times (x 199B)
Class com.google.common.base.ExtraObjectsMethodsForWeb                                : loaded 2 times (x 71B)
Class [Lorg.objectweb.asm.Type;                                                       : loaded 2 times (x 69B)
Class com.google.common.cache.CacheBuilder                                            : loaded 2 times (x 72B)
Class com.google.common.collect.SingletonImmutableList                                : loaded 2 times (x 207B)
Class Settings_gradle$1                                                               : loaded 2 times (x 74B)
Class org.gradle.internal.classpath.ClassPath                                         : loaded 2 times (x 70B)
Class com.google.common.base.JdkPattern                                               : loaded 2 times (x 75B)
Class com.google.common.collect.ImmutableList$ReverseImmutableList                    : loaded 2 times (x 209B)
Class org.objectweb.asm.SymbolTable$Entry                                             : loaded 2 times (x 74B)
Class org.objectweb.asm.Edge                                                          : loaded 2 times (x 72B)
Class com.google.common.base.Suppliers$SupplierOfInstance                             : loaded 2 times (x 79B)
Class com.google.common.collect.Iterators$1                                           : loaded 2 times (x 81B)
Class com.google.common.cache.LocalCache$ComputingValueReference                      : loaded 2 times (x 96B)
Class com.google.common.collect.SingletonImmutableSet                                 : loaded 2 times (x 146B)
Class com.google.common.collect.ImmutableMap$IteratorBasedImmutableMap                : loaded 2 times (x 126B)
Class com.google.common.cache.LocalCache$Segment                                      : loaded 2 times (x 154B)
Class com.google.common.collect.AbstractListMultimap                                  : loaded 2 times (x 172B)
Class [Lorg.objectweb.asm.SymbolTable$Entry;                                          : loaded 2 times (x 69B)
Class com.google.common.cache.CacheLoader                                             : loaded 2 times (x 74B)
Class com.google.common.collect.Iterators$4                                           : loaded 2 times (x 82B)
Class com.google.common.collect.ImmutableBiMap                                        : loaded 2 times (x 143B)
Class org.gradle.api.internal.classpath.ModuleRegistry                                : loaded 2 times (x 70B)
Class org.gradle.internal.installation.GradleInstallation$1                           : loaded 2 times (x 75B)
Class com.google.common.collect.ImmutableSet$JdkBackedSetBuilderImpl                  : loaded 2 times (x 76B)
Class com.google.common.util.concurrent.internal.InternalFutureFailureAccess          : loaded 2 times (x 72B)
Class com.google.common.collect.Iterators$5                                           : loaded 2 times (x 82B)
Class com.google.common.base.CharMatcher$ForPredicate                                 : loaded 2 times (x 112B)
Class com.google.common.cache.LocalCache$LocalManualCache$1                           : loaded 2 times (x 75B)
Class com.google.common.base.CharMatcher$AnyOf                                        : loaded 2 times (x 112B)
Class com.google.common.collect.ImmutableCollection                                   : loaded 2 times (x 125B)
Class org.gradle.api.internal.classpath.DefaultModuleRegistry                         : loaded 2 times (x 86B)
Class com.google.common.collect.Lists                                                 : loaded 2 times (x 71B)
Class com.google.common.util.concurrent.ListenableFuture                              : loaded 2 times (x 70B)
Class com.google.common.cache.ReferenceEntry                                          : loaded 2 times (x 70B)
Class com.google.common.base.Converter                                                : loaded 2 times (x 90B)
Class com.google.common.collect.ImmutableSet$CachingAsList                            : loaded 2 times (x 148B)
Class com.google.common.collect.AbstractMapBasedMultimap                              : loaded 2 times (x 139B)
Class com.google.common.util.concurrent.AbstractFuture                                : loaded 2 times (x 106B)
Class com.google.common.base.FunctionalEquivalence                                    : loaded 2 times (x 83B)
Class com.google.common.collect.Iterators$9                                           : loaded 2 times (x 81B)
Class com.google.common.collect.ImmutableAsList                                       : loaded 2 times (x 209B)
Class org.objectweb.asm.RecordComponentVisitor                                        : loaded 2 times (x 77B)
Class com.google.common.cache.CacheLoader$SupplierToCacheLoader                       : loaded 2 times (x 75B)
Class ijKotlinCoroutineJvmDebugInit1_9o2cbrquwz1eqzommbbn5c2ns$_run_closure1$_closure2: loaded 2 times (x 139B)
Class org.gradle.internal.service.ServiceLookupException                              : loaded 2 times (x 82B)
Class [Lcom.google.common.cache.LocalCache$EntryFactory;                              : loaded 2 times (x 69B)
Class ijJvmDebugger1_4a8v1as7prq4n9me1cnv7qcn4$_run_closure1$_closure2                : loaded 2 times (x 140B)
Class org.gradle.internal.classloader.ClassLoaderFactory                              : loaded 2 times (x 70B)
Class com.google.common.base.CommonPattern                                            : loaded 2 times (x 74B)
Class com.google.common.base.CharMatcher$IsNot                                        : loaded 2 times (x 111B)
Class com.google.common.cache.LocalCache$LocalManualCache                             : loaded 2 times (x 99B)
Class org.gradle.internal.service.CachingServiceLocator                               : loaded 2 times (x 82B)
Class com.google.common.collect.AbstractMapBasedMultimap$KeySet                       : loaded 2 times (x 137B)
Class com.google.common.math.IntMath                                                  : loaded 2 times (x 71B)
Class com.google.common.collect.ImmutableMapEntry                                     : loaded 2 times (x 85B)
Class com.google.common.base.Equivalence                                              : loaded 2 times (x 82B)
Class com.google.common.base.Function                                                 : loaded 2 times (x 70B)
Class com.google.common.collect.ImmutableMapEntry$NonTerminalImmutableMapEntry        : loaded 2 times (x 85B)
Class com.google.common.collect.IndexedImmutableSet$1                                 : loaded 2 times (x 213B)
Class com.google.common.cache.CacheBuilder$OneWeigher                                 : loaded 2 times (x 82B)
Class com.google.common.collect.RegularImmutableList                                  : loaded 2 times (x 213B)
Class ijJvmDebugger1_4a8v1as7prq4n9me1cnv7qcn4$_run_closure1                          : loaded 2 times (x 139B)
Class org.gradle.internal.classloader.ClasspathUtil                                   : loaded 2 times (x 71B)
Class com.google.common.util.concurrent.Uninterruptibles                              : loaded 2 times (x 71B)
Class com.google.common.util.concurrent.LazyLogger                                    : loaded 2 times (x 72B)
Class com.google.common.collect.Maps                                                  : loaded 2 times (x 71B)
Class org.gradle.api.specs.Spec                                                       : loaded 2 times (x 70B)
Class [Lcom.google.common.collect.ImmutableEntry;                                     : loaded 2 times (x 69B)
Class com.google.common.cache.LocalCache$LoadingValueReference                        : loaded 2 times (x 96B)
Class com.google.common.base.Platform                                                 : loaded 2 times (x 71B)
Class [Lorg.objectweb.asm.AnnotationWriter;                                           : loaded 2 times (x 69B)
Class com.google.common.collect.Maps$8                                                : loaded 2 times (x 82B)
Class com.google.common.collect.Sets$SetView                                          : loaded 2 times (x 138B)
Class com.google.common.cache.LocalCache$StrongValueReference                         : loaded 2 times (x 90B)
Class org.objectweb.asm.Type                                                          : loaded 2 times (x 72B)
Class org.gradle.internal.classloader.VisitableURLClassLoader$InstrumentingVisitableURLClassLoader: loaded 2 times (x 123B)
Class com.google.common.math.IntMath$1                                                : loaded 2 times (x 71B)
Class org.objectweb.asm.ByteVector                                                    : loaded 2 times (x 79B)
Class [Lcom.google.common.cache.CacheBuilder$NullListener;                            : loaded 2 times (x 69B)
Class org.gradle.internal.classloader.VisitableURLClassLoader$Spec                    : loaded 2 times (x 74B)
Class org.gradle.internal.classpath.DefaultClassPath                                  : loaded 2 times (x 90B)
Class org.objectweb.asm.Symbol                                                        : loaded 2 times (x 73B)
Class com.google.common.base.CharMatcher$BitSetMatcher                                : loaded 2 times (x 112B)
Class com.google.common.collect.RegularImmutableMap$Values                            : loaded 2 times (x 207B)
Class com.google.common.collect.ImmutableSet                                          : loaded 2 times (x 145B)
Class org.gradle.internal.classloader.ClassLoaderSpec                                 : loaded 2 times (x 71B)
Class org.objectweb.asm.AnnotationWriter                                              : loaded 2 times (x 79B)
Class com.google.common.cache.CacheStats                                              : loaded 2 times (x 71B)
Class org.objectweb.asm.RecordComponentWriter                                         : loaded 2 times (x 78B)
Class com.google.common.util.concurrent.AbstractFuture$Listener                       : loaded 2 times (x 72B)
Class com.google.common.base.CharMatcher$Or                                           : loaded 2 times (x 112B)
Class Settings_gradle$1$1                                                             : loaded 2 times (x 74B)
Class org.objectweb.asm.Attribute                                                     : loaded 2 times (x 77B)
Class com.google.common.base.Supplier                                                 : loaded 2 times (x 70B)
Class ijKotlinCoroutineJvmDebugInit1_9o2cbrquwz1eqzommbbn5c2ns$_run_closure1          : loaded 2 times (x 139B)
Class org.gradle.internal.classloader.VisitableURLClassLoader                         : loaded 2 times (x 117B)
Class Settings_gradle                                                                 : loaded 2 times (x 124B)
Class org.gradle.internal.Cast                                                        : loaded 2 times (x 71B)
Class org.gradle.api.Action                                                           : loaded 2 times (x 70B)
Class com.google.common.base.Strings                                                  : loaded 2 times (x 71B)
Class com.google.common.collect.Sets                                                  : loaded 2 times (x 71B)
Class org.objectweb.asm.Handler                                                       : loaded 2 times (x 72B)
Class com.google.common.base.CharMatcher$FastMatcher                                  : loaded 2 times (x 111B)
Class com.google.common.base.Ticker                                                   : loaded 2 times (x 72B)
Class [Lcom.google.common.cache.LocalCache$Segment;                                   : loaded 2 times (x 69B)
Class com.google.common.base.Predicate                                                : loaded 2 times (x 70B)
Class [Lcom.google.common.cache.LocalCache$Strength;                                  : loaded 2 times (x 69B)
Class com.google.common.cache.CacheBuilder$1                                          : loaded 2 times (x 85B)
Class com.google.common.collect.ImmutableMap                                          : loaded 2 times (x 120B)
Class org.gradle.internal.classpath.DefaultClassPath$ImmutableUniqueList$Builder      : loaded 2 times (x 75B)
Class com.google.common.base.CharMatcher$NegatedFastMatcher                           : loaded 2 times (x 113B)
Class com.google.common.cache.LocalCache                                              : loaded 2 times (x 187B)
Class com.google.common.cache.CacheBuilder$2                                          : loaded 2 times (x 79B)
Class com.google.common.collect.ArrayListMultimap                                     : loaded 2 times (x 172B)
Class com.google.common.cache.CacheBuilder$3                                          : loaded 2 times (x 72B)
Class [Lcom.google.common.collect.AbstractMapEntry;                                   : loaded 2 times (x 69B)
Class com.google.common.collect.ImmutableEntry                                        : loaded 2 times (x 82B)
Class org.gradle.api.GradleException                                                  : loaded 2 times (x 82B)
Class com.google.common.collect.CollectPreconditions                                  : loaded 2 times (x 71B)
Class com.google.common.collect.SortedMapDifference                                   : loaded 2 times (x 70B)
Class com.google.common.cache.LocalCache$EntryFactory                                 : loaded 2 times (x 83B)
Class com.google.common.cache.LocalCache$AbstractReferenceEntry                       : loaded 2 times (x 107B)
Class ijJvmDebugger1_4a8v1as7prq4n9me1cnv7qcn4                                        : loaded 2 times (x 171B)
Class org.gradle.internal.IoActions                                                   : loaded 2 times (x 71B)
Class org.objectweb.asm.SymbolTable                                                   : loaded 2 times (x 72B)
Class com.google.common.cache.CacheLoader$InvalidCacheLoadException                   : loaded 2 times (x 82B)
Class com.google.common.collect.ImmutableSet$RegularSetBuilderImpl                    : loaded 2 times (x 77B)
Class org.gradle.internal.classloader.SystemClassLoaderSpec                           : loaded 2 times (x 71B)
Class com.google.common.cache.LocalCache$StrongEntry                                  : loaded 2 times (x 108B)
Class com.google.common.util.concurrent.AbstractFuture$TrustedFuture                  : loaded 2 times (x 114B)
Class com.google.common.cache.LoadingCache                                            : loaded 2 times (x 70B)
Class org.objectweb.asm.MethodWriter                                                  : loaded 2 times (x 106B)
Class [Lcom.google.common.cache.Weigher;                                              : loaded 2 times (x 69B)
Class com.google.common.collect.RegularImmutableMap$BucketOverflowException           : loaded 2 times (x 82B)
Class com.google.common.collect.RegularImmutableBiMap                                 : loaded 2 times (x 149B)
Class com.google.common.base.CharMatcher$Negated                                      : loaded 2 times (x 113B)
Class com.google.common.base.CharMatcher$Is                                           : loaded 2 times (x 111B)
Class com.google.common.cache.LocalCache$ValueReference                               : loaded 2 times (x 70B)
Class com.google.common.base.PatternCompiler                                          : loaded 2 times (x 70B)
Class com.google.common.util.concurrent.AbstractFuture$Failure                        : loaded 2 times (x 72B)
Class com.google.common.base.Equivalence$Equals                                       : loaded 2 times (x 82B)
Class com.google.common.collect.Hashing                                               : loaded 2 times (x 71B)
Class com.google.common.base.Preconditions                                            : loaded 2 times (x 71B)
Class com.google.common.base.Joiner$1                                                 : loaded 2 times (x 80B)
Class org.objectweb.asm.Label                                                         : loaded 2 times (x 73B)
Class org.objectweb.asm.CurrentFrame                                                  : loaded 2 times (x 73B)
Class org.objectweb.asm.ClassTooLargeException                                        : loaded 2 times (x 83B)
Class com.google.common.base.CharMatcher                                              : loaded 2 times (x 111B)
Class com.google.common.collect.PeekingIterator                                       : loaded 2 times (x 70B)
Class com.google.common.collect.Maps$IteratorBasedAbstractMap                         : loaded 2 times (x 125B)
Class com.google.common.base.Joiner$2                                                 : loaded 2 times (x 79B)
Class org.objectweb.asm.Frame                                                         : loaded 2 times (x 73B)
Class org.objectweb.asm.MethodVisitor                                                 : loaded 2 times (x 105B)
Class com.google.common.base.CharMatcher$1                                            : loaded 2 times (x 113B)
Class com.google.common.base.CharMatcher$NamedFastMatcher                             : loaded 2 times (x 112B)
Class com.google.common.cache.LocalCache$EntryFactory$1                               : loaded 2 times (x 83B)
Class [Lcom.google.common.cache.RemovalListener;                                      : loaded 2 times (x 69B)
Class com.google.common.cache.LocalCache$EntryFactory$2                               : loaded 2 times (x 83B)
Class org.gradle.api.internal.classpath.GlobalCacheRootsProvider                      : loaded 2 times (x 70B)
Class org.objectweb.asm.ModuleWriter                                                  : loaded 2 times (x 82B)
Class com.google.common.cache.LocalCache$EntryFactory$3                               : loaded 2 times (x 83B)
Class com.google.common.base.Ticker$1                                                 : loaded 2 times (x 72B)
Class com.google.common.collect.Maps$BiMapConverter                                   : loaded 2 times (x 90B)
Class com.google.common.collect.ImmutableMapEntrySet$RegularEntrySet                  : loaded 2 times (x 152B)
Class com.google.common.collect.ImmutableSet$Builder                                  : loaded 2 times (x 85B)
Class com.google.common.base.CharMatcher$InRange                                      : loaded 2 times (x 111B)
Class com.google.common.cache.LocalCache$EntryFactory$4                               : loaded 2 times (x 83B)
Class com.google.common.cache.LocalCache$EntryFactory$5                               : loaded 2 times (x 83B)
Class com.google.common.base.PairwiseEquivalence                                      : loaded 2 times (x 83B)
Class com.google.common.cache.LocalCache$EntryFactory$6                               : loaded 2 times (x 83B)
Class org.gradle.internal.installation.CurrentGradleInstallationLocator               : loaded 2 times (x 71B)
Class com.google.common.collect.Maps$KeySet                                           : loaded 2 times (x 137B)
Class com.google.common.collect.ImmutableSet$EmptySetBuilderImpl                      : loaded 2 times (x 76B)
Class com.google.common.cache.LocalCache$EntryFactory$7                               : loaded 2 times (x 83B)
Class com.google.common.collect.ImmutableList                                         : loaded 2 times (x 206B)
Class ijKotlinCoroutineJvmDebugInit1_9o2cbrquwz1eqzommbbn5c2ns                        : loaded 2 times (x 171B)
Class org.gradle.internal.service.DefaultServiceLocator                               : loaded 2 times (x 83B)
Class com.google.common.cache.LocalCache$EntryFactory$8                               : loaded 2 times (x 83B)
Class com.google.common.collect.ImmutableSet$SetBuilderImpl                           : loaded 2 times (x 76B)
Class org.gradle.internal.installation.CurrentGradleInstallation                      : loaded 2 times (x 73B)
Class com.google.common.cache.CacheLoader$1                                           : loaded 2 times (x 75B)
Class com.google.common.collect.ForwardingObject                                      : loaded 2 times (x 72B)
Class com.google.common.collect.ImmutableList$SubList                                 : loaded 2 times (x 209B)
Class org.gradle.util.internal.GUtil                                                  : loaded 2 times (x 71B)
Class com.google.common.cache.AbstractCache$StatsCounter                              : loaded 2 times (x 70B)
Class com.google.common.collect.Iterators$MergingIterator                             : loaded 2 times (x 81B)
Class com.google.common.collect.RegularImmutableSet                                   : loaded 2 times (x 149B)
Class org.gradle.internal.installation.GradleInstallation                             : loaded 2 times (x 75B)
Class com.google.common.collect.Iterables                                             : loaded 2 times (x 71B)

---------------  S Y S T E M  ---------------

OS:
 Windows 10 , 64 bit Build 19041 (10.0.19041.7291)
OS uptime: 2 days 0:06 hours
Hyper-V role detected

CPU: total 4 (initial active 4) (4 cores per cpu, 2 threads per core) family 6 model 126 stepping 5 microcode 0xa6, cx8, cmov, fxsr, ht, mmx, 3dnowpref, sse, sse2, sse3, ssse3, sse4.1, sse4.2, popcnt, lzcnt, tsc, tscinvbit, avx, avx2, aes, erms, clmul, bmi1, bmi2, adx, avx512f, avx512dq, avx512cd, avx512bw, avx512vl, sha, fma, vzeroupper, avx512_vpopcntdq, avx512_vpclmulqdq, avx512_vaes, avx512_vnni, clflush, clflushopt, avx512_vbmi2, avx512_vbmi, hv, rdtscp, rdpid, fsrm, gfni, avx512_bitalg, f16c, avx512_ifma
Processor Information for the first 4 processors :
  Max Mhz: 1190, Current Mhz: 991, Mhz Limit: 987

Memory: 4k page, system-wide physical 12083M (105M free)
TotalPageFile size 48947M (AvailPageFile size 69M)
current process WorkingSet (physical memory assigned to process): 498M, peak: 507M
current process commit charge ("private bytes"): 537M, peak: 734M

vm_info: OpenJDK 64-Bit Server VM (21.0.9+-14787801-b1163.94) for windows-amd64 JRE (21.0.9+-14787801-b1163.94), built on 2026-01-27T21:15:44Z by "builder" with MS VC++ 16.10 / 16.11 (VS2019)

END.
